cube_F9_t0.hsb3	cap=1800	UNKNOWN	1801s
cube_F9_t0.implied	cap=1800	UNKNOWN	1801s
cube_F9_t0.dlex	cap=1800	UNKNOWN	1801s
cube_F9_t0.hsb2	cap=1800	UNKNOWN	1801s
cube_F9_t0.hsb1	cap=1800	UNKNOWN	1801s
cube_F9_t0.combo	cap=1800	UNKNOWN	1801s
cube_F9_t0.hsb3L.cnf.leaf002	cap=600	UNSAT	0s	2893conf
cube_F9_t0.hsb3L.cnf.leaf003	cap=600	UNSAT	0s	3915conf
cube_F9_t0.hsb3L.cnf.leaf001	cap=600	UNSAT	0s	4628conf
cube_F9_t0.hsb3L.cnf.leaf000	cap=600	UNSAT	1s	6727conf
cube_F9_t0.hsb3L.cnf.leaf004	cap=600	UNSAT	3s	35934conf
cube_F9_t0.hsb3L.cnf.leaf009	cap=600	UNSAT	6s	71528conf
cube_F9_t0.hsb3L.cnf.leaf007	cap=600	UNSAT	50s	584045conf
cube_F9_t0.hsb3L.cnf.leaf006	cap=600	UNSAT	78s	901336conf
cube_F9_t0.hsb3L.cnf.leaf011	cap=600	UNSAT	98s	1139990conf
cube_F9_t0.hsb3L.cnf.leaf008	cap=600	UNSAT	121s	1200632conf
cube_F9_t0.hsb3L.cnf.leaf010	cap=600	UNSAT	138s	1532382conf
cube_F9_t0.hsb3L.cnf.leaf005	cap=600	UNSAT	145s	1668049conf
cube_F9_t0.hsb3P5.cnf.leaf000	cap=300	UNSAT	0s	85conf
cube_F9_t0.hsb3P5.cnf.leaf003	cap=300	UNSAT	0s	137conf
cube_F9_t0.hsb3P5.cnf.leaf001	cap=300	UNSAT	0s	157conf
cube_F9_t0.hsb3P5.cnf.leaf004	cap=300	UNSAT	0s	373conf
cube_F9_t0.hsb3P5.cnf.leaf002	cap=300	UNSAT	0s	816conf
cube_F9_t0.hsb3P5.cnf.leaf007	cap=300	UNSAT	0s	85conf
cube_F9_t0.hsb3P5.cnf.leaf006	cap=300	UNSAT	0s	105conf
cube_F9_t0.hsb3P5.cnf.leaf008	cap=300	UNSAT	0s	104conf
cube_F9_t0.hsb3P5.cnf.leaf010	cap=300	UNSAT	0s	144conf
cube_F9_t0.hsb3P5.cnf.leaf009	cap=300	UNSAT	0s	848conf
cube_F9_t0.hsb3P5.cnf.leaf011	cap=300	UNSAT	1s	137conf
cube_F9_t0.hsb3P5.cnf.leaf012	cap=300	UNSAT	1s	244conf
cube_F9_t0.hsb3P5.cnf.leaf014	cap=300	UNSAT	1s	111conf
cube_F9_t0.hsb3P5.cnf.leaf015	cap=300	UNSAT	1s	196conf
cube_F9_t0.hsb3P5.cnf.leaf017	cap=300	UNSAT	0s	219conf
cube_F9_t0.hsb3P5.cnf.leaf016	cap=300	UNSAT	0s	759conf
cube_F9_t0.hsb3P5.cnf.leaf013	cap=300	UNSAT	1s	4923conf
cube_F9_t0.hsb3P5.cnf.leaf005	cap=300	UNSAT	2s	30441conf
cube_F9_t0.hsb3P7.cnf.leaf006	cap=300	UNSAT	1s	114conf
cube_F9_t0.hsb3P7.cnf.leaf008	cap=300	UNSAT	1s	206conf
cube_F9_t0.hsb3P7.cnf.leaf009	cap=300	UNSAT	1s	302conf
cube_F9_t0.hsb3P7.cnf.leaf002	cap=300	UNSAT	1s	322conf
cube_F9_t0.hsb3P7.cnf.leaf007	cap=300	UNSAT	1s	1144conf
cube_F9_t0.hsb3P7.cnf.leaf011	cap=300	UNSAT	1s	1240conf
cube_F9_t0.hsb3P7.cnf.leaf015	cap=300	UNSAT	0s	61conf
cube_F9_t0.hsb3P7.cnf.leaf013	cap=300	UNSAT	0s	194conf
cube_F9_t0.hsb3P7.cnf.leaf016	cap=300	UNSAT	0s	677conf
cube_F9_t0.hsb3cap.cnf.leaf003	cap=600	UNSAT	1s	2486conf
cube_F9_t0.hsb3cap.cnf.leaf002	cap=600	UNSAT	1s	3445conf
cube_F9_t0.hsb3cap.cnf.leaf000	cap=600	UNSAT	1s	3899conf
cube_F9_t0.hsb3cap.cnf.leaf001	cap=600	UNSAT	1s	4906conf
cube_F9_t0.hsb3cap.cnf.leaf004	cap=600	UNSAT	4s	36869conf
cube_F9_t0.hsb3cap.cnf.leaf009	cap=600	UNSAT	5s	49999conf
cube_F9_t0.hsb3cap.cnf.leaf007	cap=600	UNSAT	16s	209826conf
cube_F9_t0.hsb3cap.cnf.leaf010	cap=600	UNSAT	44s	551521conf
cube_F9_t0.hsb3cap.cnf.leaf006	cap=600	UNSAT	78s	976906conf
cube_F9_t0.hsb3cap.cnf.leaf011	cap=600	UNSAT	90s	982766conf
cube_F9_t0.hsb3cap.cnf.leaf008	cap=600	UNSAT	116s	1236260conf
cube_F9_t0.hsb3cap.cnf.leaf005	cap=600	UNSAT	188s	2378562conf
cube_F9_t1.hsb3L.cnf.leaf005	cap=900	UNSAT	1s	3623conf
cube_F9_t1.hsb3L.cnf.leaf002	cap=900	UNSAT	1s	3866conf
cube_F9_t1.hsb3L.cnf.leaf001	cap=900	UNSAT	1s	4785conf
cube_F9_t1.hsb3L.cnf.leaf008	cap=900	UNSAT	7s	86312conf
cube_F9_t1.hsb3L.cnf.leaf006	cap=900	UNSAT	14s	175141conf
cube_F9_t1.hsb3L.cnf.leaf009	cap=900	UNSAT	7s	94137conf
cube_F9_t1.hsb3L.cnf.leaf011	cap=900	UNSAT	10s	128973conf
cube_F9_t1.hsb3L.cnf.leaf007	cap=900	UNSAT	26s	276185conf
cube_F9_t1.hsb3L.cnf.leaf003	cap=900	UNSAT	42s	515212conf
cube_F9_t1.hsb3L.cnf.leaf010	cap=900	UNSAT	36s	447146conf
cube_F9_t1.hsb3L.cnf.leaf000	cap=900	UNSAT	307s	2869765conf
cube_F9_t1.hsb3L.cnf.leaf004	cap=900	UNSAT	492s	4988641conf
cube_F8_t0.hsb3L.cnf.leaf000	cap=900	UNSAT	0s	3350conf
cube_F8_t0.hsb3L.cnf.leaf003	cap=900	UNSAT	0s	3077conf
cube_F8_t0.hsb3L.cnf.leaf001	cap=900	UNSAT	0s	4192conf
cube_F8_t0.hsb3L.cnf.leaf002	cap=900	UNSAT	1s	4886conf
cube_F8_t0.hsb3L.cnf.leaf004	cap=900	UNSAT	2s	19504conf
cube_F8_t0.hsb3L.cnf.leaf009	cap=900	UNSAT	3s	42470conf
cube_F8_t0.hsb3L.cnf.leaf006	cap=900	UNSAT	44s	531184conf
cube_F8_t0.hsb3L.cnf.leaf007	cap=900	UNSAT	55s	645235conf
cube_F8_t0.hsb3L.cnf.leaf010	cap=900	UNSAT	67s	794421conf
cube_F8_t0.hsb3L.cnf.leaf011	cap=900	UNSAT	75s	885285conf
cube_F8_t0.hsb3L.cnf.leaf008	cap=900	UNSAT	101s	1057595conf
cube_F8_t0.hsb3L.cnf.leaf005	cap=900	UNSAT	120s	1478855conf
cube_F6_t5.hsb3L.cnf.leaf002	cap=900	UNSAT	0s	930conf
cube_F6_t5.hsb3L.cnf.leaf000	cap=900	UNSAT	0s	1404conf
cube_F6_t5.hsb3L.cnf.leaf003	cap=900	UNSAT	0s	1476conf
cube_F6_t5.hsb3L.cnf.leaf007	cap=900	UNSAT	0s	1555conf
cube_F6_t5.hsb3L.cnf.leaf005	cap=900	UNSAT	0s	7122conf
cube_F6_t5.hsb3L.cnf.leaf001	cap=900	UNSAT	1s	10031conf
cube_F6_t5.hsb3L.cnf.leaf008	cap=900	UNSAT	1s	5347conf
cube_F6_t5.hsb3L.cnf.leaf011	cap=900	UNSAT	0s	1267conf
cube_F6_t5.hsb3L.cnf.leaf009	cap=900	UNSAT	1s	7111conf
cube_F6_t5.hsb3L.cnf.leaf010	cap=900	UNSAT	16s	184415conf
cube_F6_t5.hsb3L.cnf.leaf006	cap=900	UNSAT	134s	1324214conf
cube_F6_t5.hsb3L.cnf.leaf004	cap=900	UNSAT	712s	7128525conf
cube_F7_t14.hsb3L.cnf.leaf001	cap=900	UNSAT	1s	5328conf
cube_F7_t14.hsb3L.cnf.leaf005	cap=900	UNSAT	2s	9074conf
cube_F7_t14.hsb3L.cnf.leaf006	cap=900	UNSAT	7s	73535conf
cube_F7_t14.hsb3L.cnf.leaf008	cap=900	UNSAT	13s	150608conf
cube_F7_t14.hsb3L.cnf.leaf009	cap=900	UNSAT	3s	25280conf
cube_F7_t14.hsb3L.cnf.leaf010	cap=900	UNSAT	4s	41494conf
cube_F7_t14.hsb3L.cnf.leaf002	cap=900	UNSAT	29s	305835conf
cube_F7_t14.hsb3L.cnf.leaf011	cap=900	UNSAT	1s	1641conf
cube_F7_t14.hsb3L.cnf.leaf000	cap=900	UNSAT	71s	752476conf
cube_F7_t14.hsb3L.cnf.leaf007	cap=900	UNSAT	81s	750916conf
cube_F7_t14.hsb3L.cnf.leaf004	cap=900	UNSAT	87s	862143conf
cube_F7_t14.hsb3L.cnf.leaf003	cap=900	UNSAT	157s	1691499conf
