003597af8a184e9f	2	AABB	2
00642d6d5c6ac629	1	ABBB	4
0065921c8faf1109	0	BBBB	0
006a83940561b7bf	1	ABBB	7
009aab0988eb7975	1	ABBB	10
00ba2218819c2347	3	AAAB	4
0101efb9e718e8b5	3	AAAB	6
0119c534ac2e49c1	2	AABB	3
0127922324824df3	2	AABB	13
0128282ab06a0661	2	AABB	14
01d201a3c8f81791	2	AABB	27
0223c8100342cc28	4	AAAA	1
0275a90ecffe7671	1	ABBB	33
02a5d0f587678263	2	AABB	12
02d245ff59891e4c	2	AABB	42
02ec0cc5f50e18e4	1	ABBB	37
033c1d3e7c348135	0	BBBB	7
033f0edc8558de97	2	AABB	16
036e4b1c886dd243	2	AABB	50
038305797ad2029a	1	ABBB	42
03a07cdadfd896c2	3	AAAB	26
03b98a5ed3f7246a	1	ABBB	47
03d8afd5612604d0	3	AAAB	31
04055f435cbc1c2e	2	AABB	20
0420ebf028aa9d6f	3	AAAB	34
0432e4eeb1544b3a	2	AABB	60
0440681e879754ea	2	AABB	62
04a82d59d677a074	3	AAAB	43
04acf555e6d6dbb0	1	ABBB	59
04df606bb844af19	2	AABB	72
04e33b8b008d1fee	0	BBBB	14
050e4d3a9cfa8f3a	1	ABBB	63
05425d6f810b0523	1	ABBB	68
05523267c3bcb83a	2	AABB	75
0564a033fb3ae09e	1	ABBB	70
05900f4994c8ad66	4	AAAA	5
0594b02299a8c029	1	ABBB	74
05cb72e6408409ef	2	AABB	79
05dd8e79156ec278	3	AAAB	59
05e2af8dcce22051	2	AABB	80
05f3a4d572af7e15	2	AABB	30
05fb58825577f99d	2	AABB	81
0618505118203ce6	3	AAAB	61
067fe4bb4329b6d2	2	AABB	33
06d6e9fdaa2bb4b9	3	AAAB	69
0725093ae03f16f6	2	AABB	96
07337171fe784739	4	AAAA	7
0750f3f90876d60e	0	BBBB	23
0753cd9f9708e804	1	ABBB	101
075915e437f29094	2	AABB	98
079bec278da073d7	2	AABB	103
0836e1fa2996ee47	1	ABBB	110
084c29173fab404a	2	AABB	45
087592644efc94cb	3	AAAB	87
087f7ec9906f4d2e	3	AAAB	88
08881b313fa69f2c	1	ABBB	117
08ace6baaed713be	2	AABB	119
08ca12e07da757b8	4	AAAA	9
08de10d1cfafe597	2	AABB	124
08f3ae2782d7748c	1	ABBB	127
0905b5bb2f3eebcf	1	ABBB	128
09894418696ac7d4	2	AABB	52
099be4052c77dab4	2	AABB	132
09a23a36fad47520	1	ABBB	137
09b8ef1a4d78b977	3	AAAB	98
09fcb7723cda4d0c	3	AAAB	104
0a4a415d12b008a1	1	ABBB	145
0a5acff54f93af2e	2	AABB	56
0a841e4f8d157f7d	3	AAAB	108
0acf01a66181c16b	2	AABB	151
0ad0118cbe9fa19e	3	AAAB	114
0ad9dd8cf40067ee	2	AABB	152
0ae7625227a2effe	1	ABBB	156
0af7efba68694f6b	1	ABBB	157
0b2b7e54c36298b3	1	ABBB	160
0b2cdbce85378546	2	AABB	65
0b32c0ad0df9dc5d	3	AAAB	116
0b455043f14871f7	3	AAAB	119
0b92dbf9626160c6	3	AAAB	122
0bb75b1f999bf308	3	AAAB	126
0bb87e3cbed39f14	2	AABB	69
0bbee37fe45d9447	0	BBBB	39
0bd7473b04b7aefd	1	ABBB	165
0beed1cd4f788c58	2	AABB	70
0bff873b525e9d4a	2	AABB	72
0c3dd15c76839335	2	AABB	169
0c88acb45458e82f	2	AABB	73
0c8e11d7857fc041	3	AAAB	131
0cbcd5967689a3d5	1	ABBB	173
0cde4277d35ee8b1	2	AABB	77
0d0be7ac8a4fba3c	2	AABB	175
0d1070c9fb3d52b8	2	AABB	81
0d27d1c53e67aa6c	1	ABBB	176
0d514bea71fe1be0	1	ABBB	180
0d57852fd16e9fc6	2	AABB	85
0d78c128e8635fe8	4	AAAA	13
0d7b6c70c4a216ee	1	ABBB	187
0da907e060124ccb	2	AABB	184
0db404c43c88e287	0	BBBB	44
0df03b5c3e6a8f3b	2	AABB	187
0df386cd80006155	4	AAAA	15
0df527fed1b0ac29	1	ABBB	195
0dfd6e8b91c40c3d	3	AAAB	155
0e16acf9625da49e	1	ABBB	198
0e3883c1055d7f60	3	AAAB	157
0e62d0a823d91fbb	1	ABBB	203
0e6d26822a628ddd	3	AAAB	159
0e90f8cf0012429c	1	ABBB	205
0edb7674d9430baa	3	AAAB	166
0f030a1444ab6ce6	1	ABBB	210
0f2bbaa8bd823d8e	4	AAAA	26
0f38e41a024599a1	2	AABB	95
0f46f805572eee66	0	BBBB	47
0f60c53e650be341	0	BBBB	48
0fdaffc675ff9d4d	2	AABB	213
1023a4069f9b505e	1	ABBB	227
1069d20f657b20c6	3	AAAB	174
107351478f046890	2	AABB	217
10d9196a2e87e162	1	ABBB	238
111a8b30527598ab	4	AAAA	33
112c07799adea61f	1	ABBB	241
114a559d9e1bb112	2	AABB	227
116a4ff3f7e73c42	4	AAAA	34
116d6bd9349d7c77	1	ABBB	246
1172d08c5f2fe995	2	AABB	106
1198c64c289bcd84	2	AABB	230
11dfecd4fdee46a0	2	AABB	109
11eaef932f664d73	1	ABBB	251
11fc301643cb6b2b	1	ABBB	252
1208771f33e598f8	3	AAAB	193
120b58adb0030b3b	0	BBBB	55
123d4bf81a2f9473	2	AABB	234
123e28704e71d6ca	4	AAAA	19
1245eb021836ca64	2	AABB	111
12614d4d4b5c4228	4	AAAA	35
12662a2408a67d37	0	BBBB	57
12b393308882cd98	2	AABB	116
130555942d5199c5	2	AABB	120
135b8cb295746a55	2	AABB	245
136e336a56215c40	0	BBBB	61
13a503e2cfd87e2c	1	ABBB	278
13c9dd852e61abde	2	AABB	251
141cbfd69cac2587	1	ABBB	282
14295427df9bad47	1	ABBB	284
1430bb501b02eb93	3	AAAB	216
14368fa4364a7287	1	ABBB	286
1452f7617e233c15	2	AABB	254
147ac44b46ebb4b3	1	ABBB	289
14c750b4357ebb05	2	AABB	128
15161fae06600c42	3	AAAB	230
15719a1de63df481	0	BBBB	64
158f91b455fc11e3	2	AABB	131
15cbb8087a6bed04	4	AAAA	25
15d45921ec0b9c24	2	AABB	270
15ed144312925e2f	2	AABB	272
15f9dbbdd1bfd6df	1	ABBB	306
163b8151b81aa41c	3	AAAB	239
163bcaf2f19e5e9f	2	AABB	275
166b3d4623100d12	3	AAAB	242
168ea7c10224e4aa	1	ABBB	314
168f9e60b5ca8ac3	3	AAAB	246
16901ad8da65ec11	1	ABBB	315
170cdeae9f32f03d	2	AABB	283
1720cc9c1364c4db	3	AAAB	252
1741faf66cdbaa1d	2	AABB	140
17c6df499c086b61	2	AABB	289
1807297277b6fcf2	2	AABB	290
18677b9411d87875	2	AABB	143
186cd759a6de6c9f	1	ABBB	344
187d3c39fc8c626a	1	ABBB	346
18b282125bf248f0	1	ABBB	347
18ce121e6b291b72	3	AAAB	266
18cf51c8ea59ce67	2	AABB	145
19b2187490fabac2	2	AABB	302
19b83b6dd588506c	2	AABB	304
19baa33be97e6c37	4	AAAA	50
19dfe10c7a02f377	3	AAAB	278
19ebe32c2c833bfa	1	ABBB	363
1a77f126a407fe59	1	ABBB	373
1ac032f354ac489c	2	AABB	157
1ae7145dd3e8a71f	0	BBBB	86
1aed11fd3e898349	2	AABB	314
1b44424da011fb92	2	AABB	320
1b9f2c9e8ad5d63e	1	ABBB	385
1bfdd5d4f6a36fc7	2	AABB	163
1c02b4caf564b4a9	2	AABB	164
1c1524dedd0f815e	2	AABB	165
1c6416adfe417a6f	2	AABB	332
1c7e6501a91092f2	1	ABBB	397
1c9791a405744297	2	AABB	336
1cb0560092b7621c	2	AABB	170
1cb37f6aa31e254e	1	ABBB	398
1cd7ab6378689d2f	0	BBBB	93
1d0a43cbfa4cb41b	0	BBBB	94
1d463971d625bea2	3	AAAB	313
1db9aff5d0cde4db	2	AABB	178
1dbb313084026fcf	2	AABB	179
1e1729454da91cdd	3	AAAB	320
1e625287656f06c9	3	AAAB	323
1e63344dc67d14af	1	ABBB	419
1e69fccbb1d931bc	1	ABBB	420
1e7557beb5b318c0	2	AABB	189
1e81f4c3c928c55c	3	AAAB	326
1e83e055ae6791ec	3	AAAB	327
1e946f8f3b6ffa06	2	AABB	190
1ea76b0883e5bbeb	1	ABBB	427
1eb8dc7f0bd36abd	2	AABB	191
1ed4260d6de77776	2	AABB	193
1ef3cd3f644dccdf	2	AABB	355
1ef884361530dd36	0	BBBB	101
1f10c80a74488f41	1	ABBB	432
1f1eba7d727cf68f	0	BBBB	104
1f2611d949e6a98c	1	ABBB	436
1f3747b52bb962b8	0	BBBB	105
1f74d4d04586c089	3	AAAB	336
1fafe508e53a932d	0	BBBB	110
1fc491ece70c184b	3	AAAB	337
1fc8984a1698d1bf	2	AABB	200
1fd57d821a70141f	2	AABB	201
20220ef819bd3dee	1	ABBB	443
204276dc6478e609	1	ABBB	445
2078fc15ad5af996	2	AABB	206
207f244b8690e413	1	ABBB	450
20afe9c8af80ac33	2	AABB	378
20b69b43ee59ba39	2	AABB	210
20c0dc0018773aeb	1	ABBB	452
20c7d8b911278e16	3	AAAB	348
213252b6d6024031	1	ABBB	457
2145dcb369d9580a	3	AAAB	354
21835871e6144e95	1	ABBB	466
218be26904e62f90	2	AABB	215
21a02ec6f6e58647	4	AAAA	66
21cb586456eba09e	2	AABB	217
21dcf213480d69ec	2	AABB	388
2202c740decb1628	1	ABBB	471
22055196f33d2c10	4	AAAA	68
222f5f963c8c7290	0	BBBB	120
2230bb839b860615	1	ABBB	475
223a4236ad423693	0	BBBB	121
22492be50a26f867	3	AAAB	360
224d48c45476eae8	1	ABBB	476
22b770cec0d67516	2	AABB	222
22f9776affb51089	1	ABBB	485
230b4584cfe8ee3b	3	AAAB	377
236554f67ad32957	2	AABB	406
23a8b09a763ba83d	2	AABB	409
2401287accfb8bb9	2	AABB	226
2414c5c9a7f966ad	3	AAAB	387
2414eb8657a6f2ce	1	ABBB	492
24c9387288a46d82	2	AABB	421
24df853c28ab8a4b	1	ABBB	502
24e3b660a47b7b78	3	AAAB	397
252c5d63c54e4279	3	AAAB	402
252cc0a72b53f472	1	ABBB	504
25793c0004c374bc	1	ABBB	509
257ba1bec45428eb	2	AABB	234
25fad945b6b0baa4	1	ABBB	517
266f566355b65a6c	2	AABB	239
2676f2c3e943eb9e	1	ABBB	529
26aa0ff00101de5f	4	AAAA	45
26b48d76152436b9	3	AAAB	420
26bd411f980d6a54	2	AABB	441
26d8e959f2069236	2	AABB	446
273737b3d1b707ab	2	AABB	451
273d141b9648a96f	2	AABB	245
28644fb7d6ccb3ef	2	AABB	460
289477cc51203ffd	3	AAAB	432
2903d25afa22c635	3	AAAB	438
2953fda2fc617ee2	2	AABB	475
296061db8c6d07e1	1	ABBB	562
29832d3c2f218a0a	2	AABB	477
29a845c7f2ade424	0	BBBB	138
29dacb34a1b3d645	1	ABBB	567
2a0f90ba27c8aeac	2	AABB	486
2a2c61bffe717339	1	ABBB	1
2a580b5a99da9393	3	AAAB	447
2a5c4d21258ae95d	3	AAAB	448
2a5d211ca85f6be6	0	BBBB	140
2a87c2ba0573ca1a	1	ABBB	573
2a8fdf93acbb917f	0	BBBB	110
2a9b6819d2b1025a	1	ABBB	575
2aaa260000cfeece	3	AAAB	456
2ab7ef7a48227071	1	ABBB	578
2abcab0064125782	3	AAAB	459
2adbeaf9c707520c	4	AAAA	83
2aeb6383e5e44bf6	1	ABBB	583
2affa088d82f493e	2	AABB	273
2b26cc8703d91325	0	BBBB	142
2b7c5eecc72643bc	3	AAAB	467
2bc83ffa717dee4b	0	BBBB	145
2bd8625eeed1038f	2	AABB	277
2bfad67befa6feb4	3	AAAB	469
2c04fcdfa1a9f959	1	ABBB	595
2c0eea8f2d85a03f	1	ABBB	596
2c23fc8431b787fa	3	AAAB	471
2c8ca2ed3371046e	1	ABBB	604
2c8ec456f3712295	2	AABB	514
2d36f686c863ba31	2	AABB	284
2db01eb0f876e3bb	1	ABBB	614
2e268190e2017630	4	AAAA	91
2e74db47a4574531	2	AABB	539
2e8237d7b0d6eb24	1	ABBB	626
2e97bbbddb5664e7	2	AABB	541
2e9bb11491d5bbbc	1	ABBB	628
2ed29fbcbdff8185	2	AABB	298
2ef3c15a5c89299e	2	AABB	299
2ef484cd8559dc9b	0	BBBB	120
2f15c3849872665a	1	ABBB	634
2f1de23f819234a1	3	AAAB	503
2f37005bf30ad19c	2	AABB	549
2f4cb939f3e54982	2	AABB	300
2f73322c724f3518	1	ABBB	637
2f85be6c9c1ff663	2	AABB	303
2ff00120828f8ebe	1	ABBB	646
30251edd666345c0	3	AAAB	513
303c60317e36e21a	3	AAAB	516
304ba8d85c49ab98	1	ABBB	650
30ba5b5bf83afc6b	1	ABBB	657
30d12b576f050d1d	3	AAAB	523
30d95bc46038312e	1	ABBB	660
30dcd36dfef67124	0	BBBB	160
30ff86031bca366e	2	AABB	315
313c0ddd04520187	2	AABB	572
315ad8300885ab59	2	AABB	574
3193845c15944bd1	2	AABB	322
31dc2ad00edd8f4d	2	AABB	578
31defb71c501ec94	1	ABBB	671
32080a0f7b36cbb8	2	AABB	579
320b4c6500f90978	3	AAAB	535
321a9f26ba8a0d18	3	AAAB	536
32422611e9bbec3a	3	AAAB	538
32439bf7f5c365d7	1	ABBB	675
327854f9c5aafa10	2	AABB	327
327e0f6731fa416a	3	AAAB	539
329b85b7cdf2ab94	1	ABBB	679
32c2979d8a07e334	1	ABBB	681
330e6920b64c178a	3	AAAB	544
33373fb957e9fd5c	0	BBBB	165
33468e3ce2708a50	0	BBBB	167
337f47d400ec8979	0	BBBB	130
33d5eb5af33d6517	2	AABB	337
33ed834f28fea3f6	0	BBBB	170
33f3e3d8bbe453c0	2	AABB	339
340632c62ab143d0	2	AABB	602
3449f8d4aaafbdbd	1	ABBB	703
34a7c05fb8df1eda	3	AAAB	559
34d624f72b7dc7e6	1	ABBB	711
350b6e4c2375982e	2	AABB	612
351f0996c4c6333c	3	AAAB	564
3525c86f77226737	2	AABB	347
352d55b32401d81f	2	AABB	349
353ddfeecdd6d243	3	AAAB	566
35958b08961b7cfc	2	AABB	355
35c90676e8f439c4	3	AAAB	572
35d57761da660d4b	1	ABBB	724
35de3428c3c7c2ee	0	BBBB	138
35f3fb0441090a1e	3	AAAB	573
35f6d9b47e1b2b37	3	AAAB	574
3602e10dd9098784	2	AABB	359
368b241207ed1e40	2	AABB	362
36a4f527fab21cbd	2	AABB	626
36da467a5ad95062	3	AAAB	583
36e321027d4380e2	1	ABBB	738
36ef30c6cae7ea86	2	AABB	628
370bb4877765bedb	2	AABB	630
37425911c6e8b7c1	0	BBBB	143
3750bfb28cc6a5a9	3	AAAB	589
37f28e705a4ceac5	2	AABB	639
37f511f6864b0ce8	2	AABB	640
3852b751ff650edd	0	BBBB	146
3866fb41badf50b3	1	ABBB	756
38948a3d665b5896	0	BBBB	180
38ebc4546fc6ff36	2	AABB	646
38ee43e37a3f4700	1	ABBB	763
38fe48a56877e32d	2	AABB	649
39205a5e34cfedac	2	AABB	373
39867eee054ef3d6	3	AAAB	605
39ed2e347369ca7d	1	ABBB	774
39f7f16df81956f7	4	AAAA	110
39fba14ab3776f6a	2	AABB	667
3a2c96e3753ddf18	2	AABB	670
3a31b047bdf36841	2	AABB	671
3a634a478d1723ea	3	AAAB	614
3a72790867ba4aee	1	ABBB	782
3a7e16c71592072a	1	ABBB	783
3aa37e5adb0f680d	2	AABB	384
3ac16cf9870258b6	0	BBBB	186
3add7577c3c64255	1	ABBB	789
3adfae64c3e19f9b	2	AABB	680
3b093e525c4d2f2e	4	AAAA	114
3b1fb06c815998c2	1	ABBB	792
3b51c7b785dbd246	2	AABB	688
3bcbdbd4fa71bce7	3	AAAB	629
3bd90e892cf73c72	1	ABBB	804
3c06985ddfdcf261	1	ABBB	805
3c0871c527a9fd1b	3	AAAB	633
3c3d8e312add7a07	2	AABB	701
3c5e4f3e9a249544	0	BBBB	190
3c5f947b6f500741	1	ABBB	811
3c67dbd554a6f108	3	AAAB	636
3cb87a6f7665c2e4	2	AABB	393
3d6bc5b4e218f2be	1	ABBB	826
3d88e2dc24e88b8f	2	AABB	712
3d9be5db6e9110cb	1	ABBB	829
3da7e541fad64089	2	AABB	716
3ddd27d9cff6e6df	0	BBBB	195
3de5f9e7f1d255e7	2	AABB	719
3e1a5d8517dc4e81	1	ABBB	835
3e48ec9850423249	1	ABBB	840
3e91fbf1e5e1cf09	2	AABB	404
3eada457a789a67b	3	AAAB	667
3eca9b1dfcaec649	1	ABBB	847
3ed856a547503ac9	1	ABBB	848
3ef20f164ab330a9	2	AABB	734
3f0b053035e117b4	2	AABB	735
3f202f9458290a2b	1	ABBB	851
3f20e46d335126c1	2	AABB	736
3f34b3c631f2f3f2	1	ABBB	852
3f458ae883a561b9	2	AABB	409
3f847dbc5177a22d	2	AABB	412
3f992a658e86c41b	4	AAAA	72
3fb5f3af247dee2d	3	AAAB	679
4052a8c1ecc0e874	2	AABB	417
4086c04dd08953e8	2	AABB	756
40889de2c33b85f2	1	ABBB	865
40cee2e7625bc552	2	AABB	421
40ec89d840cdc66f	3	AAAB	694
4106ebaf7b8afce9	1	ABBB	872
4134e1163487c9dc	1	ABBB	874
4145fb5e60b96f30	2	AABB	762
419ec1a82c02892c	2	AABB	424
41b5c63ac15072f0	1	ABBB	885
422dad754ddaee2e	2	AABB	773
4251d0206ec0c705	2	AABB	427
4270c4eec40298e2	1	ABBB	897
4275ccc944de4ff9	3	AAAB	709
42856bccfa67dea9	2	AABB	774
428632e30ad19cbf	3	AAAB	710
428c499d458d2d59	3	AAAB	711
42c8289300cd21a8	3	AAAB	713
42ca2e4bd5748233	4	AAAA	77
42cac94abf93303d	1	ABBB	900
430456bcb2431aa2	2	AABB	783
43144a0768abe581	3	AAAB	715
432290054b846d79	1	ABBB	906
4356bf66d11b183e	2	AABB	433
4364c31114906cb3	3	AAAB	718
4377fcdcdd65eef1	2	AABB	791
4399b59be7c9bc1d	2	AABB	792
43bf0e996f6afe88	1	ABBB	914
43d0c9cdd990321a	1	ABBB	918
43d4b51f5ec49ef9	2	AABB	437
44902e5b2fbee3d6	0	BBBB	218
44951e370d520777	1	ABBB	926
45013134ee43bdd5	2	AABB	801
454a6d4a4b192c6a	1	ABBB	936
4554f384af43ccc6	1	ABBB	937
45685531eebb4df1	2	AABB	808
45b34ac448c32f37	1	ABBB	941
46107bc54108b439	1	ABBB	946
4617365e4b31cb48	0	BBBB	223
4629c4d59f52e9f2	2	AABB	816
4657a3a9c2cb2705	1	ABBB	950
4660b2603927c8f1	1	ABBB	951
4697eaa0f77b03fd	3	AAAB	745
4715b8285b003489	3	AAAB	747
474284ff9d5a16f5	1	ABBB	961
4754a9605817656c	0	BBBB	225
47776ef65350ff76	2	AABB	834
479926fa64955ac1	1	ABBB	963
47ab3228951c5301	2	AABB	467
47bdca00b46d4276	2	AABB	842
48272c11f48328d6	1	ABBB	967
48464353a47b705a	1	ABBB	970
488a539310c0627a	0	BBBB	227
488e655e137845a2	1	ABBB	972
48950f9dcdfb76b9	1	ABBB	973
48bfb628724292a4	1	ABBB	978
48c043344a0b148d	3	AAAB	761
48c0eb0b06efec19	1	ABBB	979
48d86b70d80a0f83	2	AABB	473
48d98f16942e8d94	2	AABB	474
48dcbc2a4c0bff89	0	BBBB	228
48e8175f54c753e1	2	AABB	854
48e978b70d5a18e3	1	ABBB	983
4933c162e0861f5f	3	AAAB	766
497525332f671daf	0	BBBB	233
49ac92512e8bb964	1	ABBB	992
49b280a327aefa61	3	AAAB	776
49bef47a66105a25	2	AABB	864
49cb52d957ff0e39	2	AABB	481
49d633edee309bb7	2	AABB	867
49ee186a0362d8fb	2	AABB	872
4a0f2c64f63eb828	1	ABBB	997
4a168144a82f1fda	0	BBBB	172
4a1bba8e58268637	3	AAAB	781
4a1f827d2d44b243	3	AAAB	782
4a2a2e360719b09c	2	AABB	874
4a6399ee8fd4d7be	2	AABB	483
4a660fe6b1cff770	3	AAAB	785
4a7f613170c64104	1	ABBB	1000
4a882dd2d9cd27c1	3	AAAB	787
4a888f0a659b7a95	3	AAAB	788
4a92d93dd1a7605f	1	ABBB	1002
4ab8cf1e33e7908c	3	AAAB	791
4b0734a4b6caff8f	2	AABB	487
4b33ba7ccf02d6e0	1	ABBB	1009
4b3fab7479f1d165	1	ABBB	1010
4b712d212ac22d31	2	AABB	894
4b9d316229c7015d	2	AABB	896
4c00f0496eaae637	1	ABBB	1022
4c1a1abe925dd78d	2	AABB	493
4c20394f0f2f9d89	2	AABB	494
4c2158ccb2bb0f0c	3	AAAB	802
4c4ed500c746bc59	1	ABBB	1030
4c6b7267be9a6fdb	3	AAAB	804
4cc1e26ad624f038	2	AABB	907
4cd66146864b1e3c	0	BBBB	246
4cea5d73946973c7	4	AAAA	87
4cfb54e0c2865688	4	AAAA	163
4d1c7784cd12afbc	2	AABB	911
4d24b06a5efcf075	3	AAAB	817
4da6109874fd70f8	3	AAAB	824
4dca9b91b25339f4	2	AABB	916
4e08eb424baa43f9	3	AAAB	828
4e2f93dfade97a6d	2	AABB	919
4e32c6fc11bda143	0	BBBB	252
4e67eca493a1a4fd	2	AABB	506
4ed50fad4b613045	2	AABB	924
4f26aaaf02db2111	1	ABBB	1072
4f9e321dbc2bf237	2	AABB	511
4fa27f7ae62444f6	3	AAAB	846
4fb7232f07aa714c	2	AABB	515
4fcc6c7b4e851030	2	AABB	518
4fd3cf47708eb57e	1	ABBB	1082
50197b5e39d6d54d	1	ABBB	1084
50ef110436add884	3	AAAB	863
5102d2c1d4be28ae	1	ABBB	1092
5103627409ea3bed	2	AABB	531
5112d818d77b2f2f	3	AAAB	867
511ebc677171ddfc	3	AAAB	868
517ba64429434d32	0	BBBB	191
5185bad8c5db9b9f	0	BBBB	269
5188d939a371d6c8	1	ABBB	1093
51d3be3e5cf793d9	3	AAAB	874
51ea7b109998d664	0	BBBB	273
5236e4390f5a1c24	2	AABB	951
5283fa0cfac20c7d	2	AABB	536
52e126d3c68726ea	2	AABB	962
5305027cc6624a9c	3	AAAB	883
5305a7524bbc110e	0	BBBB	193
5318a7d601282890	1	ABBB	1108
53b55a31e4e566cf	2	AABB	968
53b76e1920caff3c	2	AABB	547
53d71a31b4330083	1	ABBB	1119
542d339d6a6d0728	1	ABBB	1122
544de850136dee83	1	ABBB	1125
54fa2f5f1bcd0053	0	BBBB	281
556d4bd646fb8b93	1	ABBB	1142
55bfaff738f57e06	3	AAAB	909
55d841f78dc82649	3	AAAB	910
568449cc4dcee4fa	2	AABB	1000
56959384149d2a7a	3	AAAB	920
56d291477c62f587	3	AAAB	922
5707d8b303ce12f6	1	ABBB	1163
570dabc320b62daf	2	AABB	1009
5712f4e045728212	1	ABBB	1164
573b634c5add9a55	1	ABBB	1168
577608005e126186	1	ABBB	1173
57934bdfa6cc961e	0	BBBB	290
57e63ef03d1f2817	2	AABB	568
5815f413be5fdcb7	2	AABB	1019
5837908478feb36b	3	AAAB	935
593dd556583abcf0	2	AABB	1041
596805526fcabcfb	3	AAAB	943
59a11223b6094343	1	ABBB	1204
59b38d317ba10da8	3	AAAB	952
59c129dfec82c306	1	ABBB	1205
59c474459156debd	2	AABB	576
5a0cb2ad8fabebea	1	ABBB	1209
5a173ed5eeaf7c05	1	ABBB	1211
5a2556c322df8219	1	ABBB	1213
5a2f6362522bc5b0	1	ABBB	1215
5a627d1038dadf24	1	ABBB	1216
5a9a0b37a0d48124	2	AABB	1057
5bc39ded652c759e	1	ABBB	1232
5bfa79678b88a1aa	3	AAAB	979
5bff74d3aa1d9af3	1	ABBB	1235
5c2cd9206549350e	3	AAAB	981
5c35360597c81ff9	3	AAAB	982
5c699e8a8ffbe986	2	AABB	590
5cd27df4c5b95060	2	AABB	1077
5d0450a6b3feded8	2	AABB	597
5d76cf175e1631cb	2	AABB	599
5da8d60afd9d1e0c	1	ABBB	1253
5dbe791ca47088f5	1	ABBB	1255
5dd353b3c46c6f3d	2	AABB	601
5e068f2d88fe2922	4	AAAA	188
5e233b37b78484cf	3	AAAB	1004
5e5c8470a8b5debc	0	BBBB	322
5eb4091e285fece3	1	ABBB	1269
5eb5d6a1107da45a	3	AAAB	1014
5ec1bb15b73bc12b	2	AABB	1105
5f01c3e1edea0585	1	ABBB	1276
5f0b3578c6169d16	2	AABB	1107
5f3c2f1623b71b4f	3	AAAB	1020
5f3f2981e597b336	1	ABBB	1279
5f4bf480d7382edc	3	AAAB	1022
5f50807b0765d9b1	2	AABB	1111
5f51380ed7fd88a2	2	AABB	1112
5f6cd9f51a81a5d7	3	AAAB	1024
5f999f63adbf112a	0	BBBB	215
5fd69398faa7d52b	0	BBBB	328
5fdd7858647cc961	2	AABB	617
5ffa75a27e5eb540	2	AABB	619
6009470f06e10737	2	AABB	620
60379a7915791aae	2	AABB	622
608934ed09ea62a2	1	ABBB	1298
6092c41dc184a338	2	AABB	625
60aab9e5fe9c608d	1	ABBB	1300
60b3d72bcc859b05	3	AAAB	1035
60be8b19f9744017	1	ABBB	1302
60daa3b3eac712a4	2	AABB	1125
61161a1d544ccd9f	1	ABBB	1305
6172dc9509b2d095	3	AAAB	1047
6173103a02d11452	1	ABBB	1308
6175bc3f7fcde294	1	ABBB	1309
61f48d9964f49147	2	AABB	1144
625036c58d3829ee	1	ABBB	1320
62958c7b0b7b8fae	1	ABBB	1321
629aa26e2804bb7b	0	BBBB	338
62a1b080a06945ab	2	AABB	641
6314fd90828a1b6a	2	AABB	645
63388cb7900b4dce	3	AAAB	1068
636974f4c703e1bf	3	AAAB	1070
64033f150f4a3d2a	0	BBBB	342
6448b8a5fd5a4d00	1	ABBB	1340
64735d5b2f373ce5	1	ABBB	1343
64a532d32973e299	2	AABB	656
64ad2bd3923b9b53	2	AABB	1172
651da5ba9a1f819b	2	AABB	659
652cd4f8d31f4695	1	ABBB	1352
65333c6a6cfbe17c	2	AABB	1176
655140e61811cb63	2	AABB	1178
657fb9a4289a9a7b	1	ABBB	1355
65bf4a6627d665bb	3	AAAB	1089
65e362432aa16e73	2	AABB	1184
65fd9104ab1927ba	2	AABB	1188
667c0cd5975bc6c7	2	AABB	1198
667e67e225b69ea8	2	AABB	666
668b67fabb3c4ffc	4	AAAA	108
66b5de91fcd6e9be	4	AAAA	201
6709b579dc8bb4c1	2	AABB	1203
670f500fffbc8351	3	AAAB	1101
673168b90ba74915	3	AAAB	1104
6739ba4cfa076c3e	3	AAAB	1105
67a3e802a1824e55	1	ABBB	1377
67aa869a0ec7c302	3	AAAB	1110
67c796da7e38122b	1	ABBB	1381
67db85d41e2dfca8	2	AABB	1217
68991679bf037344	2	AABB	677
68b98cc3259d2cf2	2	AABB	1230
68cb6e846ec1085d	2	AABB	1232
68f27a3084f0f781	1	ABBB	1397
6965d4bda094050b	0	BBBB	351
69ce206aedff8b6a	3	AAAB	1132
69d936b71e55f11b	1	ABBB	1414
6a5251ff840e9903	3	AAAB	1139
6ac084adb1fecf38	1	ABBB	1421
6b12c151dbadf266	3	AAAB	1153
6b24f711972d299c	2	AABB	1262
6b29a970f356c68b	1	ABBB	1426
6b60dadd3173c74c	1	ABBB	1429
6bff98b1fdedab3b	2	AABB	1268
6c07823c86e483ec	2	AABB	1269
6c09682fa6f10c07	1	ABBB	1442
6c1fbc0bbbe0f49d	1	ABBB	1444
6c537704a40de39f	3	AAAB	1162
6c5673025eb5a43d	0	BBBB	361
6c87995b46794f07	1	ABBB	1452
6cae208841fee2d3	2	AABB	1284
6ccb5402de9a71b8	1	ABBB	1456
6ccd4827a63028d0	2	AABB	1287
6cd22c1e7c97e9f1	1	ABBB	1457
6cd5a164021aefd3	2	AABB	1289
6cff5f388ea0d31d	2	AABB	1291
6d10c8dcdc140eb1	1	ABBB	1462
6d2772f55665be74	1	ABBB	1463
6d34cb0a17ed8dc6	1	ABBB	1464
6d84ab17c29f5b87	3	AAAB	1179
6d941f5db30de9fa	1	ABBB	1468
6dc0d256a8b282d9	2	AABB	1305
6de5ca9f54b7ab67	0	BBBB	255
6e08e0c6ffaff22e	3	AAAB	1184
6e120ce7e8e426a9	4	AAAA	213
6e3c6c609c40c947	2	AABB	701
6e4e7cb2dac8e59d	2	AABB	1313
6ea5d04ed03226b0	1	ABBB	1481
6eda0722e3f6a9cd	1	ABBB	1484
6ee86bee42db6333	3	AAAB	1198
6f1c51156310f027	2	AABB	708
6f3d74d1a1d55aac	2	AABB	712
6f68a815992df1e5	1	ABBB	1491
6fd79d5ecfae793e	2	AABB	1324
7009e49eedb42fdb	2	AABB	1326
70498a64a0a3c3b0	2	AABB	1329
70577901ff91fbe9	2	AABB	720
705d62c3af203bd8	3	AAAB	1213
70715c402855f365	4	AAAA	122
7073e031f0eb1f70	2	AABB	1331
708e1a855106351e	2	AABB	722
70a275e8b52b7734	2	AABB	1333
70d549d518727ab3	1	ABBB	1508
711769b8a5d953ed	2	AABB	1341
7125ec93d89b8135	0	BBBB	377
714f2ebc0f538658	2	AABB	726
718a9b2733c6e3b4	1	ABBB	1516
719e89a7551d8dcf	1	ABBB	1517
71e9cdf33cc1ec4f	3	AAAB	1224
71feed9c2edc5b81	4	AAAA	124
720e127594e9a9e7	0	BBBB	381
723c58696a76505e	0	BBBB	382
7247196a06035117	2	AABB	1355
72b420e5913c24cd	2	AABB	728
72cf052f8ef4bd0d	0	BBBB	384
7326a069c6fc20d9	4	AAAA	224
734e02f9a2c4548e	1	ABBB	1540
73547147934417cb	1	ABBB	1541
73be8bbc4140184b	2	AABB	1375
73db9f0ec77369e8	2	AABB	1376
73f0211daafd813f	2	AABB	739
73fac2541e810b38	2	AABB	1378
74451daa482f9e75	1	ABBB	1559
74466b9df7c47a95	1	ABBB	1560
74b018d9bfd9e67e	1	ABBB	1566
74ce76acad2f4cf4	2	AABB	746
74d0980af91acbe1	2	AABB	1382
74eb3f1a38b6f882	2	AABB	1384
74fcc09b1b23a104	0	BBBB	393
7559ab3593698cc5	4	AAAA	229
755d08315368e0c8	3	AAAB	1260
756e36fd8371f64e	2	AABB	751
758699267f6888e9	2	AABB	1392
75b3c23623dcf9bf	2	AABB	754
75b858f4ba62eb82	2	AABB	755
75be8c81773c9da1	2	AABB	756
75ce4202f371f46e	2	AABB	757
7608fa7df542450c	2	AABB	1397
7668e4395cf45c8a	1	ABBB	1590
766e53c39597bd73	1	ABBB	1591
76a8c216be42ec5b	0	BBBB	399
774c9bdb805d049d	1	ABBB	1604
776c4af39d2afbab	1	ABBB	1606
777b99cdb66c4f70	4	AAAA	233
778e24c168ff95ee	0	BBBB	282
77dd755e1fd60875	1	ABBB	1616
77f398cd43fed9eb	0	BBBB	406
77f7b0cafa5ca617	2	AABB	1418
78079daa54a72086	1	ABBB	1619
78448ba556e17914	1	ABBB	1622
7848204fbdde10b6	2	AABB	776
78e6402bdeadb52d	2	AABB	1434
78ec2dde12f1650f	4	AAAA	239
7929fa20bf3bccce	2	AABB	782
79332b2c681e8e21	2	AABB	1439
7983296872477a14	4	AAAA	136
7997ea0b3149f074	2	AABB	1447
79bafcc27d3c5545	3	AAAB	1308
79db22ac21f60daf	0	BBBB	413
79e31ea4d823bc2e	0	BBBB	414
7a02a887333961b0	1	ABBB	1653
7a074d93e9a82273	0	BBBB	417
7a2021eb2fb64f7b	4	AAAA	242
7ae7aca5dfc0a338	4	AAAA	137
7afa046cd36699d3	0	BBBB	419
7b9bfc06161540e0	1	ABBB	1669
7bbe357096372d93	1	ABBB	1673
7bc6652d3b921f6c	3	AAAB	1329
7bdc8a818f8a648e	1	ABBB	1676
7be1a62d17b6006a	3	AAAB	1330
7c09277111c4dc51	3	AAAB	1334
7c1407a31fe5e601	2	AABB	797
7c4b7ba33bc1f358	4	AAAA	251
7c713a69e075c467	2	AABB	802
7c7b14b176f7a4b5	3	AAAB	1337
7c9618a72b9db4e3	2	AABB	1480
7cde2e46a36ce922	2	AABB	1484
7d233115aa125bba	2	AABB	1488
7d58b49f3edcfb78	3	AAAB	1351
7d71ec968d570368	2	AABB	1492
7d7597929a380412	2	AABB	1493
7d78eadb13d51f8b	2	AABB	808
7d83b80fe89fa7a4	2	AABB	1494
7db78bc173af0304	3	AAAB	1353
7db8e8205fcf0274	1	ABBB	1698
7dbd55b887fe116c	1	ABBB	1699
7e1b066267e5b2fa	2	AABB	817
7e1f9451acbf881b	3	AAAB	1357
7e3b89d635943ef6	2	AABB	819
7e4974111c4ce2fc	1	ABBB	1704
7ed99ba1d7dd2abb	2	AABB	1511
7ee5aa076620a91d	1	ABBB	1712
7f0488c6f76ea7fe	1	ABBB	1714
7f49943ed607f8f3	2	AABB	824
7f530862eb7ac9e0	2	AABB	1515
7f58308f626d828b	4	AAAA	258
7f59c4b5b1e42a5b	4	AAAA	143
7f5fba5d76cc88ca	2	AABB	1516
7f80c3dd6d57aa90	1	ABBB	1723
7f88a8f268c9f472	1	ABBB	1725
7f9c24d96213318a	2	AABB	1524
800e8673e930bc64	1	ABBB	1734
8024d41e36fcffac	3	AAAB	1372
80275d248e6f2161	2	AABB	829
80513f683d54108d	3	AAAB	1375
80535ade7324a762	2	AABB	831
80916aadcc9849d2	1	ABBB	1747
8125424ac722ee67	4	AAAA	267
81494a6ef36d3ec9	0	BBBB	305
81663d6489b63999	2	AABB	1546
8189af8b40530668	2	AABB	838
8193b0d98701cec7	3	AAAB	1386
81f8be66d5233a0e	0	BBBB	435
823c7ce64826a6cd	1	ABBB	1773
8241e5bc7cffb970	2	AABB	1556
826f4a76a58cdafb	1	ABBB	1776
827449ebe8fc0e80	0	BBBB	306
828b6e0a3969bc9f	2	AABB	1559
82cc5dfe8ca6c13b	2	AABB	1562
82ecde50d0cffb94	3	AAAB	1393
830ecc03e75776f3	1	ABBB	1781
830f9518c62efdf1	1	ABBB	1782
831993bc20beb6fb	3	AAAB	1396
8326e78f325bf203	2	AABB	1567
837a830167da7a98	2	AABB	1573
8390000ba39eb0af	1	ABBB	1788
83c4752e24575e7b	1	ABBB	1789
8439f7bdab0fa0ea	2	AABB	854
8449cdae448a373f	3	AAAB	1408
8464c57b8b7b4970	1	ABBB	1799
847924a8c9ddbde0	1	ABBB	1800
849aedd0dde9e61b	1	ABBB	1804
84c372b67580f0ad	2	AABB	1595
84e7110af5ccc36b	1	ABBB	1809
852f3b3a6f081d29	1	ABBB	1816
856b4bd5e8c1edd1	3	AAAB	1418
8598b86c4857990b	3	AAAB	1421
85a580a0beb39698	4	AAAA	275
85e38a710ab3531f	2	AABB	862
8625e915ccb1d68a	2	AABB	1613
863f715d5bcb94f0	1	ABBB	1834
866bec8f3e3c3eac	0	BBBB	450
867892f60d9bf313	1	ABBB	1837
868243cf86819da0	1	ABBB	1838
86b9d13e1905ac76	3	AAAB	1437
8723e242d5cccc31	2	AABB	1623
872f6efeb769425e	3	AAAB	1438
8747ae024de40fd4	2	AABB	1626
874f93bc5a64f63b	2	AABB	1628
876c9a2ab8062cd5	2	AABB	1629
87af0129009837dd	3	AAAB	1444
87ba3c8294f8f8a3	2	AABB	873
87caeb212b8dc6bd	1	ABBB	1851
87e3c2cb00d15d78	2	AABB	875
87fdf985455610c0	2	AABB	1636
87fea5ef77a5d8b4	2	AABB	1637
87ff493a7ff8953f	2	AABB	878
880ecdf1ff9f715d	1	ABBB	1853
88474a7cbe75ae2f	1	ABBB	1854
884b7735397604be	3	AAAB	1450
886b48530a4f2e65	3	AAAB	1452
887b00932406648c	2	AABB	1642
88807cf60c75fe73	3	AAAB	1453
88a3f076cdb5dd48	2	AABB	880
88d3aa85758299ae	4	AAAA	155
88d5f2da7251b7f1	1	ABBB	1859
88f091d3af2a4a4c	0	BBBB	462
8995c5d8da874dc0	1	ABBB	1869
899717533de9fd3a	1	ABBB	1870
899b62a08754c430	3	AAAB	1465
89b6e903200ef01d	2	AABB	1662
89c79cc95d4545cb	3	AAAB	1467
89d767bece5a5202	2	AABB	886
89e55a3e5392f4ad	2	AABB	1663
8a1b3955403e1960	1	ABBB	1876
8a3445016826f304	2	AABB	888
8a3cc451b9a70cfc	2	AABB	889
8a40c65c6b646f9c	2	AABB	890
8ac21b43362c75c1	2	AABB	1676
8ac79eacda7c2607	3	AAAB	1481
8afef2a897fdd8ba	2	AABB	1680
8b2c56842a3c672c	1	ABBB	1894
8b515e4f23cea3ca	2	AABB	1683
8b8c3919c1bb07c2	1	ABBB	1902
8ba65d6b4e908ca8	0	BBBB	473
8be00da281663661	3	AAAB	1487
8c04c264c34cf1c5	2	AABB	1693
8c1fdba3cb6b0c47	1	ABBB	1906
8c751f2449a1b7ef	2	AABB	1695
8c7549c4f54e2fa9	1	ABBB	1908
8c8b1363b570b742	0	BBBB	476
8cfaf3d2f53dc2f4	1	ABBB	1915
8d6661f86e6a2f2b	2	AABB	912
8d9728875d0b2e99	0	BBBB	481
8d9a00d114ecb316	2	AABB	1708
8e58511f09a2e05a	3	AAAB	1510
8e650bedbccad857	1	ABBB	1928
8e7cfd8a8097c2d2	1	ABBB	1932
8e8a74a0b0f46968	2	AABB	916
8e99f82dcea66a6b	3	AAAB	1513
8eac74bdd9478234	1	ABBB	1936
8eb50b997486569c	3	AAAB	1514
8ebbc34db71e8baf	0	BBBB	484
8ec418518644977b	2	AABB	1723
8ecb2774ec8800a6	2	AABB	917
8eda44fa73548e5c	1	ABBB	1939
8efb870c313752f1	2	AABB	1726
8f13b2e1db2bc71c	2	AABB	919
8f74db1f82fd9a1a	3	AAAB	1522
8f74f91d406534d3	1	ABBB	1949
8fc4181ed40c19f0	3	AAAB	1525
8fcdaa7aed1d29ec	2	AABB	1732
8fd10c1021e58cc9	2	AABB	1734
8fda747879d8f293	3	AAAB	1527
8fe047f12a06d30b	2	AABB	922
8ffd69abb40f4cf9	2	AABB	1736
9033701a4a95c977	0	BBBB	340
903446d88f7e8c40	0	BBBB	492
90834489138c5362	2	AABB	1742
90a6d2535371f0ff	2	AABB	925
90ca30dc826d1e8f	2	AABB	1747
910b1e0fb5d8b9cc	3	AAAB	1538
918e971dd8129fdc	1	ABBB	1976
91aebd0182d1d2b6	1	ABBB	1977
91e446bf19787686	2	AABB	932
920adad748f4b8dd	0	BBBB	498
9232eb68cf21dd28	2	AABB	1766
92500c83c64121be	2	AABB	933
927654abc36da60a	3	AAAB	1550
92823329ca67ee45	1	ABBB	1991
9295fd206e3a9568	1	ABBB	1994
92a380192864920a	2	AABB	1773
92a80eb31743df18	0	BBBB	501
92bec4dd3e029065	2	AABB	1775
93281c230675be53	2	AABB	1778
9365ad78205f6725	2	AABB	1784
9384263267866926	2	AABB	1787
940b2f64cad61312	3	AAAB	1568
94216f12987a16fa	1	ABBB	2014
9433de2d9de274c3	3	AAAB	1572
94650f3023126eb2	3	AAAB	1578
9477f9b872f2e203	1	ABBB	2018
947c0c412c929f11	2	AABB	1803
94917b57daebdad4	2	AABB	1804
94a466966a8b5f41	1	ABBB	2023
94a9c5977a9d7024	1	ABBB	2025
94aab1325365080f	1	ABBB	2026
94f9550bd2734ef5	3	AAAB	1583
95154425ff2857de	0	BBBB	509
9538d39f18459d29	4	AAAA	311
953f222f3b1fef1f	2	AABB	950
956fa0f87e4a364f	2	AABB	951
96085f0d23431e51	1	ABBB	2042
96447ffc2a3c6fdb	2	AABB	1817
9666588387a87a4d	3	AAAB	1594
9672cf8ed381d0c2	3	AAAB	1596
968fb9c08384d08e	2	AABB	956
96a6d64e68056c07	1	ABBB	2049
96f9e5740d22390c	2	AABB	959
97199e86d41a8881	3	AAAB	1603
9749e600ff56ac7f	2	AABB	1828
975cd491c88d79b8	1	ABBB	2066
9775359d52a7b193	1	ABBB	2069
97c6d62a2066abbf	2	AABB	1834
97ece7bf497036ff	1	ABBB	2075
9863c1c3f193d20b	0	BBBB	516
9879c2612524e609	2	AABB	1841
98a378dcd87c89e1	1	ABBB	2083
98b623cb3f284e79	2	AABB	1845
98bc0e3adf791e28	1	ABBB	2085
98f316cd4f329a75	1	ABBB	2089
98f362af47129e61	2	AABB	1849
995d47719fbf780b	0	BBBB	520
995fea23d545fc1a	2	AABB	967
99690d3e08296a3a	0	BBBB	522
998b3c8afd67a54a	2	AABB	1858
999322982b06058f	1	ABBB	2096
99d573dfe6f81195	2	AABB	971
99ea10cc8d0aea98	2	AABB	1862
99fc314fda1bb935	2	AABB	1864
9a5b6799a662168b	2	AABB	1868
9a708bda0979260e	3	AAAB	1638
9aba8e0fa3ed2817	3	AAAB	1645
9ac3264ee67dfc80	4	AAAA	324
9b03de053b54caa4	1	ABBB	2121
9b6a426846610374	1	ABBB	2125
9bac3225d8644585	2	AABB	981
9c45359337d58c8e	2	AABB	985
9cad1639d81c3ff3	0	BBBB	535
9cc7fbe1dd681f89	2	AABB	989
9cd40043beb72dac	1	ABBB	2140
9ce359f270cd6cc9	2	AABB	1900
9cf90f0874366292	2	AABB	990
9d2f641863f1824f	2	AABB	1904
9d4d75c4e4fd553e	2	AABB	1907
9d4f9b2d5defd3ed	1	ABBB	2146
9d529c7a23ab77dc	2	AABB	1908
9d547030d9ff2582	1	ABBB	2147
9d5a3f82267ad76d	2	AABB	991
9dd459bd3523f5ed	1	ABBB	2153
9ddd621b8af21bb6	1	ABBB	2155
9de06e499360f02d	4	AAAA	186
9e1ed20e45786450	1	ABBB	2158
9e29a1bf42525d95	1	ABBB	2159
9e62fea7e60233de	3	AAAB	1678
9e88898277ebafab	3	AAAB	1680
9e8a6e4f062cd69e	2	AABB	1920
9e8fb1c38694357d	2	AABB	996
9eaa756d6452ed04	2	AABB	1921
9eee93ae944b8260	0	BBBB	543
9f0c3b6770da1377	2	AABB	1926
9f3b794e9c6031a3	1	ABBB	2168
9f4c8a7e76493e79	2	AABB	1932
9f7a21710a7fe510	1	ABBB	2171
9f8e6730607ee8d8	2	AABB	1938
9fa165ceeb92cdcb	2	AABB	1001
9fb058ddc5563741	0	BBBB	547
9fb7e3e62736e267	2	AABB	1002
9fbf67c362624fae	4	AAAA	188
9fcc81c01148a866	2	AABB	1003
a064acb1f2c26fed	1	ABBB	2185
a0887468bb2f6c23	1	ABBB	2187
a0a395194451913d	1	ABBB	2189
a0c2f67464d6f8d0	3	AAAB	1696
a0cfd377671b75c7	2	AABB	1950
a0e2a6e99df45c84	2	AABB	1013
a0f01403038c9c89	3	AAAB	1699
a137b8d8c51daecb	3	AAAB	1705
a13c7282e4fbd79f	1	ABBB	2196
a15172b931494b26	1	ABBB	2197
a15617fed2430baa	2	AABB	1016
a157e3dcf3f7c41c	3	AAAB	1707
a15e1f8911e1f4a8	3	AAAB	1708
a18e59f1e4f95197	0	BBBB	553
a1ca95a07d6ac6cf	2	AABB	1960
a1d297189ef154bc	2	AABB	1019
a1d83ad5033c6e93	1	ABBB	2206
a238126158eaf6b9	1	ABBB	2212
a23f37767ddfad07	3	AAAB	1720
a255096a57133aef	2	AABB	1971
a25ac9dccbac662a	0	BBBB	557
a26d1fed988e3716	1	ABBB	2218
a2792d84bf797014	2	AABB	1972
a2c59002617ee73c	1	ABBB	2228
a2d2ae41f37541b3	3	AAAB	1729
a2ddad0ec58ec27c	2	AABB	1977
a30d2dcc98848122	3	AAAB	1732
a358aca32621bf78	3	AAAB	1737
a372886e2213fabe	2	AABB	1984
a3a90e8ed2475a00	3	AAAB	1738
a3acb073e40780d2	2	AABB	1987
a3b4249aab24dc9c	2	AABB	1027
a3c309f3bb307062	1	ABBB	2239
a3cd11feb863127c	2	AABB	1029
a3d622801e98e4fa	2	AABB	1030
a3da846c96a76e08	0	BBBB	562
a4055fe3d6410b5e	2	AABB	1990
a4338bbcc3209ed0	2	AABB	1993
a44d875d8a7cf4c1	3	AAAB	1745
a45227914cf248b7	3	AAAB	1747
a47c1f25ad389097	2	AABB	1034
a48ed15fa93e72a0	2	AABB	1997
a49583e2d76fe662	2	AABB	1998
a4a8a58d494cdf96	2	AABB	1999
a4ee7ebbb0258e4d	1	ABBB	2253
a50b7b75f6def14d	4	AAAA	337
a54944a9c10ea44a	1	ABBB	2263
a615f0fbc719b562	1	ABBB	2281
a6279949e86d287e	1	ABBB	2284
a6d104e874a543e7	1	ABBB	2294
a7012042bb22c0d2	2	AABB	1048
a708bbb1b3ba4ee8	2	AABB	2032
a70d08395605ce5a	2	AABB	2033
a719bddd13a70f6c	1	ABBB	2297
a71b8e6f3e4ae776	2	AABB	2034
a71dce2443fac55d	1	ABBB	2298
a75fe61710cc0af9	0	BBBB	572
a778b8a8b7fc308c	1	ABBB	2305
a782152532234c88	1	ABBB	2306
a79de120b8239525	1	ABBB	2308
a7a1e4375c74349a	1	ABBB	2311
a7afdefa265f4272	2	AABB	2043
a81e80bf968a15cd	2	AABB	2047
a8259dfc52918b61	2	AABB	1055
a8322288a5f53276	2	AABB	1056
a87849002116b030	1	ABBB	2321
a8cc2dd18f59fbea	2	AABB	1059
a949a5eec2af28b0	2	AABB	1061
a983792eae7ac77d	2	AABB	2066
a98f5835b3681d73	2	AABB	2067
a9994949dd2ee8f3	3	AAAB	1800
a99d82bc2a92ea50	2	AABB	2068
a9c90476296a6da9	2	AABB	2070
a9de763059d15374	2	AABB	1066
a9e4d7fdd6223219	1	ABBB	2344
a9f17bfebeab9d39	1	ABBB	2347
aa3d5ed34629207c	1	ABBB	2351
aa5e6dd95d2d30e1	1	ABBB	2353
aacd3c82e94c769a	0	BBBB	583
aacf2c1db8cee0cc	1	ABBB	2360
aaf35fcff69a9b02	3	AAAB	1815
aaf8c7c33f9dd771	2	AABB	2086
ab0a9f86feeec4ed	2	AABB	2088
ab1c86946dd86110	2	AABB	1068
ab2efb1f33589184	2	AABB	2090
ab45b66220f815a3	1	ABBB	2365
ab647964328e8055	4	AAAA	201
ab67637329b1ec8a	0	BBBB	586
ab7063258b2a4c1b	3	AAAB	3
ab8b10ab1f56b838	2	AABB	1077
aba8738f73de57de	0	BBBB	588
abac415607b35ebb	1	ABBB	2370
abcb928c5873e410	3	AAAB	1825
ac06b26dfe8fd55d	1	ABBB	2377
ac250b5b04387a33	1	ABBB	2380
ac2e23dfc72d9c5e	2	AABB	2099
ac65c1b78a90bc10	2	AABB	2106
ac773623d61f3fce	2	AABB	2109
ac7c82e2dd8475f1	1	ABBB	2387
ac82f761e43ded9f	4	AAAA	354
ac978649f9e300cc	2	AABB	2112
ac9ee153022c9144	2	AABB	2114
aca3dbcd1aedbbae	3	AAAB	1832
acf84391e5ce7a1f	3	AAAB	1834
ad0a8a7496da047c	0	BBBB	403
ad21e2dd20a6a5d2	1	ABBB	2395
ad2d6123db2b1050	3	AAAB	1840
ad5914b47299f849	1	ABBB	2397
ad6199cefe0a1ee5	1	ABBB	2399
ad7a97a0a6acc780	2	AABB	2121
ad91f4263b5a9326	1	ABBB	2406
ad964b2e9ad728d7	1	ABBB	2407
ada1f87833f7baff	1	ABBB	2408
adcde2a0d6a6f7ba	1	ABBB	2414
ade48258495f2bce	2	AABB	2123
adf32b7399a81d5f	0	BBBB	594
adfac16fb50bcc1e	3	AAAB	1848
ae4750b404606f59	2	AABB	2125
aed244966351a15e	3	AAAB	1855
af1468c41f226482	1	ABBB	2424
af55eca148990efa	1	ABBB	2427
af6cc842b77c7e54	1	ABBB	2429
afb7deaeb4d6961e	4	AAAA	204
afdb7af71316d265	4	AAAA	205
afe9921438c3d060	2	AABB	2146
b09ab7b3c97eeb0e	1	ABBB	2448
b0bd374fd460187a	2	AABB	2151
b0defca37fa21783	2	AABB	1101
b0f964ce0681aa88	3	AAAB	1873
b1b8494450b3e04d	4	AAAA	364
b1f0723008da7e29	1	ABBB	2465
b215250180f1809e	2	AABB	1108
b28d071a2c82897d	1	ABBB	2472
b2c3edb8485289ca	1	ABBB	2475
b2c8ff1df5172f4d	2	AABB	2183
b2d20ca1fd1b959c	1	ABBB	2479
b2f35bac1abd70ca	2	AABB	1115
b3436743d052ce8b	2	AABB	2194
b34865336ae07a90	1	ABBB	2486
b3779025b26236cd	1	ABBB	2490
b3855c21374aceb6	0	BBBB	614
b3990bdeb3f2c80d	1	ABBB	2493
b3b2346faaaaf95b	3	AAAB	1897
b3b909c0b6b64042	2	AABB	1118
b3c5c2dfc2654d77	1	ABBB	2496
b4222b49d3e06ad3	2	AABB	1121
b441047e67d295ca	3	AAAB	1903
b4b7d55a8187b260	2	AABB	1124
b5136e81da3229ad	1	ABBB	2507
b51c66cca7637ff3	2	AABB	2213
b51e76d3544feffb	2	AABB	1126
b542025153b35af6	2	AABB	1127
b557479d676e6c21	3	AAAB	1911
b566e5faf5c5d234	2	AABB	2218
b571f21f6d278325	1	ABBB	2512
b59f60fdda6fed55	0	BBBB	618
b5b021e70cb89364	2	AABB	1133
b5cbc5b494358f55	0	BBBB	426
b5d7eb550a995f17	0	BBBB	619
b60fb3d5a8f0ae45	2	AABB	1137
b62953fe194fcbd3	0	BBBB	430
b65763b30aa09cac	1	ABBB	2524
b681e93268969573	1	ABBB	2529
b68932ca0ae6f80f	3	AAAB	1919
b68f096823bec91a	1	ABBB	2532
b6a9324dd7abdabf	2	AABB	2239
b6c54c704b3ae8f6	3	AAAB	1922
b6d1c838edfdb518	4	AAAA	380
b6fa786974f75d77	2	AABB	2241
b703c73f2e9eed50	2	AABB	1143
b728aaa15ddb62c5	2	AABB	1144
b77c9cc30f74909f	3	AAAB	1932
b7885f6613b52c9e	2	AABB	2245
b7ad33a8d91a1cd3	2	AABB	2247
b7c1dbc99066d679	3	AAAB	1936
b7ed94a5b6ac0b81	1	ABBB	2544
b81b3976d71d5a46	3	AAAB	1940
b81e3dcb0c081c23	1	ABBB	2548
b82d687ac2e6c28c	3	AAAB	1942
b837ff8daedcde40	2	AABB	2253
b83cf05a0f74fce1	1	ABBB	2549
b849022171a2d889	0	BBBB	625
b89d61dac6c59fc0	2	AABB	2257
b8a63eaa1d8b8db2	1	ABBB	2554
b8bcb99fae2e435d	1	ABBB	2558
b8dbf221eda44728	2	AABB	2260
b8ed649eba891c52	2	AABB	1162
b925826693078f79	3	AAAB	1954
b92cd927cca8f06e	4	AAAA	384
b9338b3f4351d04b	3	AAAB	1955
b93b3184348acd3b	2	AABB	1168
b960ca575c2c7800	3	AAAB	1956
b9759a74fcc82e8a	3	AAAB	1958
b9a54047f27204f6	4	AAAA	387
ba39a67b2ee44355	3	AAAB	1968
ba3abb9c26f6b2a4	3	AAAB	1969
ba678a98b097cf9e	0	BBBB	635
ba80bba39f980ae7	2	AABB	1173
ba919cab84444ea7	2	AABB	2283
ba9f76abae5c180c	2	AABB	1174
baca7f3c4418e7b0	2	AABB	2285
baf1903cb5524900	1	ABBB	2602
bb330e2f5a5796f5	0	BBBB	638
bb482825333e6bb2	3	AAAB	1981
bb593582179ab3ba	1	ABBB	2609
bb6f0b577c0f2c7b	3	AAAB	1983
bbbc4868a19ec1ce	2	AABB	2295
bbe18db3dc34294a	1	ABBB	2618
bc148196f01822a1	3	AAAB	1990
bc284e9da95e2076	3	AAAB	1995
bc3b79fb7dd25e36	3	AAAB	1996
bc51e114f6ee4bf9	2	AABB	2304
bc6364e4947e9101	1	ABBB	2621
bc95fa0b2793a463	1	ABBB	2623
bcc0ad0cdf96f2c2	2	AABB	2306
bcc2543f4c22279f	1	ABBB	2627
bcdaf31f9497224e	3	AAAB	2005
bcf3b7af2f102509	2	AABB	1186
bd313479eefe715a	0	BBBB	649
bd324d7076b9abb1	3	AAAB	2008
bd75fa872316f894	3	AAAB	2012
bd7b16208d7c2946	2	AABB	1189
bd9e7770ea09c471	1	ABBB	2640
be1d4d28d229eb0b	1	ABBB	2644
be374d3a56df2491	2	AABB	1192
be77d80a79a0dce6	2	AABB	2325
be7d8c6130112a8c	2	AABB	1193
be9404226f6b40bc	2	AABB	2327
be9efd46857c6a02	2	AABB	2330
bf1684cdbc3baf80	2	AABB	2338
bf2c7a24a7af74cf	3	AAAB	2030
bf323a788097cf5f	3	AAAB	2031
bf3a7d463b1196b2	1	ABBB	2661
bf824d7076be9a60	1	ABBB	2663
bf969f2a63bb67e5	2	AABB	1198
bf9b677e21b9ea60	1	ABBB	2664
bfffdfbe9c79b2d6	4	AAAA	397
c02e517d1bcd91cf	1	ABBB	2675
c06d6499425df29f	1	ABBB	2678
c159394c11d26bd3	1	ABBB	2687
c196871c71506246	2	AABB	1212
c1977476dd42aa51	1	ABBB	2691
c1cbe95154956516	2	AABB	2361
c1d72e6b8a923df2	3	AAAB	2061
c1eb2d11cd72730a	2	AABB	2363
c20876df3a590212	2	AABB	2366
c235b2b91b59a6ff	2	AABB	1216
c24f5e5da8c3ca73	1	ABBB	2697
c264ce3c96730f73	2	AABB	1219
c2c123f041b4ef59	1	ABBB	2699
c2df612a07f2a3f6	3	AAAB	2068
c2eee2ca2257cd8b	4	AAAA	400
c2f0479bdb6390d8	0	BBBB	459
c2f2e6449ecda0ff	1	ABBB	2702
c31df33cc888064e	2	AABB	2373
c32ac1bc393ae71e	1	ABBB	2709
c37abf1ff10b65b4	0	BBBB	675
c3a6644d0b184f0f	1	ABBB	2718
c3b8f5df4cd9c7bc	0	BBBB	677
c410266291827c8d	3	AAAB	2080
c41dbd755595b448	3	AAAB	2081
c46f377c38326b08	1	ABBB	2724
c47b44eac945ef2a	1	ABBB	2726
c4c99f977ddc0c6f	2	AABB	2392
c4c9a8a3cabc3f57	2	AABB	2393
c4d8d7c81a3a3720	1	ABBB	2734
c51a1db5125d0c3d	3	AAAB	2089
c5598edf194ed3d9	2	AABB	2398
c5a302fdb2caa27a	0	BBBB	680
c60ca27979027083	3	AAAB	2097
c6275a164881424f	0	BBBB	472
c670713f90acf691	1	ABBB	2758
c6ea57c9c3a70e6d	4	AAAA	407
c72d5793648989f4	1	ABBB	2763
c734e63a8e1eb9b7	1	ABBB	2765
c79b157e0f1d2759	2	AABB	2418
c7af2326f793d770	1	ABBB	2772
c7c8809bd98ed4d5	2	AABB	2420
c7cfdba4847e21ae	1	ABBB	2773
c81627ac034b3908	2	AABB	2423
c8397141eacf92ea	0	BBBB	688
c841cbd1a83ab6b9	2	AABB	2426
c8bbda6c10aceea1	3	AAAB	2128
c8f44fc81f5273e1	1	ABBB	2782
c8f87adc010ee084	1	ABBB	2783
c93dd76caa2e5832	3	AAAB	2133
c93e033ee73f2301	1	ABBB	2789
c987ba0ceaee0c5f	1	ABBB	2792
c98c2361826af835	3	AAAB	2134
c9efbb9fa0cd590e	2	AABB	2440
ca0d0d3a2d00527b	0	BBBB	690
ca6e908f23bda9b2	2	AABB	1264
ca787ecbcfc82c9e	1	ABBB	2809
caa2f18fae3628c8	1	ABBB	2811
caf4f3c9b7254bc6	2	AABB	1268
cb2ae52e0e420eba	1	ABBB	2819
cb5e06cfdd612333	0	BBBB	694
cb65f5809f7976ff	0	BBBB	695
cb75a1fd6ca099f0	0	BBBB	484
cb8952c8afae7c91	1	ABBB	2824
cbb9fffd196d2a64	2	AABB	2462
cbba5d648b0e5433	1	ABBB	2826
cbc401f83dd56c4d	3	AAAB	2152
cbe13ebe7fc7bef7	1	ABBB	2828
cc464e23bea5f373	2	AABB	1276
cc82a95018850004	0	BBBB	703
cca6fa7e91ca9e84	3	AAAB	2160
ccd8418ed0b6e6db	4	AAAA	424
ccfa9eb525684f83	1	ABBB	2853
cd055c3a37ef2360	2	AABB	2481
cd07a52ad0dbf34d	1	ABBB	2854
cd39f956d5c6647b	1	ABBB	2858
cd40d9cb4fb00123	2	AABB	2484
cd4fa6625d9b89a7	2	AABB	2485
cd925ae858f2a5b4	1	ABBB	2865
cd938587874c7d88	3	AAAB	2166
cda93716c863e3af	3	AAAB	2167
ce378e1a62b53bc0	2	AABB	2499
ce5a2f93c8b81c9b	0	BBBB	713
ce6507490b23790e	3	AAAB	2179
ce7623b643ba27b8	4	AAAA	429
ce8db81fbdb123dc	1	ABBB	2880
cf79306e563de495	1	ABBB	2889
cfd2ae6d76e0b60d	3	AAAB	2192
d0135bf9254872a0	1	ABBB	2895
d03e6f763acc1604	2	AABB	1294
d0b8b287f5c687e7	4	AAAA	437
d0c771a44bae804c	3	AAAB	2206
d0ec99bdd2a232b4	1	ABBB	2904
d10077db02b03dc9	2	AABB	2531
d10478ef4fd0c4d3	3	AAAB	2209
d11d7b05163e959d	2	AABB	1300
d14d7fc2e91f8223	1	ABBB	2909
d1509db13a3a4ac5	1	ABBB	2910
d1b46a9b9f392f2f	2	AABB	1302
d1ea40195f3f4290	1	ABBB	2920
d223b47ee26766a5	2	AABB	1309
d22c6a5f755df1eb	2	AABB	1310
d2649e28bb71e515	2	AABB	2551
d28f50a46b687687	2	AABB	2554
d3069fd77fdd2070	2	AABB	2562
d3162da625dc677c	3	AAAB	2226
d31c4f4b24cff159	3	AAAB	2227
d3213761b508bce2	1	ABBB	2941
d341cacce53aa985	2	AABB	2564
d3820ad37912358e	1	ABBB	2948
d39062c638b32dbc	2	AABB	2571
d3a6739c54143faf	1	ABBB	2951
d3b44118407cbcc2	2	AABB	2574
d3da7aee6486b14f	4	AAAA	442
d3e89d37deea98c9	1	ABBB	2957
d3f57fcc0b3fc5f1	3	AAAB	2238
d402ca555527db1f	1	ABBB	2960
d414a99238592575	3	AAAB	2244
d420a57d4d48c788	4	AAAA	443
d4251183ae597f8e	3	AAAB	2246
d42f30266d7c2971	3	AAAB	2247
d4378de89141877d	0	BBBB	735
d4af1fb4d32aff89	4	AAAA	446
d4c2d048a29bc8b4	0	BBBB	506
d5266daa5fd38c09	0	BBBB	740
d554905b38fcd3aa	3	AAAB	2258
d5731e20f552ea0b	1	ABBB	2977
d5738d9f51a45f15	2	AABB	1325
d579d33100cac6c0	2	AABB	2594
d5a7fd163790f499	1	ABBB	12
d5d534a954d9b7d9	2	AABB	2601
d5deb27682b3275c	2	AABB	1331
d60a7bffbc0562b0	4	AAAA	450
d67364cdb355af07	1	ABBB	2988
d67d8618bf933b97	1	ABBB	2990
d68a06de9fd252c9	0	BBBB	744
d68e76378e62cc3d	1	ABBB	2991
d69a18854b070cb8	3	AAAB	2268
d6bf9ba2d5444718	2	AABB	1336
d6ff5e2d21288b34	1	ABBB	3001
d736ffa759220cb5	0	BBBB	748
d7b86612a12e2836	1	ABBB	3007
d7c9536f02eba6ae	3	AAAB	2274
d810c37aa5beaeb9	1	ABBB	3013
d8191d155d2cea1c	0	BBBB	751
d839cb79bd18c825	1	ABBB	3016
d86cf74c681288a3	3	AAAB	2284
d8b904b976742575	2	AABB	1351
d8ce6b0057c8e73d	1	ABBB	3029
d8cea5c8726b891f	2	AABB	1352
d8d97e0f7685d1cd	1	ABBB	3030
d8df06e3063d9c64	1	ABBB	3031
d91b76616859abf2	2	AABB	2638
d948569c480b5de9	1	ABBB	3037
d96190314b47a74f	1	ABBB	3038
da0863ac9954897f	2	AABB	2647
da547f20b5a2c822	1	ABBB	3050
da7a7186f65cb6c1	1	ABBB	3052
da8640ab030e793b	0	BBBB	514
daba52100f993757	1	ABBB	3054
dabb1dbee77aa224	2	AABB	2655
dac19fd2bfe5361f	2	AABB	2656
dad2e9a3c802b294	4	AAAA	465
db21819e310be2a0	2	AABB	1367
db2999de0127d444	4	AAAA	247
db5ba2b1448fc24c	1	ABBB	3064
db60db70b43628f1	2	AABB	1371
db80733a44f7d34f	2	AABB	1372
db94cd969c331b1e	1	ABBB	3067
db951748649e7687	2	AABB	2661
dba5f307894e764f	2	AABB	1376
dbcebc59a0ac3c83	1	ABBB	3070
dbf37f13dd0d2785	0	BBBB	767
dc08e600ebd7e0f0	3	AAAB	2309
dc2a1cc411a29ba9	3	AAAB	2313
dc2f919286c50e50	1	ABBB	3080
dc38d12fd398d1ae	1	ABBB	3082
dc81b9435fe06b31	3	AAAB	2320
dca6e2e0a423fdb5	2	AABB	1379
dcdba6225d16c742	4	AAAA	252
dce6bfbe8b0a6d97	3	AAAB	2325
dcf7290be31590ee	1	ABBB	13
dd1a718c30bce857	3	AAAB	2327
dd2aa6a3da6eb429	0	BBBB	525
dd2ca578e9451350	2	AABB	1384
dd77a6fd04e360ba	1	ABBB	3097
ddb25c214e4547ef	1	ABBB	3099
de07a7c9b5315443	2	AABB	1387
de17710229b78026	1	ABBB	3104
de1dbd94bc743667	2	AABB	1388
de20667246de6406	1	ABBB	3105
de287253b1de12d4	0	BBBB	773
de4e95e146c217d6	2	AABB	2692
de8de10092d7f9f2	1	ABBB	3113
deaf3c15c7629eaa	1	ABBB	3115
debfc7c8c9fcab16	3	AAAB	2339
decdfcd2f83169af	2	AABB	2703
df26c608358d8542	0	BBBB	777
df2c5ba8d236e1e6	2	AABB	2708
df50e0f2e53e0e8b	2	AABB	1393
df71d402d966cb2a	2	AABB	2711
dfc73981638788b2	1	ABBB	3127
dff98195a8cc987c	2	AABB	1396
e0060c3fc8081b64	3	AAAB	2355
e00c626fa73c00b4	0	BBBB	530
e0198e837d71da93	1	ABBB	3129
e090f672b89d6b45	1	ABBB	3131
e0a8f9383d42da04	2	AABB	2723
e0b79c13858026cf	1	ABBB	3133
e13aa48e90861b4c	3	AAAB	2365
e1961f7522c3c8bc	3	AAAB	2372
e1abc0573bbb2acb	3	AAAB	2374
e1f24c444829ebb8	1	ABBB	3157
e1f9a9bbd9092638	1	ABBB	3159
e22f65e8bdc68b7b	3	AAAB	2380
e2859083fefb136a	0	BBBB	786
e2a89bb713bd449f	2	AABB	2746
e2de66b44c13daeb	2	AABB	1411
e354f0a37bce3d4d	1	ABBB	3171
e3674e266f7620ff	1	ABBB	3174
e3706dff7e019473	1	ABBB	14
e3b88aef1a8c3d98	0	BBBB	789
e3f817d751c4c0c7	3	AAAB	2396
e4261984fdd3be9d	2	AABB	1418
e44ab5ed592ffc19	1	ABBB	3194
e47297e4ea099461	0	BBBB	537
e4d098db504f2647	1	ABBB	3201
e4f43f36470f5f1c	2	AABB	2773
e50f62a0c99445c0	3	AAAB	2409
e553612f63e41c64	2	AABB	2776
e55ccf56422053cb	1	ABBB	3207
e5625bf376a27ff1	3	AAAB	2413
e581742ad4a760b0	3	AAAB	2416
e594a9ea43dd4343	2	AABB	2778
e5a37570db130321	2	AABB	1427
e5a6711be9ae180e	2	AABB	2779
e5ba40c7419eeccf	1	ABBB	3220
e5e60818ab2810b8	2	AABB	2782
e61f5e1fd509457d	2	AABB	2786
e623f588aaf72934	2	AABB	1430
e63e05d5e0951e21	1	ABBB	3231
e6770614d0eb607b	2	AABB	2792
e699ca8bc5c28ad5	2	AABB	2795
e69f8539be6805e6	1	ABBB	3235
e6a71181c2e77165	3	AAAB	2423
e6a7e3834a6654ac	4	AAAA	489
e6b0e599c6f3fbae	3	AAAB	2424
e71aead98bda1e14	2	AABB	2799
e71f7d1083f1770b	2	AABB	1432
e75318d8fa63a108	3	AAAB	2428
e759b0cdfe08c6b7	2	AABB	2804
e76a3bad0b487c68	2	AABB	1436
e798f5903542935e	1	ABBB	3249
e7a8aac5c5d130ed	2	AABB	2812
e7e0371fb37613c0	2	AABB	1440
e7e683d552dde3db	2	AABB	2816
e800003becea9c7d	2	AABB	1441
e83ec6cd0b457efc	2	AABB	2820
e854cba7cc8c2cc4	3	AAAB	2435
e861c977fa74301b	2	AABB	1442
e8640988d0bcd1a6	2	AABB	2822
e87b916f9c374db1	0	BBBB	542
e91dc83edcb1283a	0	BBBB	544
e938411f7ac0f0a5	2	AABB	2831
e9531835da054fe8	0	BBBB	802
e9ce75145ec2048e	1	ABBB	3268
e9ee861a48de190b	3	AAAB	2445
ea1e12f1752a6841	2	AABB	2846
ea1eee9505ca49d5	1	ABBB	3274
ea3318b989aa4d80	2	AABB	2848
ea436a198a895d33	0	BBBB	804
ea8960c643f1bf15	0	BBBB	546
ea8a7427f6245964	3	AAAB	2454
eadf3537cc6df002	0	BBBB	805
eafea3aa6f6def01	1	ABBB	3286
eb761cb9f3fb5d38	0	BBBB	809
eb76bbe240ef54b4	2	AABB	2863
eba132979230f83c	1	ABBB	3295
ebbd43ad34d48a1e	3	AAAB	2466
ebc022c7a67e5924	2	AABB	2866
ebd6786b8e2c159a	1	ABBB	3300
ec0ca44a0c525c79	1	ABBB	3305
ec179dad6a7903c3	0	BBBB	811
ec1b716b4e151494	1	ABBB	3307
ec20868dd15b83e1	2	AABB	1455
ec47e4bb0fbbda5c	2	AABB	2874
ec7ff229c331f606	4	AAAA	264
ec89616c48b97b3c	2	AABB	1461
eca5d9d98a83784d	2	AABB	2878
ecaa9df8dfc94e10	1	ABBB	3314
ecbb2e08251fdbf7	1	ABBB	3315
ececf7983b674799	1	ABBB	3317
ed21491623c9aa92	3	AAAB	2478
ed4ac79ca305319c	2	AABB	1466
ed581297fd8468ca	1	ABBB	3325
ed691c4d24296968	1	ABBB	3326
ed7fb86c262b8b64	3	AAAB	2482
ed810795c8d7ef31	2	AABB	2885
ed91bc231055d497	2	AABB	2887
edaa3d963f530044	2	AABB	2889
edbf1bd69ddb9fbc	0	BBBB	817
ee035efc51f00401	0	BBBB	555
ee4f026b393d8261	1	ABBB	3336
ee71bdae3a8d443f	2	AABB	1470
eef860f24fecbde2	3	AAAB	2498
ef5ce5372c2731ce	2	AABB	2911
ef8849aa355b69eb	3	AAAB	2499
ef93678dd3ed1795	1	ABBB	3345
efa10339274de3a1	1	ABBB	3346
efb449b3d51ba110	3	AAAB	2500
efd5544dcb7e937f	1	ABBB	3351
efe95af79e42669c	0	BBBB	562
f0172305fb30c1f6	1	ABBB	3353
f01f18530ff59302	1	ABBB	3354
f04894f6e042318c	1	ABBB	3357
f06f0ebdc66990f1	4	AAAA	269
f0755282799b5ef3	3	AAAB	2512
f098ab1a874c2151	0	BBBB	564
f0b02fece86d0509	1	ABBB	3364
f0ed549ae5de5189	2	AABB	2933
f0edd139ad4f1163	2	AABB	1478
f1112aeb33aa0080	0	BBBB	566
f122ddafbdb96917	3	AAAB	2519
f16177d2e1b4195f	2	AABB	2939
f1649d256b67a081	3	AAAB	2521
f19bc8938e62a8d9	2	AABB	1483
f1d3400615b6dd95	1	ABBB	3380
f1e5114d25f20598	0	BBBB	568
f1e83c1592448d01	1	ABBB	3382
f1ef43c336d6552f	2	AABB	1486
f1f1a6b0d0a6bc93	3	AAAB	2527
f1f5302c9416584d	0	BBBB	569
f22addc4cb392476	0	BBBB	570
f233bf1f43505044	3	AAAB	2531
f2565d50e97c8d06	3	AAAB	2534
f25a68f489294d7c	3	AAAB	2535
f2bb91759de5a49a	2	AABB	1490
f2c3602b72d33a7d	0	BBBB	837
f2e26de4f67d75ed	3	AAAB	2542
f32bae578c8e0005	4	AAAA	523
f363d5a068846aa3	3	AAAB	2555
f36a40347fe500d4	2	AABB	2959
f3fceda8433b49ad	1	ABBB	3410
f44881b277fd2da3	2	AABB	1502
f460a1359aade097	1	ABBB	3417
f4b58bb194ee9900	1	ABBB	3422
f4ebb9551dee5bbf	2	AABB	2970
f50286182f399a24	1	ABBB	3424
f503aac20ea047e0	2	AABB	2971
f524e6e70ed92468	4	AAAA	277
f5605945d424eed7	3	AAAB	2574
f5793207cc7f0373	2	AABB	1511
f62a3044ea7c1176	1	ABBB	3440
f639613195cca237	2	AABB	1519
f63d2e93177bc396	0	BBBB	845
f64adb013e47c363	3	AAAB	2582
f6606218fd0b96fa	0	BBBB	582
f67dae924eb7d2aa	1	ABBB	3445
f6d99f772574411e	3	AAAB	2585
f7026571536d2aef	3	AAAB	2588
f736a4bb51c26df6	0	BBBB	586
f7504c3e7a191ca7	1	ABBB	3455
f7676cc68ae1dbfb	1	ABBB	3457
f7691b45225b650e	2	AABB	3006
f7add8624f8df230	2	AABB	1524
f7dfa582782d505a	1	ABBB	3464
f7f72cece0a44678	2	AABB	1529
f8312621f8f4b27e	3	AAAB	2594
f850a92d693dc2e9	1	ABBB	3470
f8673068545a54e2	1	ABBB	3475
f8998e8528d2f14e	3	AAAB	2598
f8de38415a9e06b3	2	AABB	1532
f8ff70b402102b00	0	BBBB	593
f969a2f01fc8f0b7	2	AABB	1534
f9882566e8c2390f	0	BBBB	854
f991d1e1dd52a092	2	AABB	3031
f9a68dc98ad2c8b6	4	AAAA	535
f9aa9ba11edfd07f	3	AAAB	2609
f9b0d787ba925e42	2	AABB	3032
f9cb01bf83dd1053	0	BBBB	857
f9d0b2176cf9890c	0	BBBB	595
f9e118bd526a31aa	2	AABB	3035
f9e557f7e5aedcfb	1	ABBB	3503
fa19d2163de1cbba	1	ABBB	3506
fa46e1cf05933643	2	AABB	1543
fa50825a300812a8	3	AAAB	2617
fa50c5e69485f53a	1	ABBB	3509
fa6f05635329b360	2	AABB	3040
fa72c11bbbd57ddb	2	AABB	3041
fa9408e4427ea93e	2	AABB	1546
fa9682bba8a2585a	4	AAAA	280
fa986a50974886aa	2	AABB	1547
faab4c3f406a399f	1	ABBB	3518
fac3f42517574fa8	0	BBBB	861
fad52045e826c31b	3	AAAB	2620
fb1572cd6ca10bb6	2	AABB	3052
fb3cadc36aa00391	2	AABB	3057
fb5c15698d2683ab	3	AAAB	2628
fb7bafac7d55e7c5	2	AABB	3060
fba0465219acadac	2	AABB	3062
fbabc5ece1947959	1	ABBB	3528
fbac00b55fb61e45	1	ABBB	3529
fbe02c2b02765734	1	ABBB	3534
fbe7afe2f8b91e9b	1	ABBB	3535
fc1b805b6a778786	4	AAAA	543
fc3c22663451b3e5	1	ABBB	3540
fc3fa8a8e96e1915	2	AABB	3073
fc51f8e4525956cf	2	AABB	1554
fca977da82e746f0	2	AABB	3082
fcd44ee7ff2f1347	2	AABB	3085
fcf0d42a891684fe	1	ABBB	3553
fd0b41fc4d0c882f	3	AAAB	2649
fd0b4c5087c98999	0	BBBB	605
fd0c9075056d21e1	1	ABBB	3556
fd3e01fc49cefb04	2	AABB	1562
fd5a977a5ffaa1ea	2	AABB	3091
fd6b76d230586453	2	AABB	3092
fe5334abf9f3828b	2	AABB	3107
fe9418353626746d	0	BBBB	869
fec9cf176aa91ad1	0	BBBB	871
fecaa82e582d13d7	0	BBBB	872
fecd4a0e9fb05960	2	AABB	1574
feec70808fa448e6	3	AAAB	2674
ff02c87327d9799c	3	AAAB	2676
ff08fec9fe3eafb0	1	ABBB	3584
ff19260f612101c1	2	AABB	1577
ff4571c41ae67297	2	AABB	1579
ff74835aa020a586	0	BBBB	874
ff8ede8efccdad08	1	ABBB	3591
ffae7f2ddd6f8a5a	2	AABB	1583
ffe6968061adf976	1	ABBB	3596
fff037bc94057136	1	ABBB	3599
