id	sector	status	attempts
h1_003597af8a184e9f	H1	UNSAT_CROSSCHECKED	1
h1_00642d6d5c6ac629	H1	UNSAT_CROSSCHECKED	2
h1_0065921c8faf1109	H1	UNSAT_CROSSCHECKED	1
h1_006a83940561b7bf	H1	UNSAT_CROSSCHECKED	1
h1_009aab0988eb7975	H1	UNSAT_CROSSCHECKED	2
h1_0119c534ac2e49c1	H1	UNSAT_CROSSCHECKED	1
h1_0127922324824df3	H1	UNSAT_CROSSCHECKED	2
h1_0128282ab06a0661	H1	UNSAT_CROSSCHECKED	1
h1_0194d9f7cd2ccd9b	H1	UNSAT_CROSSCHECKED	1
h1_0275a90ecffe7671	H1	UNSAT_CROSSCHECKED	1
h1_02a5d0f587678263	H1	UNSAT_CROSSCHECKED	1
h1_02ec0cc5f50e18e4	H1	UNSAT_CROSSCHECKED	1
h1_033c1d3e7c348135	H1	UNSAT_CROSSCHECKED	1
h1_033f0edc8558de97	H1	UNSAT_CROSSCHECKED	2
h1_036e4b1c886dd243	H1	UNSAT_CROSSCHECKED	1
h1_038305797ad2029a	H1	UNSAT_CROSSCHECKED	1
h1_03a07cdadfd896c2	H1	UNSAT_CROSSCHECKED	1
h1_03aeeb9e3b51772a	H1	UNSAT_CROSSCHECKED	2
h1_03b98a5ed3f7246a	H1	UNSAT_CROSSCHECKED	1
h1_0440681e879754ea	H1	UNSAT_CROSSCHECKED	1
h1_04a82d59d677a074	H1	UNSAT_CROSSCHECKED	1
h1_04df606bb844af19	H1	UNSAT_CROSSCHECKED	1
h1_050c8ae009c19043	H1	HISTORICAL_VERIFIED_UNSAT	0
h1_051e2195907600c6	H1	UNSAT_CROSSCHECKED	1
h1_05425d6f810b0523	H1	UNSAT_CROSSCHECKED	1
h1_05523267c3bcb83a	H1	UNSAT_CROSSCHECKED	1
h1_0564a033fb3ae09e	H1	UNSAT_CROSSCHECKED	1
h1_058ffdc7b4e84e30	H1	HISTORICAL_VERIFIED_UNSAT	0
h1_05900f4994c8ad66	H1	UNSAT_CROSSCHECKED	1
h1_0594b02299a8c029	H1	UNSAT_CROSSCHECKED	1
h1_05b33a6de7aaa520	H1	HISTORICAL_VERIFIED_UNSAT	0
h1_05dd8e79156ec278	H1	UNSAT_CROSSCHECKED	1
h1_05f3a4d572af7e15	H1	UNSAT_CROSSCHECKED	1
h1_067fe4bb4329b6d2	H1	UNSAT_CROSSCHECKED	2
h1_06965a1a7bd94410	H1	HISTORICAL_VERIFIED_UNSAT	0
h1_06b1014021de3ec4	H1	UNSAT_CROSSCHECKED	2
h1_06d6e9fdaa2bb4b9	H1	UNSAT_CROSSCHECKED	2
h1_06e404ac65ff079b	H1	UNSAT_CROSSCHECKED	1
h1_0753cd9f9708e804	H1	UNSAT_CROSSCHECKED	2
h1_079bec278da073d7	H1	UNSAT_CROSSCHECKED	1
h1_07d932d6cf4ecf58	H1	UNSAT_CROSSCHECKED	1
h1_07e064c7982e270f	H1	UNSAT_CROSSCHECKED	1
h1_0836e1fa2996ee47	H1	UNSAT_CROSSCHECKED	1
h1_087f7ec9906f4d2e	H1	UNSAT_CROSSCHECKED	1
h1_08881b313fa69f2c	H1	UNSAT_CROSSCHECKED	1
h1_08ace6baaed713be	H1	UNSAT_CROSSCHECKED	1
h1_08ca12e07da757b8	H1	UNSAT_CROSSCHECKED	1
h1_08f3ae2782d7748c	H1	UNSAT_CROSSCHECKED	1
h1_0905b5bb2f3eebcf	H1	UNSAT_CROSSCHECKED	1
h1_096bba0bcaf1e953	H1	HISTORICAL_VERIFIED_UNSAT	0
h1_09894418696ac7d4	H1	UNSAT_CROSSCHECKED	1
h1_099be4052c77dab4	H1	UNSAT_CROSSCHECKED	1
h1_09b8ef1a4d78b977	H1	UNSAT_CROSSCHECKED	2
h1_09c7600162e4a5f3	H1	HISTORICAL_VERIFIED_UNSAT	0
h1_0a5c7e9682e74fcf	H1	HISTORICAL_VERIFIED_UNSAT	0
h1_0a841e4f8d157f7d	H1	UNSAT_CROSSCHECKED	1
h1_0ad9dd8cf40067ee	H1	UNSAT_CROSSCHECKED	1
h1_0ae7625227a2effe	H1	UNSAT_CROSSCHECKED	1
h1_0aea569cb4772b51	H1	UNSAT_CROSSCHECKED	1
h1_0af7efba68694f6b	H1	UNSAT_CROSSCHECKED	1
h1_0b2b7e54c36298b3	H1	UNSAT_CROSSCHECKED	1
h1_0b455043f14871f7	H1	UNSAT_CROSSCHECKED	2
h1_0b92dbf9626160c6	H1	UNSAT_CROSSCHECKED	2
h1_0bb87e3cbed39f14	H1	UNSAT_CROSSCHECKED	1
h1_0bbee37fe45d9447	H1	UNSAT_CROSSCHECKED	2
h1_0bd7473b04b7aefd	H1	UNSAT_CROSSCHECKED	1
h1_0c41c2608e5664ae	H1	UNSAT_CROSSCHECKED	1
h1_0c4be381b3bbd7aa	H1	HISTORICAL_VERIFIED_UNSAT	0
h1_0c79d82f56a92899	H1	UNSAT_CROSSCHECKED	3
h1_0c88acb45458e82f	H1	UNSAT_CROSSCHECKED	2
h1_0c8e11d7857fc041	H1	UNSAT_CROSSCHECKED	2
h1_0cbcd5967689a3d5	H1	UNSAT_CROSSCHECKED	2
h1_0cde4277d35ee8b1	H1	UNSAT_CROSSCHECKED	1
h1_0d0be7ac8a4fba3c	H1	UNSAT_CROSSCHECKED	1
h1_0d1070c9fb3d52b8	H1	UNSAT_CROSSCHECKED	1
h1_0d57852fd16e9fc6	H1	UNSAT_CROSSCHECKED	1
h1_0d7b6c70c4a216ee	H1	UNSAT_CROSSCHECKED	1
h1_0db404c43c88e287	H1	UNSAT_CROSSCHECKED	1
h1_0df03b5c3e6a8f3b	H1	UNSAT_CROSSCHECKED	1
h1_0df386cd80006155	H1	UNSAT_CROSSCHECKED	2
h1_0dfd6e8b91c40c3d	H1	UNSAT_CROSSCHECKED	1
h1_0e0ad4ac5337b9b9	H1	UNSAT_CROSSCHECKED	2
h1_0e16acf9625da49e	H1	UNSAT_CROSSCHECKED	2
h1_0e3883c1055d7f60	H1	UNSAT_CROSSCHECKED	1
h1_0e62d0a823d91fbb	H1	UNSAT_CROSSCHECKED	1
h1_0e6d26822a628ddd	H1	UNSAT_CROSSCHECKED	1
h1_0e6f8e3938fa2c20	H1	UNSAT_CROSSCHECKED	1
h1_0e90f8cf0012429c	H1	UNSAT_CROSSCHECKED	1
h1_0f030a1444ab6ce6	H1	UNSAT_CROSSCHECKED	1
h1_0f15bd88e1c24a26	H1	HISTORICAL_VERIFIED_UNSAT	0
h1_0f1a95a8dfaf17d4	H1	HISTORICAL_VERIFIED_UNSAT	0
h1_0f2bbaa8bd823d8e	H1	UNSAT_CROSSCHECKED	1
h1_0f38e41a024599a1	H1	UNSAT_CROSSCHECKED	1
h1_0f60c53e650be341	H1	UNSAT_CROSSCHECKED	1
h1_0fdaffc675ff9d4d	H1	UNSAT_CROSSCHECKED	1
h1_1023a4069f9b505e	H1	UNSAT_CROSSCHECKED	1
h1_10d9196a2e87e162	H1	UNSAT_CROSSCHECKED	1
h1_114a559d9e1bb112	H1	UNSAT_CROSSCHECKED	2
h1_116a4ff3f7e73c42	H1	UNSAT_CROSSCHECKED	1
h1_116d6bd9349d7c77	H1	UNSAT_CROSSCHECKED	1
h1_1183454452377291	H1	UNSAT_CROSSCHECKED	1
h1_1198c64c289bcd84	H1	UNSAT_CROSSCHECKED	1
h1_11dfecd4fdee46a0	H1	UNSAT_CROSSCHECKED	1
h1_11e12e79ceed19f8	H1	HISTORICAL_VERIFIED_UNSAT	0
h1_11eaef932f664d73	H1	UNSAT_CROSSCHECKED	1
h1_11fc301643cb6b2b	H1	UNSAT_CROSSCHECKED	2
h1_120b58adb0030b3b	H1	UNSAT_CROSSCHECKED	1
h1_123d4bf81a2f9473	H1	UNSAT_CROSSCHECKED	2
h1_1245eb021836ca64	H1	UNSAT_CROSSCHECKED	2
h1_12614d4d4b5c4228	H1	UNSAT_CROSSCHECKED	1
h1_12662a2408a67d37	H1	UNSAT_CROSSCHECKED	1
h1_12b393308882cd98	H1	UNSAT_CROSSCHECKED	2
h1_134285f8d149f541	H1	UNSAT_CROSSCHECKED	2
h1_135b8cb295746a55	H1	UNSAT_CROSSCHECKED	1
h1_136e336a56215c40	H1	UNSAT_CROSSCHECKED	1
h1_13ba48474f6ade75	H1	HISTORICAL_VERIFIED_UNSAT	0
h1_13ff1db611d58a47	H1	HISTORICAL_VERIFIED_UNSAT	0
h1_141cbfd69cac2587	H1	UNSAT_CROSSCHECKED	2
h1_1430bb501b02eb93	H1	UNSAT_CROSSCHECKED	1
h1_147ac44b46ebb4b3	H1	UNSAT_CROSSCHECKED	1
h1_147eb2ec284e907c	H1	UNSAT_CROSSCHECKED	1
h1_15161fae06600c42	H1	UNSAT_CROSSCHECKED	2
h1_15323c66ee731e64	H1	HISTORICAL_VERIFIED_UNSAT	0
h1_15719a1de63df481	H1	UNSAT_CROSSCHECKED	2
h1_158f91b455fc11e3	H1	UNSAT_CROSSCHECKED	1
h1_15cbb8087a6bed04	H1	UNSAT_CROSSCHECKED	1
h1_15d45921ec0b9c24	H1	UNSAT_CROSSCHECKED	2
h1_15ed144312925e2f	H1	UNSAT_CROSSCHECKED	1
h1_15f9dbbdd1bfd6df	H1	UNSAT_CROSSCHECKED	1
h1_166b3d4623100d12	H1	UNSAT_CROSSCHECKED	1
h1_168f9e60b5ca8ac3	H1	UNSAT_CROSSCHECKED	1
h1_16901ad8da65ec11	H1	UNSAT_CROSSCHECKED	1
h1_16d6a07f947825ba	H1	HISTORICAL_VERIFIED_UNSAT	0
h1_1720cc9c1364c4db	H1	UNSAT_CROSSCHECKED	2
h1_175bb1ac2988e083	H1	HISTORICAL_VERIFIED_UNSAT	0
h1_17c6df499c086b61	H1	UNSAT_CROSSCHECKED	1
h1_1807297277b6fcf2	H1	UNSAT_CROSSCHECKED	1
h1_18677b9411d87875	H1	UNSAT_CROSSCHECKED	1
h1_18b282125bf248f0	H1	UNSAT_CROSSCHECKED	1
h1_18cf51c8ea59ce67	H1	UNSAT_CROSSCHECKED	1
h1_18e43ade1dbf7681	H1	HISTORICAL_VERIFIED_UNSAT	0
h1_19b2187490fabac2	H1	UNSAT_CROSSCHECKED	1
h1_19b83b6dd588506c	H1	UNSAT_CROSSCHECKED	1
h1_19baa33be97e6c37	H1	UNSAT_CROSSCHECKED	2
h1_1a38399376e7447f	H1	UNSAT_CROSSCHECKED	1
h1_1a391cb92b42e483	H1	UNSAT_CROSSCHECKED	2
h1_1a57b0f570316ce0	H1	UNSAT_CROSSCHECKED	2
h1_1ae7145dd3e8a71f	H1	UNSAT_CROSSCHECKED	1
h1_1b3cbdc4c6da4358	H1	HISTORICAL_VERIFIED_UNSAT	0
h1_1bfdd5d4f6a36fc7	H1	UNSAT_CROSSCHECKED	1
h1_1c02b4caf564b4a9	H1	UNSAT_CROSSCHECKED	2
h1_1c7e6501a91092f2	H1	UNSAT_CROSSCHECKED	1
h1_1c94d915113952f8	H1	UNSAT_CROSSCHECKED	1
h1_1cb37f6aa31e254e	H1	UNSAT_CROSSCHECKED	1
h1_1cd7ab6378689d2f	H1	UNSAT_CROSSCHECKED	1
h1_1d0a43cbfa4cb41b	H1	UNSAT_CROSSCHECKED	1
h1_1d463971d625bea2	H1	UNSAT_CROSSCHECKED	2
h1_1d573a89e87f42e3	H1	UNSAT_CROSSCHECKED	1
h1_1db3058f29cc49d5	H1	UNSAT_CROSSCHECKED	1
h1_1db9aff5d0cde4db	H1	UNSAT_CROSSCHECKED	3
h1_1dbb313084026fcf	H1	UNSAT_CROSSCHECKED	1
h1_1e0cddae75a672a7	H1	HISTORICAL_VERIFIED_UNSAT	0
h1_1e1729454da91cdd	H1	UNSAT_CROSSCHECKED	1
h1_1e625287656f06c9	H1	UNSAT_CROSSCHECKED	1
h1_1e63344dc67d14af	H1	UNSAT_CROSSCHECKED	1
h1_1e81f4c3c928c55c	H1	UNSAT_CROSSCHECKED	1
h1_1e83e055ae6791ec	H1	UNSAT_CROSSCHECKED	2
h1_1ea76b0883e5bbeb	H1	UNSAT_CROSSCHECKED	1
h1_1eaa49471143b9b1	H1	HISTORICAL_VERIFIED_UNSAT	0
h1_1eb8dc7f0bd36abd	H1	UNSAT_CROSSCHECKED	2
h1_1ed4260d6de77776	H1	UNSAT_CROSSCHECKED	1
h1_1ef3cd3f644dccdf	H1	UNSAT_CROSSCHECKED	1
h1_1ef884361530dd36	H1	UNSAT_CROSSCHECKED	1
h1_1f1eba7d727cf68f	H1	UNSAT_CROSSCHECKED	1
h1_1f2611d949e6a98c	H1	UNSAT_CROSSCHECKED	1
h1_1f3747b52bb962b8	H1	UNSAT_CROSSCHECKED	1
h1_1f74d4d04586c089	H1	UNSAT_CROSSCHECKED	1
h1_1fafe508e53a932d	H1	UNSAT_CROSSCHECKED	1
h1_1fd57d821a70141f	H1	UNSAT_CROSSCHECKED	1
h1_201b4ef0e4005164	H1	UNSAT_CROSSCHECKED	1
h1_2050932681822300	H1	UNSAT_CROSSCHECKED	1
h1_2078fc15ad5af996	H1	UNSAT_CROSSCHECKED	1
h1_20b69b43ee59ba39	H1	UNSAT_CROSSCHECKED	1
h1_213252b6d6024031	H1	UNSAT_CROSSCHECKED	1
h1_21a02ec6f6e58647	H1	UNSAT_CROSSCHECKED	1
h1_223a4236ad423693	H1	UNSAT_CROSSCHECKED	2
h1_224d48c45476eae8	H1	UNSAT_CROSSCHECKED	1
h1_22b770cec0d67516	H1	UNSAT_CROSSCHECKED	1
h1_22f9776affb51089	H1	UNSAT_CROSSCHECKED	1
h1_230b4584cfe8ee3b	H1	UNSAT_CROSSCHECKED	1
h1_236554f67ad32957	H1	UNSAT_CROSSCHECKED	1
h1_2377d592dee0e405	H1	UNSAT_CROSSCHECKED	1
h1_2414c5c9a7f966ad	H1	UNSAT_CROSSCHECKED	1
h1_2414eb8657a6f2ce	H1	UNSAT_CROSSCHECKED	2
h1_24e3b660a47b7b78	H1	UNSAT_CROSSCHECKED	2
h1_252c5d63c54e4279	H1	UNSAT_CROSSCHECKED	1
h1_25793c0004c374bc	H1	UNSAT_CROSSCHECKED	2
h1_257ba1bec45428eb	H1	UNSAT_CROSSCHECKED	1
h1_266f566355b65a6c	H1	UNSAT_CROSSCHECKED	1
h1_2676f2c3e943eb9e	H1	UNSAT_CROSSCHECKED	3
h1_26b48d76152436b9	H1	UNSAT_CROSSCHECKED	1
h1_26bd411f980d6a54	H1	UNSAT_CROSSCHECKED	2
h1_26d8e959f2069236	H1	UNSAT_CROSSCHECKED	2
h1_28644fb7d6ccb3ef	H1	UNSAT_CROSSCHECKED	2
h1_289477cc51203ffd	H1	UNSAT_CROSSCHECKED	1
h1_2903d25afa22c635	H1	UNSAT_CROSSCHECKED	1
h1_296061db8c6d07e1	H1	UNSAT_CROSSCHECKED	1
h1_29832d3c2f218a0a	H1	UNSAT_CROSSCHECKED	1
h1_2a0f90ba27c8aeac	H1	UNSAT_CROSSCHECKED	1
h1_2a2c61bffe717339	H1	UNSAT_CROSSCHECKED	1
h1_2a580b5a99da9393	H1	UNSAT_CROSSCHECKED	1
h1_2a87c2ba0573ca1a	H1	UNSAT_CROSSCHECKED	2
h1_2a8fdf93acbb917f	H1	UNSAT_CROSSCHECKED	2
h1_2abcab0064125782	H1	UNSAT_CROSSCHECKED	1
h1_2aeb6383e5e44bf6	H1	UNSAT_CROSSCHECKED	1
h1_2b26cc8703d91325	H1	UNSAT_CROSSCHECKED	1
h1_2b7c5eecc72643bc	H1	UNSAT_CROSSCHECKED	2
h1_2bc83ffa717dee4b	H1	UNSAT_CROSSCHECKED	1
h1_2c04fcdfa1a9f959	H1	UNSAT_CROSSCHECKED	1
h1_2c22b4969bc68443	H1	UNSAT_CROSSCHECKED	1
h1_2c23fc8431b787fa	H1	UNSAT_CROSSCHECKED	1
h1_2c8ca2ed3371046e	H1	UNSAT_CROSSCHECKED	1
h1_2caebdc55ff6279a	H1	HISTORICAL_VERIFIED_UNSAT	0
h1_2cda46b732a42272	H1	HISTORICAL_VERIFIED_UNSAT	0
h1_2d36f686c863ba31	H1	UNSAT_CROSSCHECKED	1
h1_2db01eb0f876e3bb	H1	UNSAT_CROSSCHECKED	1
h1_2e3de27d93a8a51e	H1	UNSAT_CROSSCHECKED	1
h1_2e9bb11491d5bbbc	H1	UNSAT_CROSSCHECKED	1
h1_2ed29fbcbdff8185	H1	UNSAT_CROSSCHECKED	1
h1_2edc09646511c56b	H1	UNSAT_CROSSCHECKED	1
h1_2ef484cd8559dc9b	H1	UNSAT_CROSSCHECKED	3
h1_2f0e55a0396d6a79	H1	HISTORICAL_VERIFIED_UNSAT	0
h1_2f1de23f819234a1	H1	UNSAT_CROSSCHECKED	2
h1_2f85be6c9c1ff663	H1	UNSAT_CROSSCHECKED	1
h1_2fb01233a0d6d670	H1	UNSAT_CROSSCHECKED	1
h1_2ff00120828f8ebe	H1	UNSAT_CROSSCHECKED	1
h1_30251edd666345c0	H1	UNSAT_CROSSCHECKED	2
h1_303c60317e36e21a	H1	UNSAT_CROSSCHECKED	2
h1_30d12b576f050d1d	H1	UNSAT_CROSSCHECKED	2
h1_313c0ddd04520187	H1	UNSAT_CROSSCHECKED	1
h1_3151303b651a1de5	H1	UNSAT_CROSSCHECKED	1
h1_3193845c15944bd1	H1	UNSAT_CROSSCHECKED	2
h1_319f0e376d24bdf7	H1	UNSAT_CROSSCHECKED	1
h1_31defb71c501ec94	H1	UNSAT_CROSSCHECKED	1
h1_321a9f26ba8a0d18	H1	UNSAT_CROSSCHECKED	2
h1_32422611e9bbec3a	H1	UNSAT_CROSSCHECKED	1
h1_32439bf7f5c365d7	H1	UNSAT_CROSSCHECKED	1
h1_3254e4bfa8c9c3fa	H1	HISTORICAL_VERIFIED_UNSAT	0
h1_32c2979d8a07e334	H1	UNSAT_CROSSCHECKED	1
h1_330e6920b64c178a	H1	UNSAT_CROSSCHECKED	2
h1_33373fb957e9fd5c	H1	UNSAT_CROSSCHECKED	1
h1_33468e3ce2708a50	H1	UNSAT_CROSSCHECKED	1
h1_337f47d400ec8979	H1	UNSAT_CROSSCHECKED	2
h1_33a1e538a4ccb993	H1	UNSAT_CROSSCHECKED	1
h1_33d5eb5af33d6517	H1	UNSAT_CROSSCHECKED	1
h1_340632c62ab143d0	H1	UNSAT_CROSSCHECKED	1
h1_3406c0bd7fbb83ab	H1	HISTORICAL_VERIFIED_UNSAT	0
h1_341ef82248614b93	H1	HISTORICAL_VERIFIED_UNSAT	0
h1_3449f8d4aaafbdbd	H1	UNSAT_CROSSCHECKED	1
h1_3497a66ea5676bb4	H1	UNSAT_CROSSCHECKED	1
h1_34a7c05fb8df1eda	H1	UNSAT_CROSSCHECKED	1
h1_34d624f72b7dc7e6	H1	UNSAT_CROSSCHECKED	1
h1_350b6e4c2375982e	H1	UNSAT_CROSSCHECKED	1
h1_351f0996c4c6333c	H1	UNSAT_CROSSCHECKED	1
h1_353ddfeecdd6d243	H1	UNSAT_CROSSCHECKED	1
h1_35958b08961b7cfc	H1	UNSAT_CROSSCHECKED	2
h1_35c284aad6ba17cf	H1	HISTORICAL_VERIFIED_UNSAT	0
h1_35c90676e8f439c4	H1	UNSAT_CROSSCHECKED	1
h1_35d57761da660d4b	H1	UNSAT_CROSSCHECKED	2
h1_35de3428c3c7c2ee	H1	UNSAT_CROSSCHECKED	2
h1_35e3246ce0973db4	H1	HISTORICAL_VERIFIED_UNSAT	0
h1_35f3fb0441090a1e	H1	UNSAT_CROSSCHECKED	1
h1_35f6d9b47e1b2b37	H1	UNSAT_CROSSCHECKED	1
h1_3602e10dd9098784	H1	UNSAT_CROSSCHECKED	2
h1_360cd80d2b896cc6	H1	UNSAT_CROSSCHECKED	1
h1_368b241207ed1e40	H1	UNSAT_CROSSCHECKED	1
h1_370bb4877765bedb	H1	UNSAT_CROSSCHECKED	1
h1_37425911c6e8b7c1	H1	UNSAT_CROSSCHECKED	2
h1_3750bfb28cc6a5a9	H1	UNSAT_CROSSCHECKED	2
h1_3852b751ff650edd	H1	UNSAT_CROSSCHECKED	3
h1_3866fb41badf50b3	H1	UNSAT_CROSSCHECKED	1
h1_38948a3d665b5896	H1	UNSAT_CROSSCHECKED	1
h1_38ebc4546fc6ff36	H1	UNSAT_CROSSCHECKED	1
h1_38ee43e37a3f4700	H1	UNSAT_CROSSCHECKED	1
h1_38f05c3705e73b87	H1	UNSAT_CROSSCHECKED	1
h1_38fe48a56877e32d	H1	UNSAT_CROSSCHECKED	1
h1_39205a5e34cfedac	H1	UNSAT_CROSSCHECKED	1
h1_399e0ec0a6e44d42	H1	HISTORICAL_VERIFIED_UNSAT	0
h1_39ed2e347369ca7d	H1	UNSAT_CROSSCHECKED	1
h1_39f7f16df81956f7	H1	UNSAT_CROSSCHECKED	1
h1_3a2c96e3753ddf18	H1	UNSAT_CROSSCHECKED	1
h1_3a31b047bdf36841	H1	UNSAT_CROSSCHECKED	1
h1_3ac16cf9870258b6	H1	UNSAT_CROSSCHECKED	1
h1_3adfae64c3e19f9b	H1	UNSAT_CROSSCHECKED	1
h1_3b1fb06c815998c2	H1	UNSAT_CROSSCHECKED	2
h1_3b51c7b785dbd246	H1	UNSAT_CROSSCHECKED	1
h1_3bcbdbd4fa71bce7	H1	UNSAT_CROSSCHECKED	2
h1_3bd90e892cf73c72	H1	UNSAT_CROSSCHECKED	1
h1_3c5e4f3e9a249544	H1	UNSAT_CROSSCHECKED	1
h1_3c5f947b6f500741	H1	UNSAT_CROSSCHECKED	1
h1_3cb87a6f7665c2e4	H1	UNSAT_CROSSCHECKED	1
h1_3d6bc5b4e218f2be	H1	UNSAT_CROSSCHECKED	1
h1_3d9be5db6e9110cb	H1	UNSAT_CROSSCHECKED	1
h1_3da7e541fad64089	H1	UNSAT_CROSSCHECKED	1
h1_3ddd27d9cff6e6df	H1	UNSAT_CROSSCHECKED	1
h1_3de5f9e7f1d255e7	H1	UNSAT_CROSSCHECKED	2
h1_3e1a5d8517dc4e81	H1	UNSAT_CROSSCHECKED	1
h1_3e48ec9850423249	H1	UNSAT_CROSSCHECKED	3
h1_3ed856a547503ac9	H1	UNSAT_CROSSCHECKED	1
h1_3f0b053035e117b4	H1	UNSAT_CROSSCHECKED	1
h1_3f20e46d335126c1	H1	UNSAT_CROSSCHECKED	1
h1_3f34b3c631f2f3f2	H1	UNSAT_CROSSCHECKED	2
h1_3f9d4c8822282802	H1	HISTORICAL_VERIFIED_UNSAT	0
h1_3fb5f3af247dee2d	H1	UNSAT_CROSSCHECKED	1
h1_4052a8c1ecc0e874	H1	UNSAT_CROSSCHECKED	1
h1_4086c04dd08953e8	H1	UNSAT_CROSSCHECKED	1
h1_40889de2c33b85f2	H1	UNSAT_CROSSCHECKED	1
h1_40ec89d840cdc66f	H1	UNSAT_CROSSCHECKED	1
h1_4134e1163487c9dc	H1	UNSAT_CROSSCHECKED	1
h1_4145fb5e60b96f30	H1	UNSAT_CROSSCHECKED	1
h1_4182045ae8701eba	H1	UNSAT_CROSSCHECKED	1
h1_419ec1a82c02892c	H1	UNSAT_CROSSCHECKED	2
h1_41b5c63ac15072f0	H1	UNSAT_CROSSCHECKED	1
h1_42856bccfa67dea9	H1	UNSAT_CROSSCHECKED	1
h1_428632e30ad19cbf	H1	UNSAT_CROSSCHECKED	1
h1_428c499d458d2d59	H1	UNSAT_CROSSCHECKED	1
h1_42c8289300cd21a8	H1	UNSAT_CROSSCHECKED	1
h1_42ca2e4bd5748233	H1	UNSAT_CROSSCHECKED	1
h1_42cac94abf93303d	H1	UNSAT_CROSSCHECKED	1
h1_432290054b846d79	H1	UNSAT_CROSSCHECKED	2
h1_4356bf66d11b183e	H1	UNSAT_CROSSCHECKED	2
h1_4364c31114906cb3	H1	UNSAT_CROSSCHECKED	1
h1_4377fcdcdd65eef1	H1	UNSAT_CROSSCHECKED	1
h1_43bf0e996f6afe88	H1	UNSAT_CROSSCHECKED	2
h1_43d0c9cdd990321a	H1	UNSAT_CROSSCHECKED	2
h1_43d4b51f5ec49ef9	H1	UNSAT_CROSSCHECKED	2
h1_44902e5b2fbee3d6	H1	UNSAT_CROSSCHECKED	1
h1_45013134ee43bdd5	H1	UNSAT_CROSSCHECKED	1
h1_4554f384af43ccc6	H1	UNSAT_CROSSCHECKED	1
h1_45b34ac448c32f37	H1	UNSAT_CROSSCHECKED	1
h1_46107bc54108b439	H1	UNSAT_CROSSCHECKED	1
h1_4617365e4b31cb48	H1	UNSAT_CROSSCHECKED	1
h1_4629c4d59f52e9f2	H1	UNSAT_CROSSCHECKED	1
h1_4697eaa0f77b03fd	H1	UNSAT_CROSSCHECKED	1
h1_4754a9605817656c	H1	UNSAT_CROSSCHECKED	1
h1_47776ef65350ff76	H1	UNSAT_CROSSCHECKED	2
h1_48272c11f48328d6	H1	UNSAT_CROSSCHECKED	1
h1_48464353a47b705a	H1	UNSAT_CROSSCHECKED	1
h1_488a539310c0627a	H1	UNSAT_CROSSCHECKED	1
h1_488e655e137845a2	H1	UNSAT_CROSSCHECKED	1
h1_48950f9dcdfb76b9	H1	UNSAT_CROSSCHECKED	1
h1_48c0eb0b06efec19	H1	UNSAT_CROSSCHECKED	1
h1_48d98f16942e8d94	H1	UNSAT_CROSSCHECKED	1
h1_48dcbc2a4c0bff89	H1	UNSAT_CROSSCHECKED	1
h1_4933c162e0861f5f	H1	UNSAT_CROSSCHECKED	1
h1_49ac92512e8bb964	H1	UNSAT_CROSSCHECKED	1
h1_49bef47a66105a25	H1	UNSAT_CROSSCHECKED	1
h1_49cb52d957ff0e39	H1	UNSAT_CROSSCHECKED	2
h1_4a0f2c64f63eb828	H1	UNSAT_CROSSCHECKED	1
h1_4a1bba8e58268637	H1	UNSAT_CROSSCHECKED	1
h1_4a1f827d2d44b243	H1	UNSAT_CROSSCHECKED	1
h1_4a6399ee8fd4d7be	H1	UNSAT_CROSSCHECKED	1
h1_4a660fe6b1cff770	H1	UNSAT_CROSSCHECKED	1
h1_4a7f613170c64104	H1	UNSAT_CROSSCHECKED	1
h1_4a882dd2d9cd27c1	H1	UNSAT_CROSSCHECKED	1
h1_4a888f0a659b7a95	H1	UNSAT_CROSSCHECKED	2
h1_4a92d93dd1a7605f	H1	UNSAT_CROSSCHECKED	1
h1_4ab8cf1e33e7908c	H1	UNSAT_CROSSCHECKED	1
h1_4ad2e9bfd88c40df	H1	HISTORICAL_VERIFIED_UNSAT	0
h1_4b0734a4b6caff8f	H1	UNSAT_CROSSCHECKED	1
h1_4b33ba7ccf02d6e0	H1	UNSAT_CROSSCHECKED	1
h1_4b3fab7479f1d165	H1	UNSAT_CROSSCHECKED	1
h1_4b712d212ac22d31	H1	UNSAT_CROSSCHECKED	2
h1_4c00f0496eaae637	H1	UNSAT_CROSSCHECKED	1
h1_4c20394f0f2f9d89	H1	UNSAT_CROSSCHECKED	1
h1_4ca1057cd7ff1848	H1	HISTORICAL_VERIFIED_UNSAT	0
h1_4cc1e26ad624f038	H1	UNSAT_CROSSCHECKED	1
h1_4d1d540ee07b63b8	H1	HISTORICAL_VERIFIED_UNSAT	0
h1_4dca9b91b25339f4	H1	UNSAT_CROSSCHECKED	1
h1_4ee646ca0ec3e2f0	H1	HISTORICAL_VERIFIED_UNSAT	0
h1_4f26aaaf02db2111	H1	UNSAT_CROSSCHECKED	1
h1_4f8c77620fd809e0	H1	HISTORICAL_VERIFIED_UNSAT	0
h1_4f9e321dbc2bf237	H1	UNSAT_CROSSCHECKED	1
h1_4fa27f7ae62444f6	H1	UNSAT_CROSSCHECKED	1
h1_4fb7232f07aa714c	H1	UNSAT_CROSSCHECKED	1
h1_4fcc6c7b4e851030	H1	UNSAT_CROSSCHECKED	1
h1_4fd3cf47708eb57e	H1	UNSAT_CROSSCHECKED	3
h1_50e25c86511ed1e7	H1	HISTORICAL_VERIFIED_UNSAT	0
h1_50ef110436add884	H1	UNSAT_CROSSCHECKED	1
h1_5103627409ea3bed	H1	UNSAT_CROSSCHECKED	1
h1_517ba64429434d32	H1	UNSAT_CROSSCHECKED	1
h1_5185bad8c5db9b9f	H1	UNSAT_CROSSCHECKED	1
h1_5188d939a371d6c8	H1	UNSAT_CROSSCHECKED	1
h1_51d3be3e5cf793d9	H1	UNSAT_CROSSCHECKED	1
h1_5236e4390f5a1c24	H1	UNSAT_CROSSCHECKED	1
h1_5283fa0cfac20c7d	H1	UNSAT_CROSSCHECKED	1
h1_528457773b2abef3	H1	UNSAT_CROSSCHECKED	1
h1_52e126d3c68726ea	H1	UNSAT_CROSSCHECKED	2
h1_5305027cc6624a9c	H1	UNSAT_CROSSCHECKED	1
h1_5305a7524bbc110e	H1	UNSAT_CROSSCHECKED	2
h1_53b76e1920caff3c	H1	UNSAT_CROSSCHECKED	1
h1_53d71a31b4330083	H1	UNSAT_CROSSCHECKED	1
h1_54fa2f5f1bcd0053	H1	UNSAT_CROSSCHECKED	1
h1_55f77d6ea8efaae6	H1	HISTORICAL_VERIFIED_UNSAT	0
h1_56091c722daa72c1	H1	HISTORICAL_VERIFIED_UNSAT	0
h1_56959384149d2a7a	H1	UNSAT_CROSSCHECKED	1
h1_5699eb7ae2367a82	H1	HISTORICAL_VERIFIED_UNSAT	0
h1_56a11a5d30775403	H1	HISTORICAL_VERIFIED_UNSAT	0
h1_56d291477c62f587	H1	UNSAT_CROSSCHECKED	1
h1_5707d8b303ce12f6	H1	UNSAT_CROSSCHECKED	1
h1_570dabc320b62daf	H1	UNSAT_CROSSCHECKED	1
h1_5712f4e045728212	H1	UNSAT_CROSSCHECKED	1
h1_577608005e126186	H1	UNSAT_CROSSCHECKED	1
h1_57934bdfa6cc961e	H1	UNSAT_CROSSCHECKED	1
h1_579a19b4b3d03c21	H1	HISTORICAL_VERIFIED_UNSAT	0
h1_57e63ef03d1f2817	H1	UNSAT_CROSSCHECKED	1
h1_5814c24509cdc160	H1	UNSAT_CROSSCHECKED	1
h1_5837908478feb36b	H1	UNSAT_CROSSCHECKED	1
h1_593dd556583abcf0	H1	UNSAT_CROSSCHECKED	1
h1_59a11223b6094343	H1	UNSAT_CROSSCHECKED	1
h1_59b38d317ba10da8	H1	UNSAT_CROSSCHECKED	2
h1_59c474459156debd	H1	UNSAT_CROSSCHECKED	1
h1_59ce2cc349119099	H1	HISTORICAL_VERIFIED_UNSAT	0
h1_5a173ed5eeaf7c05	H1	UNSAT_CROSSCHECKED	1
h1_5a2556c322df8219	H1	UNSAT_CROSSCHECKED	1
h1_5a2f6362522bc5b0	H1	UNSAT_CROSSCHECKED	1
h1_5a627d1038dadf24	H1	UNSAT_CROSSCHECKED	1
h1_5a9a0b37a0d48124	H1	UNSAT_CROSSCHECKED	1
h1_5bc39ded652c759e	H1	UNSAT_CROSSCHECKED	2
h1_5bfa79678b88a1aa	H1	UNSAT_CROSSCHECKED	1
h1_5bff74d3aa1d9af3	H1	UNSAT_CROSSCHECKED	1
h1_5c2cd9206549350e	H1	UNSAT_CROSSCHECKED	1
h1_5c35360597c81ff9	H1	UNSAT_CROSSCHECKED	1
h1_5cd27df4c5b95060	H1	UNSAT_CROSSCHECKED	1
h1_5dbe791ca47088f5	H1	UNSAT_CROSSCHECKED	1
h1_5dd353b3c46c6f3d	H1	UNSAT_CROSSCHECKED	1
h1_5e233b37b78484cf	H1	UNSAT_CROSSCHECKED	1
h1_5e5c8470a8b5debc	H1	UNSAT_CROSSCHECKED	1
h1_5eb5d6a1107da45a	H1	UNSAT_CROSSCHECKED	2
h1_5f01c3e1edea0585	H1	UNSAT_CROSSCHECKED	2
h1_5f3c2f1623b71b4f	H1	UNSAT_CROSSCHECKED	1
h1_5f3f2981e597b336	H1	UNSAT_CROSSCHECKED	1
h1_5f4bf480d7382edc	H1	UNSAT_CROSSCHECKED	2
h1_5f50807b0765d9b1	H1	UNSAT_CROSSCHECKED	1
h1_5f51380ed7fd88a2	H1	UNSAT_CROSSCHECKED	1
h1_5f6cd9f51a81a5d7	H1	UNSAT_CROSSCHECKED	1
h1_5fb60ba52089a11b	H1	HISTORICAL_VERIFIED_UNSAT	0
h1_5fb953fd7aeb7c1a	H1	HISTORICAL_VERIFIED_UNSAT	0
h1_5fc4225ac8f37d0e	H1	HISTORICAL_VERIFIED_UNSAT	0
h1_5fd69398faa7d52b	H1	UNSAT_CROSSCHECKED	2
h1_5ffa75a27e5eb540	H1	UNSAT_CROSSCHECKED	2
h1_60379a7915791aae	H1	UNSAT_CROSSCHECKED	1
h1_608934ed09ea62a2	H1	UNSAT_CROSSCHECKED	1
h1_6092c41dc184a338	H1	UNSAT_CROSSCHECKED	1
h1_6093d3d324c1d4d7	H1	HISTORICAL_VERIFIED_UNSAT	0
h1_60aab9e5fe9c608d	H1	UNSAT_CROSSCHECKED	1
h1_60b3d72bcc859b05	H1	UNSAT_CROSSCHECKED	2
h1_60be8b19f9744017	H1	UNSAT_CROSSCHECKED	1
h1_60daa3b3eac712a4	H1	UNSAT_CROSSCHECKED	2
h1_6172dc9509b2d095	H1	UNSAT_CROSSCHECKED	2
h1_6173103a02d11452	H1	UNSAT_CROSSCHECKED	1
h1_6175bc3f7fcde294	H1	UNSAT_CROSSCHECKED	1
h1_61cfc22964303b04	H1	UNSAT_CROSSCHECKED	1
h1_61ef351f6b98c3c9	H1	HISTORICAL_VERIFIED_UNSAT	0
h1_61f48d9964f49147	H1	UNSAT_CROSSCHECKED	1
h1_62958c7b0b7b8fae	H1	UNSAT_CROSSCHECKED	2
h1_62a1b080a06945ab	H1	UNSAT_CROSSCHECKED	2
h1_62f05b12cac57fa8	H1	UNSAT_CROSSCHECKED	1
h1_6314fd90828a1b6a	H1	UNSAT_CROSSCHECKED	1
h1_63250ef8e44408fb	H1	HISTORICAL_VERIFIED_UNSAT	0
h1_636974f4c703e1bf	H1	UNSAT_CROSSCHECKED	1
h1_64033f150f4a3d2a	H1	UNSAT_CROSSCHECKED	1
h1_64735d5b2f373ce5	H1	UNSAT_CROSSCHECKED	1
h1_64a532d32973e299	H1	UNSAT_CROSSCHECKED	1
h1_64ad2bd3923b9b53	H1	UNSAT_CROSSCHECKED	1
h1_64ad5d71530a74cb	H1	HISTORICAL_VERIFIED_UNSAT	0
h1_65308a9bb3be8fcd	H1	UNSAT_CROSSCHECKED	1
h1_65333c6a6cfbe17c	H1	UNSAT_CROSSCHECKED	1
h1_657fb9a4289a9a7b	H1	UNSAT_CROSSCHECKED	1
h1_65bf4a6627d665bb	H1	UNSAT_CROSSCHECKED	1
h1_65fd9104ab1927ba	H1	UNSAT_CROSSCHECKED	1
h1_66715cf9469e0f25	H1	UNSAT_CROSSCHECKED	1
h1_667c0cd5975bc6c7	H1	UNSAT_CROSSCHECKED	1
h1_66b5de91fcd6e9be	H1	UNSAT_CROSSCHECKED	1
h1_6709b579dc8bb4c1	H1	UNSAT_CROSSCHECKED	1
h1_670f500fffbc8351	H1	UNSAT_CROSSCHECKED	1
h1_673168b90ba74915	H1	UNSAT_CROSSCHECKED	1
h1_67a3e802a1824e55	H1	UNSAT_CROSSCHECKED	1
h1_67c796da7e38122b	H1	UNSAT_CROSSCHECKED	1
h1_67db85d41e2dfca8	H1	UNSAT_CROSSCHECKED	1
h1_68f27a3084f0f781	H1	UNSAT_CROSSCHECKED	1
h1_69d936b71e55f11b	H1	UNSAT_CROSSCHECKED	1
h1_6a0f08fc0ef15328	H1	HISTORICAL_VERIFIED_UNSAT	0
h1_6a5251ff840e9903	H1	UNSAT_CROSSCHECKED	1
h1_6ac084adb1fecf38	H1	UNSAT_CROSSCHECKED	1
h1_6b12c151dbadf266	H1	UNSAT_CROSSCHECKED	1
h1_6b24f711972d299c	H1	UNSAT_CROSSCHECKED	1
h1_6b60dadd3173c74c	H1	UNSAT_CROSSCHECKED	1
h1_6bff98b1fdedab3b	H1	UNSAT_CROSSCHECKED	1
h1_6c09682fa6f10c07	H1	UNSAT_CROSSCHECKED	2
h1_6c5673025eb5a43d	H1	UNSAT_CROSSCHECKED	1
h1_6c87995b46794f07	H1	UNSAT_CROSSCHECKED	2
h1_6cae208841fee2d3	H1	UNSAT_CROSSCHECKED	1
h1_6ccb5402de9a71b8	H1	UNSAT_CROSSCHECKED	1
h1_6ccd4827a63028d0	H1	UNSAT_CROSSCHECKED	1
h1_6cd22c1e7c97e9f1	H1	UNSAT_CROSSCHECKED	1
h1_6cd5a164021aefd3	H1	UNSAT_CROSSCHECKED	1
h1_6cff5f388ea0d31d	H1	UNSAT_CROSSCHECKED	2
h1_6d10c8dcdc140eb1	H1	UNSAT_CROSSCHECKED	1
h1_6d2772f55665be74	H1	UNSAT_CROSSCHECKED	1
h1_6d84ab17c29f5b87	H1	UNSAT_CROSSCHECKED	2
h1_6de5ca9f54b7ab67	H1	UNSAT_CROSSCHECKED	2
h1_6e08e0c6ffaff22e	H1	UNSAT_CROSSCHECKED	1
h1_6e120ce7e8e426a9	H1	UNSAT_CROSSCHECKED	1
h1_6ea5d04ed03226b0	H1	UNSAT_CROSSCHECKED	1
h1_6ea61c9e95a24521	H1	UNSAT_CROSSCHECKED	1
h1_6eda0722e3f6a9cd	H1	UNSAT_CROSSCHECKED	1
h1_6ee86bee42db6333	H1	UNSAT_CROSSCHECKED	1
h1_6f1c51156310f027	H1	UNSAT_CROSSCHECKED	1
h1_6f3d74d1a1d55aac	H1	UNSAT_CROSSCHECKED	2
h1_6f68a815992df1e5	H1	UNSAT_CROSSCHECKED	1
h1_6fd79d5ecfae793e	H1	UNSAT_CROSSCHECKED	1
h1_7009e49eedb42fdb	H1	UNSAT_CROSSCHECKED	1
h1_70715c402855f365	H1	UNSAT_CROSSCHECKED	1
h1_7073e031f0eb1f70	H1	UNSAT_CROSSCHECKED	1
h1_708e1a855106351e	H1	UNSAT_CROSSCHECKED	1
h1_70a275e8b52b7734	H1	UNSAT_CROSSCHECKED	1
h1_7179dc8fd9fc92e2	H1	HISTORICAL_VERIFIED_UNSAT	0
h1_718a9b2733c6e3b4	H1	UNSAT_CROSSCHECKED	2
h1_719e89a7551d8dcf	H1	UNSAT_CROSSCHECKED	1
h1_71d2dd21c89263f2	H1	UNSAT_CROSSCHECKED	1
h1_71feed9c2edc5b81	H1	UNSAT_CROSSCHECKED	1
h1_720e127594e9a9e7	H1	UNSAT_CROSSCHECKED	1
h1_7247196a06035117	H1	UNSAT_CROSSCHECKED	2
h1_7270de1d28b4d05c	H1	HISTORICAL_VERIFIED_UNSAT	0
h1_727796104f975d45	H1	UNSAT_CROSSCHECKED	1
h1_72b420e5913c24cd	H1	UNSAT_CROSSCHECKED	1
h1_72cf052f8ef4bd0d	H1	UNSAT_CROSSCHECKED	2
h1_7326a069c6fc20d9	H1	UNSAT_CROSSCHECKED	1
h1_734e02f9a2c4548e	H1	UNSAT_CROSSCHECKED	2
h1_73547147934417cb	H1	UNSAT_CROSSCHECKED	2
h1_73be8bbc4140184b	H1	UNSAT_CROSSCHECKED	1
h1_73db9f0ec77369e8	H1	UNSAT_CROSSCHECKED	3
h1_74451daa482f9e75	H1	UNSAT_CROSSCHECKED	1
h1_74b018d9bfd9e67e	H1	UNSAT_CROSSCHECKED	1
h1_74d0980af91acbe1	H1	UNSAT_CROSSCHECKED	2
h1_74eb3f1a38b6f882	H1	UNSAT_CROSSCHECKED	2
h1_756e36fd8371f64e	H1	UNSAT_CROSSCHECKED	2
h1_758699267f6888e9	H1	UNSAT_CROSSCHECKED	2
h1_75b858f4ba62eb82	H1	UNSAT_CROSSCHECKED	1
h1_75be8c81773c9da1	H1	UNSAT_CROSSCHECKED	1
h1_766e53c39597bd73	H1	UNSAT_CROSSCHECKED	3
h1_76a8c216be42ec5b	H1	UNSAT_CROSSCHECKED	1
h1_774c9bdb805d049d	H1	UNSAT_CROSSCHECKED	1
h1_778e24c168ff95ee	H1	UNSAT_CROSSCHECKED	1
h1_77dd755e1fd60875	H1	UNSAT_CROSSCHECKED	2
h1_77f398cd43fed9eb	H1	UNSAT_CROSSCHECKED	1
h1_78079daa54a72086	H1	UNSAT_CROSSCHECKED	2
h1_78448ba556e17914	H1	UNSAT_CROSSCHECKED	1
h1_7848204fbdde10b6	H1	UNSAT_CROSSCHECKED	1
h1_78e6402bdeadb52d	H1	UNSAT_CROSSCHECKED	1
h1_7929fa20bf3bccce	H1	UNSAT_CROSSCHECKED	1
h1_79332b2c681e8e21	H1	UNSAT_CROSSCHECKED	1
h1_7983296872477a14	H1	UNSAT_CROSSCHECKED	1
h1_7997ea0b3149f074	H1	UNSAT_CROSSCHECKED	1
h1_79db22ac21f60daf	H1	UNSAT_CROSSCHECKED	1
h1_7a02a887333961b0	H1	UNSAT_CROSSCHECKED	1
h1_7a074d93e9a82273	H1	UNSAT_CROSSCHECKED	1
h1_7a2021eb2fb64f7b	H1	UNSAT_CROSSCHECKED	1
h1_7aa9b079313a0cc2	H1	HISTORICAL_VERIFIED_UNSAT	0
h1_7afa046cd36699d3	H1	UNSAT_CROSSCHECKED	1
h1_7b9bfc06161540e0	H1	UNSAT_CROSSCHECKED	2
h1_7bbe357096372d93	H1	UNSAT_CROSSCHECKED	1
h1_7be1a62d17b6006a	H1	UNSAT_CROSSCHECKED	1
h1_7c1407a31fe5e601	H1	UNSAT_CROSSCHECKED	1
h1_7c4b7ba33bc1f358	H1	UNSAT_CROSSCHECKED	1
h1_7c653627c5a260a7	H1	UNSAT_CROSSCHECKED	1
h1_7c713a69e075c467	H1	UNSAT_CROSSCHECKED	1
h1_7c7b14b176f7a4b5	H1	UNSAT_CROSSCHECKED	1
h1_7cde2e46a36ce922	H1	UNSAT_CROSSCHECKED	1
h1_7ce6b96f5a1beb9d	H1	HISTORICAL_VERIFIED_UNSAT	0
h1_7cf654d3ff0883b0	H1	HISTORICAL_VERIFIED_UNSAT	0
h1_7d233115aa125bba	H1	UNSAT_CROSSCHECKED	1
h1_7d58b49f3edcfb78	H1	UNSAT_CROSSCHECKED	1
h1_7d71ec968d570368	H1	UNSAT_CROSSCHECKED	1
h1_7d7597929a380412	H1	UNSAT_CROSSCHECKED	1
h1_7db8e8205fcf0274	H1	UNSAT_CROSSCHECKED	1
h1_7e1b066267e5b2fa	H1	UNSAT_CROSSCHECKED	1
h1_7e1f9451acbf881b	H1	UNSAT_CROSSCHECKED	3
h1_7e3b89d635943ef6	H1	UNSAT_CROSSCHECKED	1
h1_7ed99ba1d7dd2abb	H1	UNSAT_CROSSCHECKED	1
h1_7ee316f50004ef94	H1	HISTORICAL_VERIFIED_UNSAT	0
h1_7ee5aa076620a91d	H1	UNSAT_CROSSCHECKED	1
h1_7f49943ed607f8f3	H1	UNSAT_CROSSCHECKED	1
h1_7f80c3dd6d57aa90	H1	UNSAT_CROSSCHECKED	2
h1_7f88a8f268c9f472	H1	UNSAT_CROSSCHECKED	1
h1_7f9c24d96213318a	H1	UNSAT_CROSSCHECKED	2
h1_800e8673e930bc64	H1	UNSAT_CROSSCHECKED	1
h1_8024d41e36fcffac	H1	UNSAT_CROSSCHECKED	1
h1_803a06900c3ac1ed	H1	HISTORICAL_VERIFIED_UNSAT	0
h1_803caaed653bc936	H1	HISTORICAL_VERIFIED_UNSAT	0
h1_80513f683d54108d	H1	UNSAT_CROSSCHECKED	2
h1_80681b85009b8613	H1	UNSAT_CROSSCHECKED	1
h1_81494a6ef36d3ec9	H1	UNKNOWN	3
h1_81663d6489b63999	H1	UNSAT_CROSSCHECKED	1
h1_8189af8b40530668	H1	UNSAT_CROSSCHECKED	1
h1_81f8be66d5233a0e	H1	UNSAT_CROSSCHECKED	2
h1_823c7ce64826a6cd	H1	UNSAT_CROSSCHECKED	2
h1_8241e5bc7cffb970	H1	UNSAT_CROSSCHECKED	1
h1_826f4a76a58cdafb	H1	UNSAT_CROSSCHECKED	1
h1_827449ebe8fc0e80	H1	UNSAT_CROSSCHECKED	2
h1_828b6e0a3969bc9f	H1	UNSAT_CROSSCHECKED	1
h1_82cc5dfe8ca6c13b	H1	UNSAT_CROSSCHECKED	1
h1_82ecde50d0cffb94	H1	UNSAT_CROSSCHECKED	2
h1_830f9518c62efdf1	H1	UNSAT_CROSSCHECKED	1
h1_8326e78f325bf203	H1	UNSAT_CROSSCHECKED	1
h1_83bbdf03b3097e85	H1	UNSAT_CROSSCHECKED	1
h1_83c4752e24575e7b	H1	UNSAT_CROSSCHECKED	1
h1_847924a8c9ddbde0	H1	UNSAT_CROSSCHECKED	1
h1_849aedd0dde9e61b	H1	UNSAT_CROSSCHECKED	2
h1_84c372b67580f0ad	H1	UNSAT_CROSSCHECKED	1
h1_84e7110af5ccc36b	H1	UNSAT_CROSSCHECKED	1
h1_852f3b3a6f081d29	H1	UNSAT_CROSSCHECKED	1
h1_8598b86c4857990b	H1	UNSAT_CROSSCHECKED	2
h1_85a580a0beb39698	H1	UNSAT_CROSSCHECKED	2
h1_8625e915ccb1d68a	H1	UNSAT_CROSSCHECKED	1
h1_863f715d5bcb94f0	H1	UNSAT_CROSSCHECKED	2
h1_866bec8f3e3c3eac	H1	UNSAT_CROSSCHECKED	1
h1_867892f60d9bf313	H1	UNSAT_CROSSCHECKED	1
h1_868243cf86819da0	H1	UNSAT_CROSSCHECKED	1
h1_86bf1417d706b24f	H1	HISTORICAL_VERIFIED_UNSAT	0
h1_872f6efeb769425e	H1	UNSAT_CROSSCHECKED	1
h1_8747ae024de40fd4	H1	UNSAT_CROSSCHECKED	1
h1_875b5bd0db56eb5b	H1	UNSAT_CROSSCHECKED	1
h1_876c9a2ab8062cd5	H1	UNSAT_CROSSCHECKED	1
h1_87af0129009837dd	H1	UNSAT_CROSSCHECKED	1
h1_87fdf985455610c0	H1	UNSAT_CROSSCHECKED	2
h1_87ff493a7ff8953f	H1	UNSAT_CROSSCHECKED	2
h1_88474a7cbe75ae2f	H1	UNSAT_CROSSCHECKED	1
h1_884b7735397604be	H1	UNSAT_CROSSCHECKED	1
h1_887b00932406648c	H1	UNSAT_CROSSCHECKED	1
h1_88807cf60c75fe73	H1	UNSAT_CROSSCHECKED	1
h1_88a3f076cdb5dd48	H1	UNSAT_CROSSCHECKED	1
h1_88d5f2da7251b7f1	H1	UNSAT_CROSSCHECKED	1
h1_88f091d3af2a4a4c	H1	UNSAT_CROSSCHECKED	1
h1_8995c5d8da874dc0	H1	UNSAT_CROSSCHECKED	2
h1_899b62a08754c430	H1	UNSAT_CROSSCHECKED	1
h1_89b6e903200ef01d	H1	UNSAT_CROSSCHECKED	1
h1_89d767bece5a5202	H1	UNSAT_CROSSCHECKED	2
h1_89e55a3e5392f4ad	H1	UNSAT_CROSSCHECKED	1
h1_8a1b3955403e1960	H1	UNSAT_CROSSCHECKED	1
h1_8a3445016826f304	H1	UNSAT_CROSSCHECKED	1
h1_8a3cc451b9a70cfc	H1	UNSAT_CROSSCHECKED	1
h1_8a40c65c6b646f9c	H1	UNSAT_CROSSCHECKED	2
h1_8ac79eacda7c2607	H1	UNSAT_CROSSCHECKED	1
h1_8afef2a897fdd8ba	H1	UNSAT_CROSSCHECKED	1
h1_8b8c3919c1bb07c2	H1	UNSAT_CROSSCHECKED	1
h1_8ba65d6b4e908ca8	H1	UNSAT_CROSSCHECKED	1
h1_8bb3c7856f2530d2	H1	UNSAT_CROSSCHECKED	1
h1_8bda2faa93a7a455	H1	UNSAT_CROSSCHECKED	1
h1_8c751f2449a1b7ef	H1	UNSAT_CROSSCHECKED	2
h1_8c7549c4f54e2fa9	H1	UNSAT_CROSSCHECKED	2
h1_8c8b1363b570b742	H1	UNSAT_CROSSCHECKED	2
h1_8cfaf3d2f53dc2f4	H1	UNSAT_CROSSCHECKED	1
h1_8d35c26cc42db606	H1	UNSAT_CROSSCHECKED	1
h1_8d6661f86e6a2f2b	H1	UNSAT_CROSSCHECKED	1
h1_8e58511f09a2e05a	H1	UNSAT_CROSSCHECKED	2
h1_8e650bedbccad857	H1	UNSAT_CROSSCHECKED	2
h1_8e7cfd8a8097c2d2	H1	UNSAT_CROSSCHECKED	1
h1_8e8a74a0b0f46968	H1	UNSAT_CROSSCHECKED	1
h1_8eac74bdd9478234	H1	UNSAT_CROSSCHECKED	1
h1_8ecb2774ec8800a6	H1	UNSAT_CROSSCHECKED	1
h1_8efb870c313752f1	H1	UNSAT_CROSSCHECKED	1
h1_8f13b2e1db2bc71c	H1	UNSAT_CROSSCHECKED	1
h1_8f74db1f82fd9a1a	H1	UNSAT_CROSSCHECKED	1
h1_8f74f91d406534d3	H1	UNSAT_CROSSCHECKED	1
h1_8f9f610ef09e770c	H1	UNSAT_CROSSCHECKED	1
h1_8fd10c1021e58cc9	H1	UNSAT_CROSSCHECKED	1
h1_8fda747879d8f293	H1	UNSAT_CROSSCHECKED	1
h1_8fe047f12a06d30b	H1	UNSAT_CROSSCHECKED	2
h1_8ffd69abb40f4cf9	H1	UNSAT_CROSSCHECKED	1
h1_902288239786f6c8	H1	HISTORICAL_VERIFIED_UNSAT	0
h1_9033701a4a95c977	H1	UNSAT_CROSSCHECKED	1
h1_903446d88f7e8c40	H1	UNSAT_CROSSCHECKED	1
h1_90a6d2535371f0ff	H1	UNSAT_CROSSCHECKED	1
h1_910b1e0fb5d8b9cc	H1	UNSAT_CROSSCHECKED	1
h1_918e971dd8129fdc	H1	UNSAT_CROSSCHECKED	1
h1_91aebd0182d1d2b6	H1	UNSAT_CROSSCHECKED	2
h1_91e446bf19787686	H1	UNSAT_CROSSCHECKED	2
h1_920adad748f4b8dd	H1	UNSAT_CROSSCHECKED	1
h1_9232eb68cf21dd28	H1	UNSAT_CROSSCHECKED	1
h1_92500c83c64121be	H1	UNSAT_CROSSCHECKED	2
h1_92823329ca67ee45	H1	UNSAT_CROSSCHECKED	1
h1_9295fd206e3a9568	H1	UNSAT_CROSSCHECKED	1
h1_92a380192864920a	H1	UNSAT_CROSSCHECKED	1
h1_92a80eb31743df18	H1	UNSAT_CROSSCHECKED	1
h1_92bec4dd3e029065	H1	UNSAT_CROSSCHECKED	1
h1_92e24b869970a410	H1	HISTORICAL_VERIFIED_UNSAT	0
h1_93281c230675be53	H1	UNSAT_CROSSCHECKED	1
h1_9365ad78205f6725	H1	UNSAT_CROSSCHECKED	1
h1_9384263267866926	H1	UNSAT_CROSSCHECKED	1
h1_9433de2d9de274c3	H1	UNSAT_CROSSCHECKED	2
h1_94650f3023126eb2	H1	UNSAT_CROSSCHECKED	1
h1_947c0c412c929f11	H1	UNSAT_CROSSCHECKED	1
h1_94917b57daebdad4	H1	UNSAT_CROSSCHECKED	1
h1_94a9c5977a9d7024	H1	UNSAT_CROSSCHECKED	2
h1_94aab1325365080f	H1	UNSAT_CROSSCHECKED	1
h1_95154425ff2857de	H1	UNSAT_CROSSCHECKED	1
h1_9538d39f18459d29	H1	UNSAT_CROSSCHECKED	1
h1_953f222f3b1fef1f	H1	UNSAT_CROSSCHECKED	2
h1_956fa0f87e4a364f	H1	UNSAT_CROSSCHECKED	2
h1_96085f0d23431e51	H1	UNSAT_CROSSCHECKED	1
h1_9672cf8ed381d0c2	H1	UNSAT_CROSSCHECKED	1
h1_96a6d64e68056c07	H1	UNSAT_CROSSCHECKED	1
h1_96f37d829ea092f4	H1	UNSAT_CROSSCHECKED	1
h1_97199e86d41a8881	H1	UNSAT_CROSSCHECKED	1
h1_9749e600ff56ac7f	H1	UNSAT_CROSSCHECKED	1
h1_975cd491c88d79b8	H1	UNSAT_CROSSCHECKED	3
h1_97c6c04e2f35b6bb	H1	HISTORICAL_VERIFIED_UNSAT	0
h1_97c6d62a2066abbf	H1	UNSAT_CROSSCHECKED	1
h1_97ece7bf497036ff	H1	UNSAT_CROSSCHECKED	1
h1_9879c2612524e609	H1	UNSAT_CROSSCHECKED	2
h1_98a378dcd87c89e1	H1	UNSAT_CROSSCHECKED	1
h1_98b623cb3f284e79	H1	UNSAT_CROSSCHECKED	1
h1_98bc0e3adf791e28	H1	UNSAT_CROSSCHECKED	1
h1_98f362af47129e61	H1	UNSAT_CROSSCHECKED	2
h1_995d47719fbf780b	H1	UNSAT_CROSSCHECKED	2
h1_995fea23d545fc1a	H1	UNSAT_CROSSCHECKED	1
h1_99690d3e08296a3a	H1	UNSAT_CROSSCHECKED	1
h1_998b3c8afd67a54a	H1	UNSAT_CROSSCHECKED	1
h1_99ea10cc8d0aea98	H1	UNSAT_CROSSCHECKED	1
h1_9aba8e0fa3ed2817	H1	UNSAT_CROSSCHECKED	1
h1_9ac3264ee67dfc80	H1	UNSAT_CROSSCHECKED	1
h1_9b6a426846610374	H1	UNSAT_CROSSCHECKED	1
h1_9bac3225d8644585	H1	UNSAT_CROSSCHECKED	1
h1_9bdfb597b3af4b30	H1	UNSAT_CROSSCHECKED	1
h1_9c14ed1b8f4a6508	H1	HISTORICAL_VERIFIED_UNSAT	0
h1_9c3c487d9ef4f812	H1	HISTORICAL_VERIFIED_UNSAT	0
h1_9c45359337d58c8e	H1	UNSAT_CROSSCHECKED	1
h1_9c89c4718e463e27	H1	UNSAT_CROSSCHECKED	1
h1_9cad1639d81c3ff3	H1	UNSAT_CROSSCHECKED	1
h1_9cc7fbe1dd681f89	H1	UNSAT_CROSSCHECKED	1
h1_9d2f641863f1824f	H1	UNSAT_CROSSCHECKED	1
h1_9d4f9b2d5defd3ed	H1	UNSAT_CROSSCHECKED	2
h1_9d529c7a23ab77dc	H1	UNSAT_CROSSCHECKED	1
h1_9d547030d9ff2582	H1	UNSAT_CROSSCHECKED	1
h1_9dd459bd3523f5ed	H1	UNSAT_CROSSCHECKED	1
h1_9de06e499360f02d	H1	UNSAT_CROSSCHECKED	1
h1_9e1ed20e45786450	H1	UNSAT_CROSSCHECKED	1
h1_9e22cd71a27e49a6	H1	UNSAT_CROSSCHECKED	1
h1_9e29a1bf42525d95	H1	UNSAT_CROSSCHECKED	1
h1_9e2e97a76667d75f	H1	HISTORICAL_VERIFIED_UNSAT	0
h1_9e8a6e4f062cd69e	H1	UNSAT_CROSSCHECKED	1
h1_9e8fb1c38694357d	H1	UNSAT_CROSSCHECKED	1
h1_9eaa756d6452ed04	H1	UNSAT_CROSSCHECKED	1
h1_9eee93ae944b8260	H1	UNSAT_CROSSCHECKED	1
h1_9f0c3b6770da1377	H1	UNSAT_CROSSCHECKED	1
h1_9f4c8a7e76493e79	H1	UNSAT_CROSSCHECKED	1
h1_9f7a21710a7fe510	H1	UNSAT_CROSSCHECKED	1
h1_9f8e6730607ee8d8	H1	UNSAT_CROSSCHECKED	1
h1_9fa165ceeb92cdcb	H1	UNSAT_CROSSCHECKED	2
h1_9fbf67c362624fae	H1	UNSAT_CROSSCHECKED	1
h1_9fcc81c01148a866	H1	UNSAT_CROSSCHECKED	2
h1_a0887468bb2f6c23	H1	UNSAT_CROSSCHECKED	1
h1_a0c2f67464d6f8d0	H1	UNSAT_CROSSCHECKED	1
h1_a0e2a6e99df45c84	H1	UNSAT_CROSSCHECKED	3
h1_a0f01403038c9c89	H1	UNSAT_CROSSCHECKED	1
h1_a137b8d8c51daecb	H1	UNSAT_CROSSCHECKED	1
h1_a13c7282e4fbd79f	H1	UNSAT_CROSSCHECKED	1
h1_a15172b931494b26	H1	UNSAT_CROSSCHECKED	1
h1_a15617fed2430baa	H1	UNSAT_CROSSCHECKED	1
h1_a15e1f8911e1f4a8	H1	UNSAT_CROSSCHECKED	1
h1_a1ca95a07d6ac6cf	H1	UNSAT_CROSSCHECKED	1
h1_a1d297189ef154bc	H1	UNSAT_CROSSCHECKED	1
h1_a1d83ad5033c6e93	H1	UNSAT_CROSSCHECKED	1
h1_a238126158eaf6b9	H1	UNSAT_CROSSCHECKED	1
h1_a23f37767ddfad07	H1	UNSAT_CROSSCHECKED	1
h1_a255096a57133aef	H1	UNSAT_CROSSCHECKED	1
h1_a26d1fed988e3716	H1	UNSAT_CROSSCHECKED	1
h1_a2c59002617ee73c	H1	UNSAT_CROSSCHECKED	1
h1_a2d2ae41f37541b3	H1	UNSAT_CROSSCHECKED	1
h1_a30d2dcc98848122	H1	UNSAT_CROSSCHECKED	1
h1_a34e8c74aa4490f6	H1	UNSAT_CROSSCHECKED	1
h1_a372886e2213fabe	H1	UNSAT_CROSSCHECKED	1
h1_a3acb073e40780d2	H1	UNSAT_CROSSCHECKED	1
h1_a3b4249aab24dc9c	H1	UNSAT_CROSSCHECKED	1
h1_a3c309f3bb307062	H1	UNSAT_CROSSCHECKED	1
h1_a3cd11feb863127c	H1	UNSAT_CROSSCHECKED	1
h1_a3da846c96a76e08	H1	UNSAT_CROSSCHECKED	1
h1_a4338bbcc3209ed0	H1	UNSAT_CROSSCHECKED	2
h1_a44d875d8a7cf4c1	H1	UNSAT_CROSSCHECKED	2
h1_a49583e2d76fe662	H1	UNSAT_CROSSCHECKED	2
h1_a4a8a58d494cdf96	H1	UNSAT_CROSSCHECKED	1
h1_a4ee7ebbb0258e4d	H1	UNSAT_CROSSCHECKED	1
h1_a50b7b75f6def14d	H1	UNSAT_CROSSCHECKED	1
h1_a615f0fbc719b562	H1	UNSAT_CROSSCHECKED	1
h1_a6279949e86d287e	H1	UNSAT_CROSSCHECKED	1
h1_a6d104e874a543e7	H1	UNSAT_CROSSCHECKED	1
h1_a7012042bb22c0d2	H1	UNSAT_CROSSCHECKED	1
h1_a70d08395605ce5a	H1	UNSAT_CROSSCHECKED	2
h1_a719bddd13a70f6c	H1	UNSAT_CROSSCHECKED	1
h1_a71b8e6f3e4ae776	H1	UNSAT_CROSSCHECKED	2
h1_a71dce2443fac55d	H1	UNSAT_CROSSCHECKED	1
h1_a75fe61710cc0af9	H1	UNSAT_CROSSCHECKED	1
h1_a77833c93e3405f8	H1	HISTORICAL_VERIFIED_UNSAT	0
h1_a778b8a8b7fc308c	H1	UNSAT_CROSSCHECKED	1
h1_a78d2764b4914a80	H1	UNSAT_CROSSCHECKED	1
h1_a79de120b8239525	H1	UNSAT_CROSSCHECKED	1
h1_a7a1e4375c74349a	H1	UNSAT_CROSSCHECKED	1
h1_a7afdefa265f4272	H1	UNSAT_CROSSCHECKED	1
h1_a81e80bf968a15cd	H1	UNSAT_CROSSCHECKED	2
h1_a8259dfc52918b61	H1	UNSAT_CROSSCHECKED	1
h1_a87849002116b030	H1	UNSAT_CROSSCHECKED	1
h1_a949a5eec2af28b0	H1	UNSAT_CROSSCHECKED	1
h1_a983792eae7ac77d	H1	UNSAT_CROSSCHECKED	1
h1_a98f5835b3681d73	H1	UNSAT_CROSSCHECKED	1
h1_a9994949dd2ee8f3	H1	UNSAT_CROSSCHECKED	2
h1_a9c90476296a6da9	H1	UNSAT_CROSSCHECKED	1
h1_a9de763059d15374	H1	UNSAT_CROSSCHECKED	1
h1_a9e4d7fdd6223219	H1	UNSAT_CROSSCHECKED	2
h1_a9f17bfebeab9d39	H1	UNSAT_CROSSCHECKED	1
h1_aa3d5ed34629207c	H1	UNSAT_CROSSCHECKED	1
h1_aaac77a7abdec4da	H1	UNSAT_CROSSCHECKED	1
h1_aacd3c82e94c769a	H1	UNSAT_CROSSCHECKED	1
h1_aacf2c1db8cee0cc	H1	UNSAT_CROSSCHECKED	2
h1_aaf35fcff69a9b02	H1	UNSAT_CROSSCHECKED	1
h1_aaf8c7c33f9dd771	H1	UNSAT_CROSSCHECKED	2
h1_ab1c86946dd86110	H1	UNSAT_CROSSCHECKED	1
h1_ab2efb1f33589184	H1	UNSAT_CROSSCHECKED	1
h1_ab45b66220f815a3	H1	UNSAT_CROSSCHECKED	1
h1_ab647964328e8055	H1	UNSAT_CROSSCHECKED	1
h1_ab67637329b1ec8a	H1	UNSAT_CROSSCHECKED	1
h1_ab7063258b2a4c1b	H1	UNSAT_CROSSCHECKED	1
h1_aba8738f73de57de	H1	UNSAT_CROSSCHECKED	1
h1_abac415607b35ebb	H1	UNSAT_CROSSCHECKED	1
h1_ac06b26dfe8fd55d	H1	UNSAT_CROSSCHECKED	2
h1_ac250b5b04387a33	H1	UNSAT_CROSSCHECKED	1
h1_ac2e23dfc72d9c5e	H1	UNSAT_CROSSCHECKED	3
h1_ac7167e310fe007b	H1	HISTORICAL_VERIFIED_UNSAT	0
h1_ac773623d61f3fce	H1	UNSAT_CROSSCHECKED	1
h1_ac7c82e2dd8475f1	H1	UNSAT_CROSSCHECKED	1
h1_ac82f761e43ded9f	H1	UNSAT_CROSSCHECKED	1
h1_ac9ee153022c9144	H1	UNSAT_CROSSCHECKED	1
h1_acf84391e5ce7a1f	H1	UNSAT_CROSSCHECKED	2
h1_ad0a8a7496da047c	H1	UNSAT_CROSSCHECKED	1
h1_ad21e2dd20a6a5d2	H1	UNSAT_CROSSCHECKED	2
h1_ad2d6123db2b1050	H1	UNSAT_CROSSCHECKED	2
h1_ad5914b47299f849	H1	UNSAT_CROSSCHECKED	1
h1_ad7a97a0a6acc780	H1	UNSAT_CROSSCHECKED	1
h1_ad91f4263b5a9326	H1	UNSAT_CROSSCHECKED	1
h1_ad964b2e9ad728d7	H1	UNSAT_CROSSCHECKED	1
h1_ada1f87833f7baff	H1	UNSAT_CROSSCHECKED	1
h1_adcde2a0d6a6f7ba	H1	UNSAT_CROSSCHECKED	1
h1_ade48258495f2bce	H1	UNSAT_CROSSCHECKED	2
h1_aed244966351a15e	H1	UNSAT_CROSSCHECKED	1
h1_af1468c41f226482	H1	UNSAT_CROSSCHECKED	1
h1_af6cc842b77c7e54	H1	UNSAT_CROSSCHECKED	1
h1_afb7deaeb4d6961e	H1	UNSAT_CROSSCHECKED	2
h1_afe9921438c3d060	H1	UNSAT_CROSSCHECKED	1
h1_b09ab7b3c97eeb0e	H1	UNSAT_CROSSCHECKED	1
h1_b1aa470cb10a0f4a	H1	HISTORICAL_VERIFIED_UNSAT	0
h1_b1b8494450b3e04d	H1	UNSAT_CROSSCHECKED	1
h1_b1f0723008da7e29	H1	UNSAT_CROSSCHECKED	2
h1_b215250180f1809e	H1	UNSAT_CROSSCHECKED	1
h1_b28d071a2c82897d	H1	UNSAT_CROSSCHECKED	1
h1_b2b19e71d279f92a	H1	HISTORICAL_VERIFIED_UNSAT	0
h1_b2c8ff1df5172f4d	H1	UNSAT_CROSSCHECKED	3
h1_b2d20ca1fd1b959c	H1	UNSAT_CROSSCHECKED	1
h1_b2f3ff70211abe58	H1	UNSAT_CROSSCHECKED	1
h1_b3436743d052ce8b	H1	UNSAT_CROSSCHECKED	2
h1_b3779025b26236cd	H1	UNSAT_CROSSCHECKED	1
h1_b3990bdeb3f2c80d	H1	UNSAT_CROSSCHECKED	1
h1_b3b2346faaaaf95b	H1	UNSAT_CROSSCHECKED	1
h1_b3b909c0b6b64042	H1	UNSAT_CROSSCHECKED	1
h1_b3c5c2dfc2654d77	H1	UNSAT_CROSSCHECKED	2
h1_b4222b49d3e06ad3	H1	UNSAT_CROSSCHECKED	1
h1_b441047e67d295ca	H1	UNSAT_CROSSCHECKED	1
h1_b4b7d55a8187b260	H1	UNSAT_CROSSCHECKED	1
h1_b515f2f6f89447a8	H1	HISTORICAL_VERIFIED_UNSAT	0
h1_b51c66cca7637ff3	H1	UNSAT_CROSSCHECKED	1
h1_b51e76d3544feffb	H1	UNSAT_CROSSCHECKED	1
h1_b557479d676e6c21	H1	UNSAT_CROSSCHECKED	1
h1_b566e5faf5c5d234	H1	UNSAT_CROSSCHECKED	1
h1_b571f21f6d278325	H1	UNSAT_CROSSCHECKED	1
h1_b59f60fdda6fed55	H1	UNSAT_CROSSCHECKED	1
h1_b5cbc5b494358f55	H1	UNSAT_CROSSCHECKED	2
h1_b5d7eb550a995f17	H1	UNSAT_CROSSCHECKED	1
h1_b62953fe194fcbd3	H1	UNSAT_CROSSCHECKED	2
h1_b647301779568a1a	H1	HISTORICAL_VERIFIED_UNSAT	0
h1_b65763b30aa09cac	H1	UNSAT_CROSSCHECKED	1
h1_b68f096823bec91a	H1	UNSAT_CROSSCHECKED	1
h1_b6a9324dd7abdabf	H1	UNSAT_CROSSCHECKED	1
h1_b6c54c704b3ae8f6	H1	UNSAT_CROSSCHECKED	1
h1_b6eaecad0234c0d3	H1	UNSAT_CROSSCHECKED	1
h1_b6fa786974f75d77	H1	UNSAT_CROSSCHECKED	1
h1_b703c73f2e9eed50	H1	UNSAT_CROSSCHECKED	2
h1_b7885f6613b52c9e	H1	UNSAT_CROSSCHECKED	2
h1_b79d934c20ea7c2a	H1	HISTORICAL_VERIFIED_UNSAT	0
h1_b7ad33a8d91a1cd3	H1	UNSAT_CROSSCHECKED	2
h1_b7ed94a5b6ac0b81	H1	UNSAT_CROSSCHECKED	3
h1_b81b3976d71d5a46	H1	UNSAT_CROSSCHECKED	1
h1_b837ff8daedcde40	H1	UNSAT_CROSSCHECKED	1
h1_b849022171a2d889	H1	UNSAT_CROSSCHECKED	1
h1_b89d61dac6c59fc0	H1	UNSAT_CROSSCHECKED	1
h1_b8a63eaa1d8b8db2	H1	UNSAT_CROSSCHECKED	2
h1_b8bcb99fae2e435d	H1	UNSAT_CROSSCHECKED	1
h1_b8dbf221eda44728	H1	UNSAT_CROSSCHECKED	1
h1_b8fa929ded877f2e	H1	HISTORICAL_VERIFIED_UNSAT	0
h1_b92cd927cca8f06e	H1	UNSAT_CROSSCHECKED	2
h1_b9338b3f4351d04b	H1	UNSAT_CROSSCHECKED	1
h1_b953a73b0e372480	H1	HISTORICAL_VERIFIED_UNSAT	0
h1_b960ca575c2c7800	H1	UNSAT_CROSSCHECKED	1
h1_b9759a74fcc82e8a	H1	UNSAT_CROSSCHECKED	1
h1_ba39a67b2ee44355	H1	UNSAT_CROSSCHECKED	1
h1_ba3abb9c26f6b2a4	H1	UNSAT_CROSSCHECKED	1
h1_ba80bba39f980ae7	H1	UNSAT_CROSSCHECKED	1
h1_ba919cab84444ea7	H1	UNSAT_CROSSCHECKED	1
h1_ba9f76abae5c180c	H1	UNSAT_CROSSCHECKED	1
h1_baf1903cb5524900	H1	UNSAT_CROSSCHECKED	1
h1_bb330e2f5a5796f5	H1	UNSAT_CROSSCHECKED	1
h1_bb482825333e6bb2	H1	UNSAT_CROSSCHECKED	1
h1_bb6f0b577c0f2c7b	H1	UNSAT_CROSSCHECKED	1
h1_bbbc4868a19ec1ce	H1	UNSAT_CROSSCHECKED	1
h1_bbe18db3dc34294a	H1	UNSAT_CROSSCHECKED	1
h1_bc148196f01822a1	H1	UNSAT_CROSSCHECKED	1
h1_bc284e9da95e2076	H1	UNSAT_CROSSCHECKED	2
h1_bc39b3190c67a00f	H1	UNSAT_CROSSCHECKED	1
h1_bc3b79fb7dd25e36	H1	UNSAT_CROSSCHECKED	1
h1_bc73358c583890cd	H1	HISTORICAL_VERIFIED_UNSAT	0
h1_bc95fa0b2793a463	H1	UNSAT_CROSSCHECKED	1
h1_bcc0ad0cdf96f2c2	H1	UNSAT_CROSSCHECKED	2
h1_bcc2543f4c22279f	H1	UNSAT_CROSSCHECKED	1
h1_bd324d7076b9abb1	H1	UNSAT_CROSSCHECKED	2
h1_bd75fa872316f894	H1	UNSAT_CROSSCHECKED	1
h1_bd7b16208d7c2946	H1	UNSAT_CROSSCHECKED	1
h1_bd9e7770ea09c471	H1	UNSAT_CROSSCHECKED	1
h1_be1d4d28d229eb0b	H1	UNSAT_CROSSCHECKED	1
h1_be374d3a56df2491	H1	UNSAT_CROSSCHECKED	1
h1_be77d80a79a0dce6	H1	UNSAT_CROSSCHECKED	2
h1_be7d8c6130112a8c	H1	UNSAT_CROSSCHECKED	2
h1_be9404226f6b40bc	H1	UNSAT_CROSSCHECKED	1
h1_bf323a788097cf5f	H1	UNSAT_CROSSCHECKED	2
h1_bf3a7d463b1196b2	H1	UNSAT_CROSSCHECKED	1
h1_bf824d7076be9a60	H1	UNSAT_CROSSCHECKED	1
h1_c06d6499425df29f	H1	UNSAT_CROSSCHECKED	1
h1_c159394c11d26bd3	H1	UNSAT_CROSSCHECKED	2
h1_c1977476dd42aa51	H1	UNSAT_CROSSCHECKED	1
h1_c1d72e6b8a923df2	H1	UNSAT_CROSSCHECKED	1
h1_c1eb2d11cd72730a	H1	UNSAT_CROSSCHECKED	1
h1_c20876df3a590212	H1	UNSAT_CROSSCHECKED	2
h1_c231d433d9d538d7	H1	UNSAT_CROSSCHECKED	1
h1_c235b2b91b59a6ff	H1	UNSAT_CROSSCHECKED	1
h1_c24f5e5da8c3ca73	H1	UNSAT_CROSSCHECKED	2
h1_c264ce3c96730f73	H1	UNSAT_CROSSCHECKED	2
h1_c2df612a07f2a3f6	H1	UNSAT_CROSSCHECKED	2
h1_c2eee2ca2257cd8b	H1	UNSAT_CROSSCHECKED	1
h1_c2f0479bdb6390d8	H1	UNSAT_CROSSCHECKED	2
h1_c2f2e6449ecda0ff	H1	UNSAT_CROSSCHECKED	1
h1_c31df33cc888064e	H1	UNSAT_CROSSCHECKED	1
h1_c32ac1bc393ae71e	H1	UNSAT_CROSSCHECKED	2
h1_c37abf1ff10b65b4	H1	UNSAT_CROSSCHECKED	1
h1_c3a6644d0b184f0f	H1	UNSAT_CROSSCHECKED	1
h1_c410266291827c8d	H1	UNSAT_CROSSCHECKED	1
h1_c411aaa072b51add	H1	UNSAT_CROSSCHECKED	1
h1_c41dbd755595b448	H1	UNSAT_CROSSCHECKED	1
h1_c46f377c38326b08	H1	UNSAT_CROSSCHECKED	1
h1_c4a4b92150835bc3	H1	HISTORICAL_VERIFIED_UNSAT	0
h1_c4c9a8a3cabc3f57	H1	UNSAT_CROSSCHECKED	1
h1_c4d8d7c81a3a3720	H1	UNSAT_CROSSCHECKED	1
h1_c51a1db5125d0c3d	H1	UNSAT_CROSSCHECKED	1
h1_c59055eb2859903f	H1	UNSAT_CROSSCHECKED	1
h1_c60116d55d32f668	H1	UNSAT_CROSSCHECKED	1
h1_c6275a164881424f	H1	UNSAT_CROSSCHECKED	3
h1_c72d5793648989f4	H1	UNSAT_CROSSCHECKED	1
h1_c734e63a8e1eb9b7	H1	UNSAT_CROSSCHECKED	1
h1_c7c8809bd98ed4d5	H1	UNSAT_CROSSCHECKED	1
h1_c7cfdba4847e21ae	H1	UNSAT_CROSSCHECKED	1
h1_c865a0d1c69ee2ea	H1	UNSAT_CROSSCHECKED	1
h1_c8bbda6c10aceea1	H1	UNSAT_CROSSCHECKED	2
h1_c8f87adc010ee084	H1	UNSAT_CROSSCHECKED	1
h1_c93dd76caa2e5832	H1	UNSAT_CROSSCHECKED	1
h1_c987ba0ceaee0c5f	H1	UNSAT_CROSSCHECKED	1
h1_ca0d0d3a2d00527b	H1	UNSAT_CROSSCHECKED	1
h1_ca6e908f23bda9b2	H1	UNSAT_CROSSCHECKED	1
h1_ca787ecbcfc82c9e	H1	UNSAT_CROSSCHECKED	1
h1_cb2ae52e0e420eba	H1	UNSAT_CROSSCHECKED	1
h1_cb5e06cfdd612333	H1	UNSAT_CROSSCHECKED	1
h1_cb65f5809f7976ff	H1	UNSAT_CROSSCHECKED	1
h1_cb75a1fd6ca099f0	H1	UNSAT_CROSSCHECKED	2
h1_cbba5d648b0e5433	H1	UNSAT_CROSSCHECKED	1
h1_cbc401f83dd56c4d	H1	UNSAT_CROSSCHECKED	2
h1_cc464e23bea5f373	H1	UNSAT_CROSSCHECKED	2
h1_cc82a95018850004	H1	UNSAT_CROSSCHECKED	1
h1_ccd8418ed0b6e6db	H1	UNSAT_CROSSCHECKED	1
h1_cd055c3a37ef2360	H1	UNSAT_CROSSCHECKED	1
h1_cd07a52ad0dbf34d	H1	UNSAT_CROSSCHECKED	1
h1_cd39f956d5c6647b	H1	UNSAT_CROSSCHECKED	1
h1_cd40d9cb4fb00123	H1	UNSAT_CROSSCHECKED	1
h1_cd91fc344fa62a12	H1	HISTORICAL_VERIFIED_UNSAT	0
h1_cd925ae858f2a5b4	H1	UNSAT_CROSSCHECKED	1
h1_cda93716c863e3af	H1	UNSAT_CROSSCHECKED	2
h1_ce5a2f93c8b81c9b	H1	UNSAT_CROSSCHECKED	1
h1_ce6507490b23790e	H1	UNSAT_CROSSCHECKED	2
h1_ce8db81fbdb123dc	H1	UNSAT_CROSSCHECKED	1
h1_cec9e33d5b126f00	H1	HISTORICAL_VERIFIED_UNSAT	0
h1_ceef63d4bce2901d	H1	HISTORICAL_VERIFIED_UNSAT	0
h1_cf0b53914e729513	H1	HISTORICAL_VERIFIED_UNSAT	0
h1_cfd2ae6d76e0b60d	H1	UNSAT_CROSSCHECKED	1
h1_d0c771a44bae804c	H1	UNSAT_CROSSCHECKED	2
h1_d0ec99bdd2a232b4	H1	UNSAT_CROSSCHECKED	1
h1_d10077db02b03dc9	H1	UNSAT_CROSSCHECKED	1
h1_d10478ef4fd0c4d3	H1	UNSAT_CROSSCHECKED	1
h1_d14d7fc2e91f8223	H1	UNSAT_CROSSCHECKED	1
h1_d1526dbc33714c33	H1	UNSAT_CROSSCHECKED	1
h1_d1b46a9b9f392f2f	H1	UNSAT_CROSSCHECKED	1
h1_d223b47ee26766a5	H1	UNSAT_CROSSCHECKED	2
h1_d28f50a46b687687	H1	UNSAT_CROSSCHECKED	2
h1_d3069fd77fdd2070	H1	UNSAT_CROSSCHECKED	1
h1_d3162da625dc677c	H1	UNSAT_CROSSCHECKED	2
h1_d31c4f4b24cff159	H1	UNSAT_CROSSCHECKED	1
h1_d3213761b508bce2	H1	UNSAT_CROSSCHECKED	1
h1_d3820ad37912358e	H1	UNSAT_CROSSCHECKED	1
h1_d3a6739c54143faf	H1	UNSAT_CROSSCHECKED	1
h1_d3b44118407cbcc2	H1	UNSAT_CROSSCHECKED	1
h1_d3e89d37deea98c9	H1	UNSAT_CROSSCHECKED	1
h1_d402ca555527db1f	H1	UNSAT_CROSSCHECKED	3
h1_d420a57d4d48c788	H1	UNSAT_CROSSCHECKED	1
h1_d4251183ae597f8e	H1	UNSAT_CROSSCHECKED	1
h1_d5266daa5fd38c09	H1	UNSAT_CROSSCHECKED	1
h1_d528845afc930325	H1	UNSAT_CROSSCHECKED	1
h1_d554905b38fcd3aa	H1	UNSAT_CROSSCHECKED	1
h1_d579d33100cac6c0	H1	UNSAT_CROSSCHECKED	1
h1_d5a7fd163790f499	H1	UNSAT_CROSSCHECKED	2
h1_d5d534a954d9b7d9	H1	UNSAT_CROSSCHECKED	1
h1_d5deb27682b3275c	H1	UNSAT_CROSSCHECKED	1
h1_d67364cdb355af07	H1	UNSAT_CROSSCHECKED	1
h1_d67d8618bf933b97	H1	UNSAT_CROSSCHECKED	2
h1_d68a06de9fd252c9	H1	UNSAT_CROSSCHECKED	1
h1_d69a18854b070cb8	H1	UNSAT_CROSSCHECKED	2
h1_d736ffa759220cb5	H1	UNSAT_CROSSCHECKED	1
h1_d7c9536f02eba6ae	H1	UNSAT_CROSSCHECKED	1
h1_d810c37aa5beaeb9	H1	UNSAT_CROSSCHECKED	1
h1_d8191d155d2cea1c	H1	UNSAT_CROSSCHECKED	1
h1_d86cf74c681288a3	H1	UNSAT_CROSSCHECKED	1
h1_d8ce6b0057c8e73d	H1	UNSAT_CROSSCHECKED	1
h1_d8df06e3063d9c64	H1	UNSAT_CROSSCHECKED	1
h1_d948569c480b5de9	H1	UNSAT_CROSSCHECKED	1
h1_d96190314b47a74f	H1	UNSAT_CROSSCHECKED	1
h1_da547f20b5a2c822	H1	UNSAT_CROSSCHECKED	1
h1_da7a7186f65cb6c1	H1	UNSAT_CROSSCHECKED	1
h1_da8640ab030e793b	H1	UNSAT_CROSSCHECKED	2
h1_daba52100f993757	H1	UNSAT_CROSSCHECKED	1
h1_dac19fd2bfe5361f	H1	UNSAT_CROSSCHECKED	2
h1_db2999de0127d444	H1	UNSAT_CROSSCHECKED	1
h1_db60db70b43628f1	H1	UNSAT_CROSSCHECKED	1
h1_db94cd969c331b1e	H1	UNSAT_CROSSCHECKED	1
h1_db951748649e7687	H1	UNSAT_CROSSCHECKED	1
h1_dba11866daee2215	H1	UNSAT_CROSSCHECKED	1
h1_dc265cde47b76250	H1	HISTORICAL_VERIFIED_UNSAT	0
h1_dc2f919286c50e50	H1	UNSAT_CROSSCHECKED	1
h1_dc38d12fd398d1ae	H1	UNSAT_CROSSCHECKED	2
h1_dc5b7dd826fbc82d	H1	HISTORICAL_VERIFIED_UNSAT	0
h1_dc81b9435fe06b31	H1	UNSAT_CROSSCHECKED	1
h1_dca6e2e0a423fdb5	H1	UNSAT_CROSSCHECKED	1
h1_dcdba6225d16c742	H1	UNSAT_CROSSCHECKED	2
h1_dce6bfbe8b0a6d97	H1	UNSAT_CROSSCHECKED	2
h1_dcf7290be31590ee	H1	UNSAT_CROSSCHECKED	1
h1_dd2a353591b82de9	H1	HISTORICAL_VERIFIED_UNSAT	0
h1_ddb25c214e4547ef	H1	UNSAT_CROSSCHECKED	2
h1_dde56c15b712e8f4	H1	HISTORICAL_VERIFIED_UNSAT	0
h1_de1dbd94bc743667	H1	UNSAT_CROSSCHECKED	1
h1_de20667246de6406	H1	UNSAT_CROSSCHECKED	2
h1_de287253b1de12d4	H1	UNSAT_CROSSCHECKED	1
h1_de8de10092d7f9f2	H1	UNSAT_CROSSCHECKED	2
h1_deaf3c15c7629eaa	H1	UNSAT_CROSSCHECKED	1
h1_df21cf066affa6f4	H1	UNSAT_CROSSCHECKED	1
h1_df26c608358d8542	H1	UNSAT_CROSSCHECKED	1
h1_df2c5ba8d236e1e6	H1	UNSAT_CROSSCHECKED	1
h1_df71d402d966cb2a	H1	UNSAT_CROSSCHECKED	1
h1_dfc73981638788b2	H1	UNSAT_CROSSCHECKED	1
h1_dff98195a8cc987c	H1	UNSAT_CROSSCHECKED	2
h1_e00c626fa73c00b4	H1	UNSAT_CROSSCHECKED	2
h1_e0198e837d71da93	H1	UNSAT_CROSSCHECKED	1
h1_e090f672b89d6b45	H1	UNSAT_CROSSCHECKED	1
h1_e0a8f9383d42da04	H1	UNSAT_CROSSCHECKED	2
h1_e0b79c13858026cf	H1	UNSAT_CROSSCHECKED	1
h1_e13aa48e90861b4c	H1	UNSAT_CROSSCHECKED	1
h1_e1961f7522c3c8bc	H1	UNSAT_CROSSCHECKED	1
h1_e1f24c444829ebb8	H1	UNSAT_CROSSCHECKED	1
h1_e1f9a9bbd9092638	H1	UNSAT_CROSSCHECKED	1
h1_e2a89bb713bd449f	H1	UNSAT_CROSSCHECKED	1
h1_e2de66b44c13daeb	H1	UNSAT_CROSSCHECKED	2
h1_e354f0a37bce3d4d	H1	UNSAT_CROSSCHECKED	1
h1_e3674e266f7620ff	H1	UNSAT_CROSSCHECKED	1
h1_e3706dff7e019473	H1	UNSAT_CROSSCHECKED	1
h1_e3b88aef1a8c3d98	H1	UNSAT_CROSSCHECKED	2
h1_e44ab5ed592ffc19	H1	UNSAT_CROSSCHECKED	1
h1_e44bc8dafa62b6a2	H1	UNSAT_CROSSCHECKED	1
h1_e47297e4ea099461	H1	UNSAT_CROSSCHECKED	2
h1_e4af8e1abed2a70e	H1	UNSAT_CROSSCHECKED	1
h1_e5625bf376a27ff1	H1	UNSAT_CROSSCHECKED	1
h1_e594a9ea43dd4343	H1	UNSAT_CROSSCHECKED	1
h1_e5a37570db130321	H1	UNSAT_CROSSCHECKED	1
h1_e5ba40c7419eeccf	H1	UNSAT_CROSSCHECKED	1
h1_e5e60818ab2810b8	H1	UNSAT_CROSSCHECKED	2
h1_e61f5e1fd509457d	H1	UNSAT_CROSSCHECKED	1
h1_e69f8539be6805e6	H1	UNSAT_CROSSCHECKED	1
h1_e6a71181c2e77165	H1	UNSAT_CROSSCHECKED	1
h1_e6a7e3834a6654ac	H1	UNSAT_CROSSCHECKED	1
h1_e6b0e599c6f3fbae	H1	UNSAT_CROSSCHECKED	1
h1_e6f717d2e69cc8e0	H1	UNSAT_CROSSCHECKED	2
h1_e71aead98bda1e14	H1	UNSAT_CROSSCHECKED	1
h1_e71f7d1083f1770b	H1	UNSAT_CROSSCHECKED	3
h1_e75318d8fa63a108	H1	UNSAT_CROSSCHECKED	1
h1_e759b0cdfe08c6b7	H1	UNSAT_CROSSCHECKED	1
h1_e798f5903542935e	H1	UNSAT_CROSSCHECKED	1
h1_e7a8aac5c5d130ed	H1	UNSAT_CROSSCHECKED	1
h1_e7c1dfc9654d954c	H1	UNSAT_CROSSCHECKED	1
h1_e7e0371fb37613c0	H1	UNSAT_CROSSCHECKED	1
h1_e7e683d552dde3db	H1	UNSAT_CROSSCHECKED	1
h1_e83ec6cd0b457efc	H1	UNSAT_CROSSCHECKED	1
h1_e849040925e548cc	H1	HISTORICAL_VERIFIED_UNSAT	0
h1_e854cba7cc8c2cc4	H1	UNSAT_CROSSCHECKED	1
h1_e87b916f9c374db1	H1	UNSAT_CROSSCHECKED	2
h1_e8b2595fd103f042	H1	HISTORICAL_VERIFIED_UNSAT	0
h1_e938411f7ac0f0a5	H1	UNSAT_CROSSCHECKED	1
h1_e9531835da054fe8	H1	UNSAT_CROSSCHECKED	1
h1_e9ce75145ec2048e	H1	UNSAT_CROSSCHECKED	1
h1_e9ee861a48de190b	H1	UNSAT_CROSSCHECKED	2
h1_ea1eee9505ca49d5	H1	UNSAT_CROSSCHECKED	1
h1_ea3318b989aa4d80	H1	UNSAT_CROSSCHECKED	2
h1_ea51dab0cb28b3b0	H1	HISTORICAL_VERIFIED_UNSAT	0
h1_ea8960c643f1bf15	H1	UNSAT_CROSSCHECKED	2
h1_eadf3537cc6df002	H1	UNSAT_CROSSCHECKED	1
h1_eafea3aa6f6def01	H1	UNSAT_CROSSCHECKED	1
h1_eb4b0f334d1663be	H1	UNSAT_CROSSCHECKED	1
h1_eb76bbe240ef54b4	H1	UNSAT_CROSSCHECKED	1
h1_ebbd43ad34d48a1e	H1	UNSAT_CROSSCHECKED	1
h1_ebdc5e749c127971	H1	HISTORICAL_VERIFIED_UNSAT	0
h1_ec0ca44a0c525c79	H1	UNSAT_CROSSCHECKED	1
h1_ec179dad6a7903c3	H1	UNSAT_CROSSCHECKED	1
h1_ec47e4bb0fbbda5c	H1	UNSAT_CROSSCHECKED	1
h1_ec7ff229c331f606	H1	UNSAT_CROSSCHECKED	1
h1_ec89616c48b97b3c	H1	UNSAT_CROSSCHECKED	1
h1_eca5d9d98a83784d	H1	UNSAT_CROSSCHECKED	1
h1_ecaa9df8dfc94e10	H1	UNSAT_CROSSCHECKED	1
h1_ecbb2e08251fdbf7	H1	UNSAT_CROSSCHECKED	1
h1_ed21491623c9aa92	H1	UNSAT_CROSSCHECKED	1
h1_ed4ac79ca305319c	H1	UNSAT_CROSSCHECKED	1
h1_ed691c4d24296968	H1	UNSAT_CROSSCHECKED	1
h1_ed810795c8d7ef31	H1	UNSAT_CROSSCHECKED	1
h1_edaa3d963f530044	H1	UNSAT_CROSSCHECKED	2
h1_ee035efc51f00401	H1	UNSAT_CROSSCHECKED	1
h1_ee2db4a49e0892b3	H1	UNSAT_CROSSCHECKED	1
h1_ee4f026b393d8261	H1	UNSAT_CROSSCHECKED	1
h1_ee71bdae3a8d443f	H1	UNSAT_CROSSCHECKED	2
h1_eea59a47105c38ec	H1	HISTORICAL_VERIFIED_UNSAT	0
h1_eef860f24fecbde2	H1	UNSAT_CROSSCHECKED	1
h1_ef439c3f2a11ee9e	H1	UNSAT_CROSSCHECKED	1
h1_ef5ce5372c2731ce	H1	UNSAT_CROSSCHECKED	2
h1_ef93678dd3ed1795	H1	UNSAT_CROSSCHECKED	1
h1_efa10339274de3a1	H1	UNSAT_CROSSCHECKED	1
h1_efe95af79e42669c	H1	UNSAT_CROSSCHECKED	1
h1_f01f18530ff59302	H1	UNSAT_CROSSCHECKED	1
h1_f04fd8e14a7d9e62	H1	UNSAT_CROSSCHECKED	1
h1_f06f0ebdc66990f1	H1	UNSAT_CROSSCHECKED	1
h1_f0755282799b5ef3	H1	UNSAT_CROSSCHECKED	1
h1_f0ed549ae5de5189	H1	UNSAT_CROSSCHECKED	2
h1_f0edd139ad4f1163	H1	UNSAT_CROSSCHECKED	1
h1_f1112aeb33aa0080	H1	UNSAT_CROSSCHECKED	1
h1_f122ddafbdb96917	H1	UNSAT_CROSSCHECKED	1
h1_f16177d2e1b4195f	H1	UNSAT_CROSSCHECKED	1
h1_f1649d256b67a081	H1	UNSAT_CROSSCHECKED	1
h1_f17ab4278b1bcd97	H1	UNSAT_CROSSCHECKED	1
h1_f19bc8938e62a8d9	H1	UNSAT_CROSSCHECKED	1
h1_f1d3400615b6dd95	H1	UNSAT_CROSSCHECKED	2
h1_f1e5114d25f20598	H1	UNSAT_CROSSCHECKED	2
h1_f1e83c1592448d01	H1	UNSAT_CROSSCHECKED	2
h1_f1ef43c336d6552f	H1	UNSAT_CROSSCHECKED	1
h1_f1f1a6b0d0a6bc93	H1	UNSAT_CROSSCHECKED	1
h1_f1f5302c9416584d	H1	UNSAT_CROSSCHECKED	1
h1_f233bf1f43505044	H1	UNSAT_CROSSCHECKED	2
h1_f2565d50e97c8d06	H1	UNSAT_CROSSCHECKED	2
h1_f25a68f489294d7c	H1	UNSAT_CROSSCHECKED	2
h1_f2bb91759de5a49a	H1	UNSAT_CROSSCHECKED	1
h1_f2e26de4f67d75ed	H1	UNSAT_CROSSCHECKED	1
h1_f3175e183b36012f	H1	UNSAT_CROSSCHECKED	1
h1_f32bae578c8e0005	H1	UNSAT_CROSSCHECKED	1
h1_f363d5a068846aa3	H1	UNSAT_CROSSCHECKED	2
h1_f3fceda8433b49ad	H1	UNSAT_CROSSCHECKED	1
h1_f44881b277fd2da3	H1	UNSAT_CROSSCHECKED	1
h1_f453c90d2c0fb485	H1	HISTORICAL_VERIFIED_UNSAT	0
h1_f45dca0206f97dbd	H1	HISTORICAL_VERIFIED_UNSAT	0
h1_f460a1359aade097	H1	UNSAT_CROSSCHECKED	1
h1_f4b58bb194ee9900	H1	UNSAT_CROSSCHECKED	2
h1_f50286182f399a24	H1	UNSAT_CROSSCHECKED	1
h1_f503aac20ea047e0	H1	UNSAT_CROSSCHECKED	1
h1_f5605945d424eed7	H1	UNSAT_CROSSCHECKED	1
h1_f5793207cc7f0373	H1	UNSAT_CROSSCHECKED	1
h1_f62a3044ea7c1176	H1	UNSAT_CROSSCHECKED	1
h1_f639613195cca237	H1	UNSAT_CROSSCHECKED	2
h1_f63d2e93177bc396	H1	UNSAT_CROSSCHECKED	1
h1_f64adb013e47c363	H1	UNSAT_CROSSCHECKED	1
h1_f6606218fd0b96fa	H1	UNSAT_CROSSCHECKED	1
h1_f67dae924eb7d2aa	H1	UNSAT_CROSSCHECKED	1
h1_f6bf9e168f583f3a	H1	UNSAT_CROSSCHECKED	1
h1_f6d99f772574411e	H1	UNSAT_CROSSCHECKED	2
h1_f6f020ca788662fc	H1	HISTORICAL_VERIFIED_UNSAT	0
h1_f7026571536d2aef	H1	UNSAT_CROSSCHECKED	1
h1_f736a4bb51c26df6	H1	UNSAT_CROSSCHECKED	1
h1_f7504c3e7a191ca7	H1	UNSAT_CROSSCHECKED	1
h1_f7691b45225b650e	H1	UNSAT_CROSSCHECKED	2
h1_f7add8624f8df230	H1	UNSAT_CROSSCHECKED	1
h1_f7da138edf386e74	H1	HISTORICAL_VERIFIED_UNSAT	0
h1_f7df5246bbd8ab3c	H1	UNSAT_CROSSCHECKED	1
h1_f7dfa582782d505a	H1	UNSAT_CROSSCHECKED	1
h1_f7e1d45069e7ade7	H1	HISTORICAL_VERIFIED_UNSAT	0
h1_f8312621f8f4b27e	H1	UNSAT_CROSSCHECKED	1
h1_f850a92d693dc2e9	H1	UNSAT_CROSSCHECKED	1
h1_f8673068545a54e2	H1	UNSAT_CROSSCHECKED	1
h1_f8ad3e11da8577dd	H1	HISTORICAL_VERIFIED_UNSAT	0
h1_f8ff70b402102b00	H1	UNSAT_CROSSCHECKED	2
h1_f941d236ef297d1d	H1	HISTORICAL_VERIFIED_UNSAT	0
h1_f969a2f01fc8f0b7	H1	UNSAT_CROSSCHECKED	1
h1_f9aa9ba11edfd07f	H1	UNSAT_CROSSCHECKED	1
h1_f9b0d787ba925e42	H1	UNSAT_CROSSCHECKED	2
h1_f9cb01bf83dd1053	H1	UNSAT_CROSSCHECKED	2
h1_f9d0b2176cf9890c	H1	UNSAT_CROSSCHECKED	1
h1_f9e557f7e5aedcfb	H1	UNSAT_CROSSCHECKED	1
h1_fa19d2163de1cbba	H1	UNSAT_CROSSCHECKED	2
h1_fa72c11bbbd57ddb	H1	UNSAT_CROSSCHECKED	1
h1_fa91192a322d685f	H1	UNSAT_CROSSCHECKED	1
h1_fa9408e4427ea93e	H1	UNSAT_CROSSCHECKED	1
h1_fa9682bba8a2585a	H1	UNSAT_CROSSCHECKED	2
h1_fac3f42517574fa8	H1	UNSAT_CROSSCHECKED	1
h1_fad52045e826c31b	H1	UNSAT_CROSSCHECKED	2
h1_fb1572cd6ca10bb6	H1	UNSAT_CROSSCHECKED	1
h1_fb7bafac7d55e7c5	H1	UNSAT_CROSSCHECKED	1
h1_fbabc5ece1947959	H1	UNSAT_CROSSCHECKED	1
h1_fc3c22663451b3e5	H1	UNSAT_CROSSCHECKED	1
h1_fc3fa8a8e96e1915	H1	UNSAT_CROSSCHECKED	1
h1_fc51f8e4525956cf	H1	UNSAT_CROSSCHECKED	2
h1_fca977da82e746f0	H1	UNSAT_CROSSCHECKED	1
h1_fcf0d42a891684fe	H1	UNSAT_CROSSCHECKED	2
h1_fd0b41fc4d0c882f	H1	UNSAT_CROSSCHECKED	2
h1_fd3e01fc49cefb04	H1	UNSAT_CROSSCHECKED	1
h1_fd6b76d230586453	H1	UNSAT_CROSSCHECKED	1
h1_fe1b5c8c1a502158	H1	UNSAT_CROSSCHECKED	1
h1_fe5334abf9f3828b	H1	UNSAT_CROSSCHECKED	1
h1_fe9418353626746d	H1	UNSAT_CROSSCHECKED	1
h1_fecd4a0e9fb05960	H1	UNSAT_CROSSCHECKED	1
h1_feec70808fa448e6	H1	UNSAT_CROSSCHECKED	1
h1_ff02c87327d9799c	H1	UNSAT_CROSSCHECKED	1
h1_ff19260f612101c1	H1	UNSAT_CROSSCHECKED	1
h1_ff8ede8efccdad08	H1	UNSAT_CROSSCHECKED	1
h1_ffae7f2ddd6f8a5a	H1	UNSAT_CROSSCHECKED	1
h1_fff037bc94057136	H1	UNSAT_CROSSCHECKED	1
h3_t0_canonical	H3	NOT_RUN	0
h3_t1_canonical	H3	NOT_RUN	0
h5_t0.cube-0-0	H5	NOT_RUN	0
h5_t0.cube-1-1	H5	NOT_RUN	0
h5_t0.cube-1-2	H5	NOT_RUN	0
h5_t0.cube-1-3	H5	NOT_RUN	0
h5_t0.cube-1-4	H5	NOT_RUN	0
h5_t0.cube-1-5	H5	NOT_RUN	0
h5_t0.cube-1-6	H5	NOT_RUN	0
h5_t0.cube-1-7	H5	NOT_RUN	0
h5_t0.cube-2-1	H5	NOT_RUN	0
h5_t0.cube-2-2	H5	NOT_RUN	0
h5_t0.cube-2-3	H5	NOT_RUN	0
h5_t0.cube-2-4	H5	NOT_RUN	0
h5_t0.cube-2-5	H5	NOT_RUN	0
h5_t0.cube-2-6	H5	NOT_RUN	0
h5_t0.cube-2-7	H5	NOT_RUN	0
h5_t0.cube-3-1	H5	NOT_RUN	0
h5_t0.cube-3-2	H5	NOT_RUN	0
h5_t0.cube-3-3	H5	NOT_RUN	0
h5_t0.cube-3-4	H5	NOT_RUN	0
h5_t0.cube-3-5	H5	NOT_RUN	0
h5_t0.cube-3-6	H5	NOT_RUN	0
h5_t0.cube-3-7	H5	NOT_RUN	0
h5_t0.cube-4-1	H5	NOT_RUN	0
h5_t0.cube-4-2	H5	NOT_RUN	0
h5_t0.cube-4-3	H5	NOT_RUN	0
h5_t0.cube-4-4	H5	NOT_RUN	0
h5_t0.cube-4-5	H5	NOT_RUN	0
h5_t0.cube-4-6	H5	NOT_RUN	0
h5_t0.cube-4-7	H5	NOT_RUN	0
h5_t0.cube-5-1	H5	NOT_RUN	0
h5_t0.cube-5-2	H5	NOT_RUN	0
h5_t0.cube-5-3	H5	NOT_RUN	0
h5_t0.cube-5-4	H5	NOT_RUN	0
h5_t0.cube-5-5	H5	NOT_RUN	0
h5_t0.cube-5-6	H5	NOT_RUN	0
h5_t0.cube-5-7	H5	NOT_RUN	0
h5_t0.cube-6-1	H5	NOT_RUN	0
h5_t0.cube-6-2	H5	NOT_RUN	0
h5_t0.cube-6-3	H5	NOT_RUN	0
h5_t0.cube-6-4	H5	NOT_RUN	0
h5_t0.cube-6-5	H5	NOT_RUN	0
h5_t0.cube-6-6	H5	NOT_RUN	0
h5_t0.cube-6-7	H5	NOT_RUN	0
h5_t1.cube-0-0	H5	NOT_RUN	0
h5_t1.cube-1-1	H5	NOT_RUN	0
h5_t1.cube-1-2	H5	NOT_RUN	0
h5_t1.cube-1-3	H5	NOT_RUN	0
h5_t1.cube-1-4	H5	NOT_RUN	0
h5_t1.cube-1-5	H5	NOT_RUN	0
h5_t1.cube-1-6	H5	NOT_RUN	0
h5_t1.cube-1-7	H5	NOT_RUN	0
h5_t1.cube-2-1	H5	NOT_RUN	0
h5_t1.cube-2-2	H5	NOT_RUN	0
h5_t1.cube-2-3	H5	NOT_RUN	0
h5_t1.cube-2-4	H5	NOT_RUN	0
h5_t1.cube-2-5	H5	NOT_RUN	0
h5_t1.cube-2-6	H5	NOT_RUN	0
h5_t1.cube-2-7	H5	NOT_RUN	0
h5_t1.cube-3-1	H5	NOT_RUN	0
h5_t1.cube-3-2	H5	NOT_RUN	0
h5_t1.cube-3-3	H5	NOT_RUN	0
h5_t1.cube-3-4	H5	NOT_RUN	0
h5_t1.cube-3-5	H5	NOT_RUN	0
h5_t1.cube-3-6	H5	NOT_RUN	0
h5_t1.cube-3-7	H5	NOT_RUN	0
h5_t1.cube-4-1	H5	NOT_RUN	0
h5_t1.cube-4-2	H5	NOT_RUN	0
h5_t1.cube-4-3	H5	NOT_RUN	0
h5_t1.cube-4-4	H5	NOT_RUN	0
h5_t1.cube-4-5	H5	NOT_RUN	0
h5_t1.cube-4-6	H5	NOT_RUN	0
h5_t1.cube-4-7	H5	NOT_RUN	0
h5_t1.cube-5-1	H5	NOT_RUN	0
h5_t1.cube-5-2	H5	NOT_RUN	0
h5_t1.cube-5-3	H5	NOT_RUN	0
h5_t1.cube-5-4	H5	NOT_RUN	0
h5_t1.cube-5-5	H5	NOT_RUN	0
h5_t1.cube-5-6	H5	NOT_RUN	0
h5_t1.cube-5-7	H5	NOT_RUN	0
h5_t1.cube-6-1	H5	NOT_RUN	0
h5_t1.cube-6-2	H5	NOT_RUN	0
h5_t1.cube-6-3	H5	NOT_RUN	0
h5_t1.cube-6-4	H5	NOT_RUN	0
h5_t1.cube-6-5	H5	NOT_RUN	0
h5_t1.cube-6-6	H5	NOT_RUN	0
h5_t1.cube-6-7	H5	NOT_RUN	0
h5_t2.cube-0-0	H5	NOT_RUN	0
h5_t2.cube-1-1	H5	NOT_RUN	0
h5_t2.cube-1-2	H5	NOT_RUN	0
h5_t2.cube-1-3	H5	NOT_RUN	0
h5_t2.cube-1-4	H5	NOT_RUN	0
h5_t2.cube-1-5	H5	NOT_RUN	0
h5_t2.cube-1-6	H5	NOT_RUN	0
h5_t2.cube-1-7	H5	NOT_RUN	0
h5_t2.cube-2-1	H5	NOT_RUN	0
h5_t2.cube-2-2	H5	NOT_RUN	0
h5_t2.cube-2-3	H5	NOT_RUN	0
h5_t2.cube-2-4	H5	NOT_RUN	0
h5_t2.cube-2-5	H5	NOT_RUN	0
h5_t2.cube-2-6	H5	NOT_RUN	0
h5_t2.cube-2-7	H5	NOT_RUN	0
h5_t2.cube-3-1	H5	NOT_RUN	0
h5_t2.cube-3-2	H5	NOT_RUN	0
h5_t2.cube-3-3	H5	NOT_RUN	0
h5_t2.cube-3-4	H5	NOT_RUN	0
h5_t2.cube-3-5	H5	NOT_RUN	0
h5_t2.cube-3-6	H5	NOT_RUN	0
h5_t2.cube-3-7	H5	NOT_RUN	0
h5_t2.cube-4-1	H5	NOT_RUN	0
h5_t2.cube-4-2	H5	NOT_RUN	0
h5_t2.cube-4-3	H5	NOT_RUN	0
h5_t2.cube-4-4	H5	NOT_RUN	0
h5_t2.cube-4-5	H5	NOT_RUN	0
h5_t2.cube-4-6	H5	NOT_RUN	0
h5_t2.cube-4-7	H5	NOT_RUN	0
h5_t2.cube-5-1	H5	NOT_RUN	0
h5_t2.cube-5-2	H5	NOT_RUN	0
h5_t2.cube-5-3	H5	NOT_RUN	0
h5_t2.cube-5-4	H5	NOT_RUN	0
h5_t2.cube-5-5	H5	NOT_RUN	0
h5_t2.cube-5-6	H5	NOT_RUN	0
h5_t2.cube-5-7	H5	NOT_RUN	0
h5_t2.cube-6-1	H5	NOT_RUN	0
h5_t2.cube-6-2	H5	NOT_RUN	0
h5_t2.cube-6-3	H5	NOT_RUN	0
h5_t2.cube-6-4	H5	NOT_RUN	0
h5_t2.cube-6-5	H5	NOT_RUN	0
h5_t2.cube-6-6	H5	NOT_RUN	0
h5_t2.cube-6-7	H5	NOT_RUN	0
cube_F6_t5	H7	NOT_RUN	0
cube_F6_t8	H7	NOT_RUN	0
cube_F6_t14	H7	NOT_RUN	0
cube_F6_t15	H7	NOT_RUN	0
cube_F6_t16	H7	NOT_RUN	0
cube_F6_t17	H7	NOT_RUN	0
cube_F6_t18	H7	NOT_RUN	0
cube_F7_t0	H7	NOT_RUN	0
cube_F7_t2	H7	NOT_RUN	0
cube_F7_t3	H7	NOT_RUN	0
cube_F7_t4	H7	NOT_RUN	0
cube_F7_t5	H7	NOT_RUN	0
cube_F7_t6	H7	NOT_RUN	0
cube_F7_t8	H7	NOT_RUN	0
cube_F7_t9	H7	NOT_RUN	0
cube_F7_t10	H7	NOT_RUN	0
cube_F7_t11	H7	NOT_RUN	0
cube_F7_t13	H7	NOT_RUN	0
cube_F7_t14	H7	NOT_RUN	0
cube_F8_t0	H7	NOT_RUN	0
cube_F8_t1	H7	NOT_RUN	0
cube_F8_t2	H7	NOT_RUN	0
cube_F8_t3	H7	NOT_RUN	0
cube_F8_t4	H7	NOT_RUN	0
cube_F8_t5	H7	NOT_RUN	0
cube_F8_t6	H7	NOT_RUN	0
cube_F9_t0	H7	NOT_RUN	0
cube_F9_t1	H7	NOT_RUN	0
