cube	leaves	cover_cnf_sha256	solver_cpu_s	checker_cpu_s	conflicts	proof_bytes	proof_sha256	cake_lpr
cube_F6_t14	893	f5a36574dd9a0fa6a002d5a062936bdf72ff316fb0b957562a89ab38b86759f5	1.92	1.64	14571	4484246	f839a0aefaa828845c8f389ff53396593c6d1067bf704e61935a37dbc0aa1733	s VERIFIED UNSAT
cube_F6_t15	893	9c6080b74eeeac6d1863897b83d52977acdf889f9c5789b77d4089a14cd9d74d	1.94	1.65	14199	4417934	290023eb8e4cd65ad83e016834dbeea20ea77d23fc951f7ab770c460285e7609	s VERIFIED UNSAT
cube_F6_t5	3456	1cacfbaac58d988d4396fdf24c7169d1b6d70a8f22707ad83de2e66944d995bb	3.24	1.9	33863	9870017	05251385816da1aadade1c77812e751f97b6ea0ec47d16928f5e3dcf35bdb7a7	s VERIFIED UNSAT
cube_F6_t16	9442	bd0cd2dd171c7d3a2a7b5f66cb91b75fc4f946883b1abab694366ae0dc205d84	4.8	2.24	53044	13273123	66919c6c4e132bf017a283d16e749058f6b6c19c9be3d6d0bc456c77f3ec1806	s VERIFIED UNSAT
cube_F6_t17	9442	d60ee49fecb34038f7e5325304697103a648748ab347f98ac0ce3eb6922614cc	4.68	2.36	50121	15340661	d1c7fb406ab83860d3997c64529afbb4c1555327a8d1c0e6865b5574f0cc0697	s VERIFIED UNSAT
cube_F6_t18	9442	70b58db4a1e41b07297830cd58ef190d81247a0e2b2fa78fac138cd187a39022	5.18	2.27	58259	12765185	f24d0e1a8b3651cd8ac2bf73ba399fb1d49c428b410a86926d915f629ca35faa	s VERIFIED UNSAT
cube_F7_t2	11025	e6d32d70441fcf0bef3f6969d120046fa324df4a1bb082cfe881868cf38705c7	6.39	2.7	61038	20024166	590b268530e9aa2a4bb6e0fe401ca29e3a03d4f90f9d4cd49f1c6539e8131d91	s VERIFIED UNSAT
cube_F6_t8	20225	064f148bbbcbaa2c1c9cf7d646ebfe1a144265b700388e82cfe30f79c8eefdf4	11.58	3.58	122368	33222892	af06159fa0f05a79a8c5a2eefd2716422a6be385d4a73ce9a2114a8335fb900f	s VERIFIED UNSAT
cube_F7_t5	3456	8129908e9b2f1dfe0009224d8d5c35232aeffb3b46fdd7af809a34a353b468d8	2.81	1.84	28947	8306599	eb23d75bd9a13aa99823fdd0b8b05beba5d63440daceb1d149cf9b42aa0b71a3	s VERIFIED UNSAT
cube_F7_t4	11025	d4409a4d67c1836ddb36962180e1fdabc7d7eea789d300410652386db8707fbb	6.59	2.55	64976	18765014	4b185e42c6d2b99fbe413b1a6acb5af6afb3eb72e6fffc7d9a7a8b3cfc117ea2	s VERIFIED UNSAT
cube_F7_t3	11025	33185eb850a182efacf4a996118c4e42034cf4edea6bd734e934e74198d78f4d	7.35	2.55	78104	19148432	2d07bdc03ad1abebe40e5dfddfdba7e12e47290de946b86bdadf99e036dc5723	s VERIFIED UNSAT
cube_F7_t6	3456	1112fe832cb30ebebb08ae1544410cb1e61b2643bc4022601a98d424d1ec152b	4.23	1.91	43600	9662842	7dfe3dfb1b0ae884b2c199c9929be9645abd6131204fbb11509ba5c65653e938	s VERIFIED UNSAT
cube_F7_t9	3456	095b1693dfc4cb017af5d8ba653b3efe5a0a13d0e703dd8e9d5ce381161f231c	2.95	1.92	28813	9832138	dae922fa654677f3307254faf7f82d518c7c5db4c1d9697c513249c1a991198f	s VERIFIED UNSAT
cube_F7_t8	3456	82b27d4a6052a8fb911e143f04da4be9ebafdfc560cefa770f2f30f907d1273b	4.96	2.09	52419	12185096	b14eedd432abd50031ece04f511d1b70e550eb344c82cd0d786efeff51794b7a	s VERIFIED UNSAT
cube_F7_t14	9442	f949f7608bae779570b1e0b181663de40acac9fc9280eb906c4b672b617f042b	7.29	2.24	51105	12920485	d24fef38f79f3f2c24a074b054b6dcb7814cf66e3322757779d27d1da4d681f6	s VERIFIED UNSAT
cube_F7_t11	20225	9db2aa8e354498a3f2072ae92a6c308e10e0c9dc35d6cc616ded3a5a58532db1	10.15	3.4	98801	29777109	86f3e8b223577514cdf275c887cb584cd0435fb5a5483a1006301b4dd94831bc	s VERIFIED UNSAT
cube_F7_t0	32538	12d7ea2298425252f87b8a880d31b58d90e24c5b78432ceeaa74898482342a41	23.29	3.9	88585	38905416	73f6ed7f331fb457289c72012f30fa107b4847f8ff4ee7d1fd774f315fe7f2b3	s VERIFIED UNSAT
cube_F7_t13	20225	e8e34f48403bfa6b33b31d78d233b585f3e12cca759d3f106720e365c855822d	11.69	3.63	119104	34498977	44230ebf235535fec72a1206b6a2a056e10c9ef8aed6d3283a12eecc835c6155	s VERIFIED UNSAT
cube_F8_t0	32538	76760fa7da97c5e9825d1e2ee80b6b853bec2af8bcdb5eb8f65305e646437aa4	10.6	3.59	88989	33109336	05b849a269899536ab7aba15ed7f8a10b52e68ae3baa81ad920dd244fc33f802	s VERIFIED UNSAT
cube_F8_t1	11025	b2552b508bcbdc5e5531464d1b3e552685f99579616b13f803e5765fb795bc76	6.5	2.7	66672	20503126	8b5b9ac9102cb37568d0e86743c6ade80d10811f3a11dbd25b4f9ad9102c2b8b	s VERIFIED UNSAT
cube_F8_t2	11025	4c8a3fc584d3d79d889bc93603c2f82f0c3b2e78e11486a13911a3ff863fcc25	6.11	2.63	61881	19159015	357b7a5e0194bb000b55834cc3d94ac0d0e7ee3c5ddaf6f9bcce2184ce847eef	s VERIFIED UNSAT
cube_F8_t3	11025	45b6ae5e9f0039ded41c035c00317b09b6e3b601c179b5e66552a04faf69f7fb	5.76	2.43	59088	15904184	8128b97e79691459f86589d44a3a53c7b14a3e52e12866681135f2cdf7a37718	s VERIFIED UNSAT
cube_F8_t5	3456	01274e9e8667b2d1bbf71fe4e79043461609170e4ad96dc8e7b63baee46c7094	2.75	1.82	27764	7829492	dabd798bd604c012d5d58ee2c67cf842d3f8ac48f95bf88a335a54defb0c6101	s VERIFIED UNSAT
cube_F8_t4	11025	94b6bea071daa17d25e70260405156ac2050b1671d6ab79a8c238b78dd169aee	6.79	2.87	70391	23967486	4c01da2c3f68e428a736a61cefc56d5da24e6503f9c29e187b0b1e1c6e2b4f73	s VERIFIED UNSAT
cube_F9_t1	11025	f6babadfa2db16098c06510cca5ff206c5e75e3bdd1acf0bda3795648b07cd81	6.01	2.76	62552	21342690	1fe51c29a24d2811cc416dfe2c880b6a77890fa81908b4e082242ee6026d120d	s VERIFIED UNSAT
cube_F8_t6	20225	4ad97de13d3e68e954db880da67ddf950ecb2151b854a60d4af5dcce359584a3	10.0	3.38	95029	28859783	06770b54c8de408a7d8733dd0c9d545b244050fda973644fac6ac874cb721751	s VERIFIED UNSAT
cube_F9_t0	32538	df019508c193591b98130e8b1600f05c72d8d63b4be65f3fc6ff3bf755123d3b	10.93	3.27	96365	27149227	282cee32848805ba5a97b76942b0328ae60624f04a43d969268f42bf58727648	s VERIFIED UNSAT
cube_F7_t10	50772	8799776e6625c187ff528df455156ce37cbc012efdeef53a7e96358496341866	39.69	7.08	261587	85020728	0d50480eded8b39fb152c66026e1ff4bfa57d836dc435f6f4f5fe2badab67c33	s VERIFIED UNSAT
