Erdos1035Problem	FAIL
Erdos1036HypergraphOQ03	PASS
Erdos1036OQ01	FAIL
Erdos1036OQ01OQ01	FAIL
Erdos1036Problem	FAIL
Erdos1037Aristotle	PASS
Erdos1037Problem	PASS
Erdos1038Problem	FAIL
Erdos1038WIP01	FAIL
Erdos1039Aristotle	FAIL
Erdos1039Conformal	FAIL
Erdos1039Problem	PASS
Erdos1039ProblemAristotle	FAIL
Erdos103OQ01	PASS
Erdos103OQ02	PASS
Erdos103OQ02Bounds	FAIL
Erdos103OQ02Finite	PASS
Erdos103OQ02N2	PASS
Erdos103OQ02SmallCases	PASS
Erdos103Problem	PASS
Erdos1040Aristotle	FAIL
Erdos1040Convex	FAIL
Erdos1040OQ03	FAIL
Erdos1040OQ03OQ01	PASS
Erdos1040OQ03OQ02	PASS
Erdos1040Problem	FAIL
Erdos1041Problem	FAIL
Erdos1042OQ02	PASS
Erdos1042OQ03	PASS
Erdos1042Problem	FAIL
Erdos1043Aristotle	FAIL
Erdos1043Problem	PASS
Erdos1044Problem	FAIL
Erdos1045Problem	FAIL
Erdos1046Problem	FAIL
Erdos1047Main	PASS
Erdos1047OQ02	PASS
Erdos1047OQ02Certificate	PASS
Erdos1047OQ02ChordExit	PASS
Erdos1047OQ02Reduction	PASS
Erdos1047Problem	PASS
Erdos1048Aristotle	FAIL
Erdos1048Problem	FAIL
Erdos1048ProblemAristotle	FAIL
Erdos1049Aristotle	FAIL
Erdos1049Problem	FAIL
Erdos1049ProblemAristotle	PASS
Erdos104Problem	FAIL
Erdos1050Aristotle	FAIL
Erdos1050Problem	FAIL
Erdos1050ProblemAristotle	FAIL
Erdos1051Problem	FAIL
Erdos1052Aristotle	PASS
Erdos1052Problem	FAIL
Erdos1053Problem	FAIL
Erdos1054AlmostAllOQ01	FAIL
Erdos1054AlmostAllOQ0103	FAIL
Erdos1054ConstructionD	FAIL
Erdos1054ConstructionDOQ01	PASS
Erdos1054ConstructionDOQ02	PASS
Erdos1054OQ01	FAIL
Erdos1054OQ02	FAIL
Erdos1054Problem	FAIL
Erdos1055Problem	FAIL
Erdos1056Aristotle	FAIL
Erdos1056OQ01	PASS
Erdos1056Problem	FAIL
Erdos1057OQ04	PASS
Erdos1057Problem	FAIL
Erdos1058OQ03	PASS
Erdos1058Problem	PASS
Erdos1059OQ01	PASS
Erdos1059OQ01OQ01	PASS
Erdos1059OQ02	PASS
Erdos1059OQ02OQ01	FAIL
Erdos1059OQ03	FAIL
Erdos1059OQ04	FAIL
Erdos1059OQ05	PASS
Erdos1059Problem	FAIL
Erdos105OQ01	PASS
Erdos105OQ01OQ01	PASS
Erdos105OQ02	PASS
Erdos105OQ05	FAIL
Erdos105Problem	PASS
Erdos1060Problem	FAIL
Erdos1061Problem	FAIL
Erdos1062OQ04	FAIL
Erdos1062Problem	FAIL
Erdos1063Problem	PASS
Erdos1064Problem	PASS
Erdos1065BatemanHorn	PASS
Erdos1065CunninghamChains	FAIL
Erdos1065Incomplete01	PASS
Erdos1065OQ01	PASS
Erdos1065Problem	FAIL
Erdos1066OQ04	FAIL
Erdos1066OQ04OQ03	PASS
Erdos1066Problem	FAIL
Erdos1067Problem	FAIL
Erdos1068Problem	FAIL
Erdos1069Problem	PASS
Erdos106OQ02	FAIL
Erdos106Problem	FAIL
Erdos1070OQ05	PASS
Erdos1070Problem	FAIL
Erdos1071Problem	FAIL
Erdos1072Problem	PASS
Erdos1073Problem	FAIL
Erdos1074Problem	PASS
Erdos1075Problem	FAIL
Erdos1076Problem	FAIL
Erdos1077Problem	PASS
Erdos1078Problem	FAIL
Erdos1079Problem	FAIL
Erdos107Aristotle	PASS
Erdos107OQ01	FAIL
Erdos107OQ01KleinUpperAristotle	FAIL
Erdos107Problem	PASS
Erdos1080OQ03	FAIL
Erdos1080Problem	FAIL
Erdos1081Problem	FAIL
Erdos1082OQ01	PASS
Erdos1082Problem	FAIL
Erdos1083OQ02	FAIL
Erdos1083Problem	FAIL
Erdos1084OQ01	FAIL
Erdos1084Problem	FAIL
Erdos1085Problem	FAIL
Erdos1086Problem	FAIL
Erdos1087Problem	FAIL
Erdos1088Problem	FAIL
Erdos1089Problem	FAIL
Erdos108Problem	PASS
Erdos1090Problem	PASS
Erdos1091Problem	FAIL
Erdos1092OQ02	PASS
Erdos1092Problem	PASS
Erdos1093OQ02FactorialGrowth	FAIL
Erdos1093Problem	PASS
Erdos1093ProblemOQ02	PASS
Erdos1094Problem	PASS
Erdos1095OQ01Problem	FAIL
Erdos1095Problem	PASS
Erdos1096Problem	FAIL
Erdos1097OQ01	FAIL
Erdos1097Problem	FAIL
Erdos1098OQ01	FAIL
Erdos1098OQ01OQ01	FAIL
Erdos1098OQ01OQ03	PASS
Erdos1098OQ03	FAIL
Erdos1098OQ04	FAIL
Erdos1098Problem	FAIL
Erdos1099Problem	PASS
Erdos109OQ01	FAIL
Erdos109OQ01Aristotle	FAIL
Erdos109Problem	FAIL
Erdos10Incomplete01	PASS
Erdos10Incomplete01OQ01	PASS
Erdos10Incomplete01OQ02	FAIL
Erdos10OQ01	FAIL
Erdos10OQ01Incomplete01	FAIL
Erdos10OQ02	PASS
Erdos10OQ02Bridge	FAIL
Erdos10OQ02Decidable	PASS
Erdos10OQ02Popcount	PASS
Erdos10PrimePlusPowers	PASS
Erdos10Problem	FAIL
Erdos10S1Density	PASS
Erdos10WIP01	PASS
Erdos10WIP01OQ01	PASS
Erdos10WIP01OQ02	PASS
Erdos10WIP01OQ03	FAIL
Erdos1100Incomplete01	PASS
Erdos1100OQ01Aristotle	PASS
Erdos1100OQ02	PASS
Erdos1100Problem	FAIL
Erdos1100ProblemAristotle	FAIL
Erdos1100ProblemProvable	FAIL
Erdos1101OQ01	PASS
Erdos1101Problem	FAIL
Erdos1102Problem	PASS
Erdos1103Problem	FAIL
Erdos1104OQ01	FAIL
Erdos1104Problem	FAIL
Erdos1105Aristotle	PASS
Erdos1105Problem	PASS
Erdos1106Problem	PASS
Erdos1107OQ02	PASS
Erdos1107OQ02OQ01	PASS
Erdos1107Problem	FAIL
Erdos1108Problem	FAIL
Erdos1109Problem	FAIL
Erdos110HigherCardinals	FAIL
Erdos110Problem	FAIL
Erdos1110OQ01	FAIL
Erdos1110Problem	PASS
Erdos1111Problem	FAIL
Erdos1112Problem	FAIL
Erdos1113Problem	FAIL
Erdos1114Problem	FAIL
Erdos1115Problem	FAIL
Erdos1116Problem	FAIL
Erdos1117Problem	FAIL
Erdos1118OQ02	FAIL
Erdos1118Problem	FAIL
Erdos1119Problem	FAIL
Erdos111OQ01	PASS
Erdos111Problem	FAIL
Erdos1120Problem	FAIL
Erdos1121Problem	FAIL
Erdos1122Problem	FAIL
Erdos1123Problem	FAIL
Erdos1124OQ01	PASS
Erdos1124Problem	FAIL
Erdos1125Problem	FAIL
Erdos1126OQ01Aristotle	PASS
Erdos1126OQ01Problem	PASS
Erdos1126Problem	FAIL
Erdos1127Problem	FAIL
Erdos1128Problem	FAIL
Erdos1129OQ02	FAIL
Erdos1129Problem	PASS
Erdos112Problem	FAIL
Erdos1130Problem	FAIL
Erdos1131OQ01	FAIL
Erdos1131Problem	FAIL
Erdos1132Aristotle	FAIL
Erdos1132Problem	FAIL
Erdos1133Problem	PASS
Erdos1134Problem	FAIL
Erdos1135Problem	FAIL
Erdos1136Problem	FAIL
Erdos1137Problem	PASS
Erdos1138OQ03	PASS
Erdos1138OQ03OQ01	PASS
Erdos1138Problem	FAIL
Erdos1139Problem	PASS
Erdos113Problem	FAIL
Erdos1140Problem	PASS
Erdos1141Problem	PASS
Erdos1142Problem	FAIL
Erdos1143Problem	PASS
Erdos1144OQ03	PASS
Erdos1144Problem	PASS
Erdos1145Problem	FAIL
Erdos1146OQ04	PASS
Erdos1146Problem	PASS
Erdos1147Problem	PASS
Erdos1148Problem	PASS
Erdos1149Aristotle	FAIL
Erdos1149Problem	FAIL
Erdos114OQ01Problem	FAIL
Erdos114OQ04Problem	PASS
Erdos114Problem	PASS
Erdos1150Problem	FAIL
Erdos1151OQ04	PASS
Erdos1151OQ04Aristotle	FAIL
Erdos1151Problem	FAIL
Erdos1153Problem	FAIL
Erdos1155OQ01	FAIL
Erdos1155OQ01OQ01	FAIL
Erdos1155OQ01OQ06	PASS
Erdos1155OQ01OQ07	FAIL
Erdos1155OQ02	FAIL
Erdos1155Problem	FAIL
Erdos1156Problem	FAIL
Erdos1157Problem	FAIL
Erdos1158Problem	FAIL
Erdos1159Problem	FAIL
Erdos115OQ01Problem	FAIL
Erdos115Problem	FAIL
Erdos1160Problem	PASS
Erdos1161Problem	FAIL
Erdos1162OQ04	PASS
Erdos1162Problem	FAIL
Erdos1165Problem	FAIL
Erdos1166Problem	FAIL
Erdos1167Problem	FAIL
Erdos1168Aristotle	PASS
Erdos1168OQ01	PASS
Erdos1168Problem	FAIL
Erdos1168Sierpinski	PASS
Erdos1169Problem	FAIL
Erdos116Problem	FAIL
Erdos1170Problem	FAIL
Erdos1171Problem	FAIL
Erdos1172Problem	FAIL
Erdos1173Problem	FAIL
Erdos1174Problem	FAIL
Erdos1175Problem	FAIL
Erdos1176Problem	FAIL
Erdos1177Problem	FAIL
Erdos1178Problem	FAIL
Erdos1179OQ01	PASS
Erdos1179OQ01OQ02	FAIL
Erdos1179OQ02	FAIL
Erdos1179OQ02Extremal	FAIL
Erdos1179OQ02Rigidity	FAIL
Erdos1179OQ02Upper	FAIL
Erdos1179OQ02Witness	FAIL
Erdos1179Problem	FAIL
Erdos117OQ01	PASS
Erdos117OQ01Aristotle	PASS
Erdos117OQ01OQ01	PASS
Erdos117Problem	FAIL
Erdos1181Problem	FAIL
Erdos1182Problem	FAIL
Erdos1183Problem	FAIL
Erdos118Problem	FAIL
Erdos1196Aristotle	PASS
Erdos1196Problem	FAIL
Erdos119Problem	FAIL
Erdos11OQ03	PASS
Erdos11Problem	FAIL
Erdos11WIP01	PASS
Erdos11WIP01OQ01	PASS
Erdos11WIP01OQ02	PASS
Erdos1201Problem	FAIL
Erdos1202Problem	FAIL
Erdos1204A4	PASS
Erdos1204A5	PASS
Erdos1204A6	PASS
Erdos1204A7	PASS
Erdos1204A8	PASS
Erdos1204B	PASS
Erdos1204Problem	PASS
Erdos1205Problem	PASS
Erdos1206Problem	FAIL
Erdos1207OQ03	PASS
Erdos1207Problem	PASS
Erdos1208Problem	FAIL
Erdos1209Problem	PASS
Erdos120Problem	FAIL
Erdos1210Problem	PASS
Erdos1211Problem	FAIL
Erdos1212Problem	FAIL
Erdos1213Problem	FAIL
Erdos1214Problem	FAIL
Erdos1215Problem	PASS
Erdos1215UnitCircleRadius	PASS
Erdos1216Problem	FAIL
Erdos1217Problem	FAIL
Erdos121Problem	FAIL
Erdos122Problem	PASS
Erdos123Problem	PASS
Erdos124CompleteSequences	FAIL
Erdos124CompleteSequencesOQ02	PASS
Erdos124CompleteSequencesOQ02OQ01	PASS
Erdos124Problem	FAIL
Erdos124SingleBaseSharpness	PASS
Erdos125PositiveLowerDensity	PASS
Erdos125PositiveLowerDensityAristotle	PASS
Erdos125Problem	FAIL
Erdos126Problem	FAIL
Erdos127Problem	FAIL
Erdos128Problem	FAIL
Erdos128WIP01	PASS
Erdos128WIP01OQ01	PASS
Erdos128WIP01OQ01OQ01	PASS
Erdos128WIP01OQ01OQ01OQ01	PASS
Erdos128WIP01OQ01OQ01OQ01OQ01	PASS
Erdos129Problem	FAIL
Erdos129WIP01	PASS
Erdos12Problem	FAIL
Erdos12ProblemAPNPartI	PASS
Erdos12ProblemAPNPartII	PASS
Erdos12WIP01	PASS
Erdos12WIP01OQ01	PASS
Erdos130Problem	FAIL
Erdos130WIP01	FAIL
Erdos130WIP01OQ03	PASS
Erdos131DavenportBound	PASS
Erdos131DavenportConstant	PASS
Erdos131DavenportDirectSum	PASS
Erdos131DavenportPower	PASS
Erdos131DavenportRank2	PASS
Erdos131EGZBound	PASS
Erdos131Problem	PASS
Erdos132Problem	FAIL
Erdos133Problem	FAIL
Erdos134Problem	FAIL
Erdos135Problem	PASS
Erdos136Problem	FAIL
Erdos137Problem	PASS
Erdos138FirstMomentBridge	PASS
Erdos138Problem	PASS
Erdos139Problem	PASS
Erdos13Problem	FAIL
Erdos140Problem	FAIL
Erdos141Problem	FAIL
Erdos142Problem	FAIL
Erdos143Problem	PASS
Erdos144Problem	FAIL
Erdos145Problem	FAIL
Erdos146Problem	FAIL
Erdos147Problem	FAIL
Erdos148Problem	FAIL
Erdos149Problem	FAIL
Erdos14Problem	FAIL
Erdos14UniqueSums	FAIL
Erdos150Problem	FAIL
Erdos151Problem	PASS
Erdos152OQ01	FAIL
Erdos152Problem	FAIL
Erdos152ProblemAPN	FAIL
Erdos153OQ03	PASS
Erdos153Problem	FAIL
Erdos154Problem	FAIL
Erdos155Problem	FAIL
Erdos156Aristotle	FAIL
Erdos156OQ02	FAIL
Erdos156Problem	PASS
Erdos156ProblemAristotle	FAIL
Erdos157Problem	PASS
Erdos158Problem	FAIL
Erdos159Problem	FAIL
Erdos15Problem	FAIL
Erdos160Aristotle	PASS
Erdos160Incomplete01	PASS
Erdos160Problem	PASS
Erdos160ProblemAristotle	PASS
Erdos161Problem	FAIL
Erdos162Problem	FAIL
Erdos163Problem	FAIL
Erdos164Problem	FAIL
Erdos165Problem	PASS
Erdos166Problem	FAIL
Erdos167Problem	FAIL
Erdos168Problem	FAIL
Erdos169Problem	FAIL
Erdos16Problem	FAIL
Erdos170Problem	FAIL
Erdos171Problem	FAIL
Erdos172Problem	PASS
Erdos173Problem	FAIL
Erdos174Problem	FAIL
Erdos175Problem	PASS
Erdos176Problem	FAIL
Erdos177OQ04	PASS
Erdos177Problem	FAIL
Erdos178Problem	FAIL
Erdos179Aristotle	FAIL
Erdos179Incomplete01	PASS
Erdos179Problem	FAIL
Erdos179ProblemAristotle	FAIL
Erdos17Problem	FAIL
Erdos180Problem	FAIL
Erdos181OQ01	FAIL
Erdos181Problem	FAIL
Erdos182Problem	FAIL
Erdos183Problem	FAIL
Erdos184Problem	FAIL
Erdos184ProblemProvable	FAIL
Erdos185Problem	FAIL
Erdos186Problem	FAIL
Erdos187Problem	PASS
Erdos188Problem	FAIL
Erdos189Problem	FAIL
Erdos18OQ01	FAIL
Erdos18Problem	PASS
Erdos190Problem	FAIL
Erdos191Incomplete01	PASS
Erdos191Problem	FAIL
Erdos192Problem	FAIL
Erdos193Problem	FAIL
Erdos194Problem	FAIL
Erdos195Problem	FAIL
Erdos196Problem	FAIL
Erdos197Problem	PASS
Erdos198Problem	PASS
Erdos199Problem	FAIL
Erdos19OQ01Problem	FAIL
Erdos19OQ02Problem	PASS
Erdos19Problem	FAIL
Erdos1OQ01	PASS
Erdos1OQ02	PASS
Erdos1OQ02OQ01	PASS
Erdos1OQ02OQ01OQ01	PASS
Erdos1OQ03	FAIL
Erdos1OQ03Aristotle	FAIL
Erdos1OQ03Incomplete01	PASS
Erdos1OQ04	FAIL
Erdos1Problem	PASS
Erdos1Wip01	FAIL
Erdos1Wip01OQ02	PASS
Erdos1Wip01OQ03	PASS
Erdos200Problem	PASS
Erdos201Problem	FAIL
Erdos202Problem	FAIL
Erdos203Problem	FAIL
Erdos204Problem	PASS
Erdos205Problem	PASS
Erdos206Problem	FAIL
Erdos207Problem	FAIL
Erdos207ProblemAristotle	FAIL
Erdos208Problem	FAIL
Erdos209Problem	FAIL
Erdos20Problem	FAIL
Erdos210Problem	FAIL
Erdos211Problem	FAIL
Erdos211SteinerLineCount	PASS
Erdos212Problem	PASS
Erdos213Problem	PASS
Erdos214Incomplete01OQ01	PASS
Erdos214Problem	PASS
Erdos214ProblemAristotle	PASS
Erdos215Problem	FAIL
Erdos216Problem	FAIL
Erdos217Problem	FAIL
Erdos218Problem	PASS
Erdos219Problem	PASS
Erdos21Problem	FAIL
Erdos220Aristotle	FAIL
Erdos220Incomplete01	PASS
Erdos220OQ01	PASS
Erdos220Problem	FAIL
Erdos220ProblemProvable	FAIL
Erdos221Problem	FAIL
Erdos222Problem	FAIL
Erdos223Problem	FAIL
Erdos224Problem	PASS
Erdos225Aristotle	FAIL
Erdos225Problem	FAIL
Erdos226Problem	FAIL
Erdos227Problem	PASS
Erdos228Problem	PASS
Erdos229Problem	FAIL
Erdos22Problem	PASS
Erdos230LowerBound	FAIL
Erdos230Parseval	PASS
Erdos230Problem	PASS
Erdos230ProblemAristotle	FAIL
Erdos231Problem	FAIL
Erdos232Problem	FAIL
Erdos233Problem	FAIL
Erdos234Problem	FAIL
Erdos235Problem	FAIL
Erdos236Problem	FAIL
Erdos237Problem	FAIL
Erdos238Problem	PASS
Erdos239Problem	FAIL
Erdos23Problem	PASS
Erdos240Aristotle	FAIL
Erdos240Problem	PASS
Erdos240ProblemAristotle	PASS
Erdos241Problem	FAIL
Erdos242Problem	FAIL
Erdos243Problem	PASS
Erdos244Problem	PASS
Erdos245Problem	PASS
Erdos246Problem	FAIL
Erdos247Aristotle	PASS
Erdos247Problem	FAIL
Erdos247RatioGrowth	PASS
Erdos248Problem	PASS
Erdos249OQ01	FAIL
Erdos249Problem	FAIL
Erdos24Problem	FAIL
Erdos250Problem	FAIL
Erdos251Problem	FAIL
Erdos252Problem	FAIL
Erdos253Problem	PASS
Erdos254Problem	FAIL
Erdos255Problem	FAIL
Erdos256Problem	FAIL
Erdos257Problem	FAIL
Erdos258OQ01	FAIL
Erdos258Problem	FAIL
Erdos259Problem	FAIL
Erdos25Abel	FAIL
Erdos25LogDensity	FAIL
Erdos25Problem	FAIL
Erdos260Aristotle	FAIL
Erdos260Problem	PASS
Erdos261Problem	FAIL
Erdos262Problem	FAIL
Erdos263Aristotle	FAIL
Erdos263Problem	FAIL
Erdos264Problem	FAIL
Erdos265Aristotle	PASS
Erdos265Problem	FAIL
Erdos266Problem	FAIL
Erdos267Problem	FAIL
Erdos268Aristotle	FAIL
Erdos268Problem	FAIL
Erdos268ProblemAristotle	FAIL
Erdos269Problem	PASS
Erdos26APN_Tenenbaum	PASS
Erdos26Problem	FAIL
Erdos270Problem	FAIL
Erdos271Problem	FAIL
Erdos272Problem	FAIL
Erdos273Problem	PASS
Erdos274Problem	FAIL
Erdos275Problem	FAIL
Erdos276Problem	FAIL
Erdos277PrimePowerAristotle	PASS
Erdos277Problem	PASS
Erdos278Problem	FAIL
Erdos279OQ04	FAIL
Erdos279Problem	PASS
Erdos27Problem	FAIL
Erdos280Problem	FAIL
Erdos281Problem	FAIL
Erdos282Problem	PASS
Erdos283Problem	FAIL
Erdos284Problem	FAIL
Erdos285Problem	FAIL
Erdos286MonotoneOQ02	PASS
Erdos286OQ01	PASS
Erdos286Problem	FAIL
Erdos287Problem	FAIL
Erdos288Problem	FAIL
Erdos289Problem	FAIL
Erdos28AdditiveBases	FAIL
Erdos28Problem	FAIL
Erdos290Problem	PASS
Erdos291Problem	FAIL
Erdos292Problem	FAIL
Erdos293Problem	FAIL
Erdos294Problem	FAIL
Erdos295Problem	PASS
Erdos296Problem	FAIL
Erdos297Problem	FAIL
Erdos298Problem	FAIL
Erdos299Problem	FAIL
Erdos29OQ02	FAIL
Erdos29Problem	FAIL
Erdos2OQ01	FAIL
Erdos2OQ01Aristotle	FAIL
Erdos2OQ03	PASS
Erdos2Problem	FAIL
Erdos300Problem	FAIL
Erdos301Problem	FAIL
Erdos302Aristotle	FAIL
Erdos302Problem	FAIL
Erdos303Problem	PASS
Erdos304Problem	FAIL
Erdos305EgyptianExists	PASS
Erdos305Problem	PASS
Erdos306Problem	FAIL
Erdos307Aristotle	FAIL
Erdos307OQ02	FAIL
Erdos307OQ02OQ01	PASS
Erdos307Problem	PASS
Erdos308OQ03	PASS
Erdos308Problem	FAIL
Erdos309Aristotle	PASS
Erdos309Problem	FAIL
Erdos309UpperBound	PASS
Erdos30Problem	FAIL
Erdos310Problem	FAIL
Erdos311Problem	PASS
Erdos312Problem	FAIL
Erdos313Problem	FAIL
Erdos314Problem	FAIL
Erdos315Problem	FAIL
Erdos316Problem	PASS
Erdos317Problem	PASS
Erdos318Aristotle	FAIL
Erdos318Problem	FAIL
Erdos319Problem	FAIL
Erdos31PrimesDensity	PASS
Erdos31PrimesDensityReciprocalOQ03	PASS
Erdos31Problem	FAIL
Erdos320Problem	FAIL
Erdos321Problem	FAIL
Erdos321ProblemR1	FAIL
Erdos322Problem	FAIL
Erdos323Problem	FAIL
Erdos324Problem	FAIL
Erdos325Problem	FAIL
Erdos326Problem	FAIL
Erdos327OQ01	FAIL
Erdos327OQ01OQ04	FAIL
Erdos327Problem	PASS
Erdos328Problem	FAIL
Erdos329Problem	FAIL
Erdos32IncompleteOQ01	PASS
Erdos32Problem	PASS
Erdos330Problem	FAIL
Erdos331Problem	PASS
Erdos332Problem	FAIL
Erdos333Problem	FAIL
Erdos334Aristotle	PASS
Erdos334Problem	FAIL
Erdos335Problem	PASS
Erdos336Problem	FAIL
Erdos337Aristotle	FAIL
Erdos337Problem	FAIL
Erdos338Aristotle	FAIL
Erdos338Problem	FAIL
Erdos339Aristotle	FAIL
Erdos339Problem	FAIL
Erdos33Problem	FAIL
Erdos340BhUpperBound	FAIL
Erdos340GreedyCountUpper	FAIL
Erdos340GreedyExtension	FAIL
Erdos340GreedyGrowth	FAIL
Erdos340GreedyRpowBound	FAIL
Erdos340GreedySidon	FAIL
Erdos340GreedySidonExtension	FAIL
Erdos340GreedySidonOQ02	FAIL
Erdos340GreedySidonOQ05	FAIL
Erdos340Problem	PASS
Erdos340SidonErdosTuran	FAIL
Erdos341Problem	FAIL
Erdos342Problem	FAIL
Erdos343Problem	FAIL
Erdos344Problem	FAIL
Erdos345Problem	FAIL
Erdos346Problem	FAIL
Erdos347Problem	FAIL
Erdos348Problem	FAIL
Erdos349Problem	FAIL
Erdos34Problem	PASS
Erdos350Problem	FAIL
Erdos351Problem	FAIL
Erdos352Problem	FAIL
Erdos353Aristotle	FAIL
Erdos353Problem	FAIL
Erdos354Problem	FAIL
Erdos355Problem	FAIL
Erdos356Problem	FAIL
Erdos357OQ04	PASS
Erdos357Problem	FAIL
Erdos358Problem	FAIL
Erdos359Problem	FAIL
Erdos35Aristotle	PASS
Erdos35Problem	FAIL
Erdos35ProblemAristotle	FAIL
Erdos360Aristotle	FAIL
Erdos360Problem	FAIL
Erdos361Problem	FAIL
Erdos362Aristotle	PASS
Erdos362Problem	FAIL
Erdos363Problem	FAIL
Erdos364Problem	FAIL
Erdos365Problem	FAIL
Erdos366Problem	PASS
Erdos367Problem	FAIL
Erdos368Problem	FAIL
Erdos369Problem	FAIL
Erdos36Problem	FAIL
Erdos370Problem	FAIL
Erdos371Problem	FAIL
Erdos372Problem	FAIL
Erdos373Problem	PASS
Erdos374Problem	FAIL
Erdos375Aristotle	FAIL
Erdos375Problem	FAIL
Erdos376Problem	PASS
Erdos377Problem	FAIL
Erdos378Aristotle	PASS
Erdos378Problem	PASS
Erdos379Problem	FAIL
Erdos37Problem	PASS
Erdos380Problem	FAIL
Erdos381Problem	FAIL
Erdos381ProblemAristotle	FAIL
Erdos382Problem	FAIL
Erdos383Problem	FAIL
Erdos384Problem	FAIL
Erdos385Problem	FAIL
Erdos386Problem	FAIL
Erdos387Problem	PASS
Erdos388Problem	FAIL
Erdos389Problem	PASS
Erdos38Problem	FAIL
Erdos390Problem	FAIL
Erdos391Problem	FAIL
Erdos392Problem	PASS
Erdos393Problem	FAIL
Erdos394Problem	FAIL
Erdos395OQ01	FAIL
Erdos395OQ01Incomplete01	FAIL
Erdos395OQ02	PASS
Erdos395OQ02Aristotle	PASS
Erdos395Problem	FAIL
Erdos396OQ04	PASS
Erdos396OQ04OQ01	PASS
Erdos396OQ04OQ01OQ01	FAIL
Erdos396OQ04OQ01OQ01OQ01	PASS
Erdos396OQ04OQ01OQ01OQ01OQ02	PASS
Erdos396OQ04OQ01OQ01OQ02	FAIL
Erdos396OQ04OQ01OQ01OQ02OQ01	FAIL
Erdos396OQ04OQ01OQ01OQ02OQ02	FAIL
Erdos396OQ04OQ01OQ01OQ02OQ02OQ01	PASS
Erdos396OQ04OQ01OQ01OQ02OQ02OQ01OQ01	PASS
Erdos396OQ04OQ01OQ01OQ02OQ02OQ02	PASS
Erdos396OQ04OQ01OQ01OQ02OQ02OQ02OQ01	PASS
Erdos396OQ04OQ01OQ01OQ02OQ02OQ02OQ01OQ01	PASS
Erdos396OQ04OQ01OQ01OQ03	FAIL
Erdos396Problem	PASS
Erdos397Problem	FAIL
Erdos398Problem	PASS
Erdos399Problem	FAIL
Erdos39Problem	FAIL
Erdos3LogHarmonic	FAIL
Erdos3Problem	FAIL
Erdos400Problem	FAIL
Erdos401Problem	PASS
Erdos402Problem	FAIL
Erdos403Problem	FAIL
Erdos404Problem	FAIL
Erdos405Problem	FAIL
Erdos406Problem	PASS
Erdos407Problem	FAIL
Erdos408Problem	FAIL
Erdos409Problem	FAIL
Erdos40Problem	FAIL
Erdos410Problem	FAIL
Erdos411Problem	FAIL
Erdos412Problem	PASS
Erdos413Problem	FAIL
Erdos414Problem	FAIL
Erdos415Aristotle	PASS
Erdos415OQ01	PASS
Erdos415Problem	FAIL
Erdos415ProblemAristotle	FAIL
Erdos416Problem	FAIL
Erdos417Problem	FAIL
Erdos418Problem	FAIL
Erdos419Problem	FAIL
Erdos41Problem	FAIL
Erdos420Problem	FAIL
Erdos421Problem	FAIL
Erdos422Problem	FAIL
Erdos423Problem	FAIL
Erdos424Problem	FAIL
Erdos425Problem	FAIL
Erdos426Problem	FAIL
Erdos427Problem	FAIL
Erdos428Problem	FAIL
Erdos429Problem	FAIL
Erdos42Problem	FAIL
Erdos430Problem	PASS
Erdos431Problem	FAIL
Erdos432Problem	FAIL
Erdos433Aristotle	FAIL
Erdos433Problem	FAIL
Erdos434Aristotle	FAIL
Erdos434Frobenius	FAIL
Erdos434Problem	FAIL
Erdos435NonPrimePower	PASS
Erdos435PrimePowerObstruction	PASS
Erdos435Problem	FAIL
Erdos436Improvements	PASS
Erdos436Problem	FAIL
Erdos437Aristotle	FAIL
Erdos437Problem	FAIL
Erdos438Problem	FAIL
Erdos439Problem	FAIL
Erdos43Problem	FAIL
Erdos440Problem	FAIL
Erdos441Aristotle	FAIL
Erdos441LowerBound	PASS
Erdos441Problem	PASS
Erdos442Problem	FAIL
Erdos443Problem	FAIL
Erdos444Problem	FAIL
Erdos445Problem	FAIL
Erdos446Problem	FAIL
Erdos447Problem	FAIL
Erdos448IncompleteOQ01	PASS
Erdos448Problem	PASS
Erdos449Problem	FAIL
Erdos44Aristotle	PASS
Erdos44Problem	FAIL
Erdos44SidonLowerBound	FAIL
Erdos450Problem	FAIL
Erdos451Problem	FAIL
Erdos452Problem	FAIL
Erdos453OQ02	FAIL
Erdos453OQ02OQ01	PASS
Erdos453Problem	FAIL
Erdos454Aristotle	FAIL
Erdos454Problem	FAIL
Erdos454ProblemAristotle	FAIL
Erdos455OQ04	PASS
Erdos455Problem	PASS
Erdos456Aristotle	FAIL
Erdos456Problem	FAIL
Erdos457Problem	FAIL
Erdos458OQ05	PASS
Erdos458Problem	PASS
Erdos459Problem	FAIL
Erdos45Problem	FAIL
Erdos460Problem	PASS
Erdos461Problem	FAIL
Erdos462Problem	PASS
Erdos463Problem	PASS
Erdos464Problem	FAIL
Erdos465Problem	FAIL
Erdos466Problem	FAIL
Erdos467Problem	PASS
Erdos468Problem	FAIL
Erdos469Problem	FAIL
Erdos46Problem	FAIL
Erdos470Problem	FAIL
Erdos471Problem	FAIL
Erdos472Problem	FAIL
Erdos473Problem	FAIL
Erdos474Problem	FAIL
Erdos475Problem	FAIL
Erdos476Aristotle	FAIL
Erdos476OQ05APEndpoint	PASS
Erdos476OQ05Aristotle	FAIL
Erdos476OQ05ETransform	PASS
Erdos476OQ05Problem	FAIL
Erdos476Problem	FAIL
Erdos477Problem	FAIL
Erdos478Problem	FAIL
Erdos479Problem	FAIL
Erdos47Problem	FAIL
Erdos480Problem	PASS
Erdos481Problem	FAIL
Erdos482Problem	PASS
Erdos483OQ02	FAIL
Erdos483Problem	FAIL
Erdos484Problem	FAIL
Erdos485OQ01	FAIL
Erdos485OQ02	FAIL
Erdos485Problem	FAIL
Erdos486Problem	FAIL
Erdos487Problem	FAIL
Erdos488Problem	FAIL
Erdos489Problem	FAIL
Erdos48Problem	FAIL
Erdos490Aristotle	FAIL
Erdos490Chebyshev	PASS
Erdos490OQ01	FAIL
Erdos490Problem	PASS
Erdos490ProblemAristotle	FAIL
Erdos491Problem	FAIL
Erdos492Aristotle	PASS
Erdos492Problem	FAIL
Erdos493OQ01	PASS
Erdos493OQ01C2	PASS
Erdos493Problem	PASS
Erdos494Problem	FAIL
Erdos495Problem	FAIL
Erdos496Problem	FAIL
Erdos497Problem	FAIL
Erdos498Problem	FAIL
Erdos499Problem	FAIL
Erdos49Problem	FAIL
Erdos4Problem	PASS
Erdos500Problem	FAIL
Erdos501Aristotle	FAIL
Erdos501Fubini	PASS
Erdos501Hull	PASS
Erdos501Problem	FAIL
Erdos501ProblemProvable	FAIL
Erdos502Problem	FAIL
Erdos503Problem	FAIL
Erdos504OQ01	PASS
Erdos504OQ03	PASS
Erdos504Problem	PASS
Erdos505Problem	FAIL
Erdos506Problem	FAIL
Erdos507Problem	FAIL
Erdos508Problem	FAIL
Erdos509Problem	FAIL
Erdos50Problem	FAIL
Erdos510Problem	FAIL
Erdos511Problem	PASS
Erdos512Aristotle	FAIL
Erdos512Problem	FAIL
Erdos513Problem	PASS
Erdos514Problem	FAIL
Erdos515Problem	FAIL
Erdos516Problem	FAIL
Erdos517Problem	PASS
Erdos518Problem	PASS
Erdos519Problem	FAIL
Erdos51Problem	FAIL
Erdos520Problem	FAIL
Erdos521Problem	FAIL
Erdos522Problem	FAIL
Erdos523Problem	FAIL
Erdos524Problem	FAIL
Erdos525OQ02	FAIL
Erdos525Problem	FAIL
Erdos526Problem	FAIL
Erdos527Problem	FAIL
Erdos528Problem	FAIL
Erdos529Problem	FAIL
Erdos52OQ02CommRing	PASS
Erdos52Problem	FAIL
Erdos530Problem	FAIL
Erdos531Aristotle	PASS
Erdos531Problem	FAIL
Erdos532Problem	FAIL
Erdos533Problem	FAIL
Erdos534Problem	FAIL
Erdos535Problem	FAIL
Erdos536Problem	FAIL
Erdos537Problem	FAIL
Erdos538Problem	FAIL
Erdos539Problem	FAIL
Erdos53Problem	FAIL
Erdos540Problem	FAIL
Erdos541Problem	FAIL
Erdos542Problem	FAIL
Erdos543Problem	FAIL
Erdos544Problem	PASS
Erdos545Aristotle	PASS
Erdos545Problem	FAIL
Erdos545ProblemAristotle	PASS
Erdos546Problem	FAIL
Erdos547Problem	FAIL
Erdos548Aristotle	FAIL
Erdos548Problem	FAIL
Erdos548ProblemAristotle	FAIL
Erdos549Problem	FAIL
Erdos549ProblemAristotle	FAIL
Erdos54Problem	FAIL
Erdos550Problem	FAIL
Erdos551Problem	FAIL
Erdos551ProblemAristotle	FAIL
Erdos552Aristotle	FAIL
Erdos552Problem	FAIL
Erdos553Aristotle	FAIL
Erdos553Problem	FAIL
Erdos553ProblemAristotle	FAIL
Erdos554Problem	FAIL
Erdos555Problem	FAIL
Erdos556Problem	FAIL
Erdos557Problem	FAIL
Erdos558Problem	FAIL
Erdos559Aristotle	FAIL
Erdos559Problem	FAIL
Erdos559ProblemAristotle	PASS
Erdos55Problem	FAIL
Erdos560Problem	FAIL
Erdos561Problem	FAIL
Erdos562Problem	FAIL
Erdos563Problem	FAIL
Erdos564Incomplete01	PASS
Erdos564Problem	PASS
Erdos565Problem	FAIL
Erdos566Problem	FAIL
Erdos567Problem	FAIL
Erdos568Problem	FAIL
Erdos569Problem	FAIL
Erdos56Problem	PASS
Erdos570Problem	FAIL
Erdos571Problem	FAIL
Erdos572Problem	FAIL
Erdos573Problem	FAIL
Erdos574Problem	PASS
Erdos575Problem	FAIL
Erdos576Problem	FAIL
Erdos577Problem	FAIL
Erdos578Problem	FAIL
Erdos579Problem	FAIL
Erdos57Aristotle	PASS
Erdos57OddClosedWalk	FAIL
Erdos57OddGirthBound	FAIL
Erdos57Problem	FAIL
Erdos57ProblemAristotle	FAIL
Erdos580Problem	FAIL
Erdos581Problem	FAIL
Erdos582Problem	FAIL
Erdos583Problem	FAIL
Erdos584Problem	FAIL
Erdos585Problem	FAIL
Erdos586Problem	FAIL
Erdos587Problem	FAIL
Erdos588Problem	FAIL
Erdos589Aristotle	PASS
Erdos589Problem	PASS
Erdos58Problem	FAIL
Erdos590Problem	FAIL
Erdos591Problem	FAIL
Erdos592Problem	FAIL
Erdos593Problem	FAIL
Erdos594Problem	FAIL
Erdos595Problem	FAIL
Erdos596Problem	FAIL
Erdos597Problem	FAIL
Erdos598Problem	FAIL
Erdos599Problem	FAIL
Erdos59Problem	FAIL
Erdos5PrimeGaps	PASS
Erdos5Problem	FAIL
Erdos600Problem	FAIL
Erdos601Aristotle	FAIL
Erdos601Problem	FAIL
Erdos602Problem	PASS
Erdos603Problem	FAIL
Erdos604Problem	FAIL
Erdos605Problem	FAIL
Erdos606OQ01	PASS
Erdos606OQ03	FAIL
Erdos606OQ03OQ03	PASS
Erdos606OQ03WIP01	PASS
Erdos606Problem	FAIL
Erdos607Problem	FAIL
Erdos608Aristotle	PASS
Erdos608Problem	FAIL
Erdos608ProblemAristotle	FAIL
Erdos609Problem	FAIL
Erdos60Problem	FAIL
Erdos610Aristotle	FAIL
Erdos610Problem	FAIL
Erdos610ProblemAristotle	FAIL
Erdos611Aristotle	FAIL
Erdos611Problem	FAIL
Erdos611ProblemAristotle	FAIL
Erdos612Problem	FAIL
Erdos612ProblemAristotle	FAIL
Erdos613Aristotle	FAIL
Erdos613Problem	FAIL
Erdos613ProblemAristotle	FAIL
Erdos614Problem	FAIL
Erdos615Problem	FAIL
Erdos616Problem	FAIL
Erdos617Problem	FAIL
Erdos618Problem	FAIL
Erdos619Problem	FAIL
Erdos61Problem	FAIL
Erdos620Aristotle	FAIL
Erdos620Problem	FAIL
Erdos620ProblemAristotle	FAIL
Erdos621Problem	FAIL
Erdos622OQ04	FAIL
Erdos622Problem	FAIL
Erdos623Aristotle	FAIL
Erdos623Problem	FAIL
Erdos623ProblemAristotle	FAIL
Erdos624Problem	PASS
Erdos625Aristotle	FAIL
Erdos625Problem	FAIL
Erdos625ProblemAristotle	FAIL
Erdos626Aristotle	FAIL
Erdos626Problem	FAIL
Erdos626ProblemAristotle	FAIL
Erdos627Aristotle	FAIL
Erdos627Problem	FAIL
Erdos627ProblemAristotle	FAIL
Erdos628Aristotle	FAIL
Erdos628Problem	FAIL
Erdos628ProblemAristotle	FAIL
Erdos629Aristotle	FAIL
Erdos629Problem	FAIL
Erdos62Problem	PASS
Erdos630Aristotle	FAIL
Erdos630Problem	FAIL
Erdos630ProblemAristotle	FAIL
Erdos631Aristotle	FAIL
Erdos631Problem	FAIL
Erdos631ProblemAristotle	FAIL
Erdos632Aristotle	FAIL
Erdos632Problem	PASS
Erdos632ProblemAristotle	PASS
Erdos633Aristotle	PASS
Erdos633Problem	PASS
Erdos633ProblemAristotle	PASS
Erdos634AreaCollapse	PASS
Erdos634Aristotle	FAIL
Erdos634MedialCentralEdgeOQ03	PASS
Erdos634MedialCongruence	PASS
Erdos634MedialCongruenceOQ01	PASS
Erdos634MedialCongruenceOQ02	PASS
Erdos634MedialCoveringOQ02	PASS
Erdos634MedialDisjointOQ02	PASS
Erdos634Problem	FAIL
Erdos635Problem	FAIL
Erdos636Aristotle	FAIL
Erdos636Problem	FAIL
Erdos636ProblemAristotle	FAIL
Erdos637Aristotle	FAIL
Erdos637Problem	FAIL
Erdos637ProblemAristotle	FAIL
Erdos638Problem	FAIL
Erdos639Problem	FAIL
Erdos63Problem	FAIL
Erdos640Problem	FAIL
Erdos641Problem	FAIL
Erdos642Aristotle	FAIL
Erdos642Problem	FAIL
Erdos643Problem	FAIL
Erdos643StarLowerBound	PASS
Erdos644Aristotle	PASS
Erdos644Problem	FAIL
Erdos644ProblemAristotle	FAIL
Erdos645Problem	FAIL
Erdos646Problem	FAIL
Erdos647Problem	PASS
Erdos648Problem	FAIL
Erdos649Problem	FAIL
Erdos64Problem	FAIL
Erdos650Problem	FAIL
Erdos651Problem	FAIL
Erdos652Problem	FAIL
Erdos653LowerBound	PASS
Erdos653Problem	PASS
Erdos654Problem	FAIL
Erdos655Problem	FAIL
Erdos656Problem	FAIL
Erdos657Problem	FAIL
Erdos658Problem	FAIL
Erdos659OQ01	PASS
Erdos659OQ01OQ02	PASS
Erdos659OQ05	PASS
Erdos659OQ06	PASS
Erdos659Problem	PASS
Erdos65OQ03	FAIL
Erdos65Problem	FAIL
Erdos660Aristotle	FAIL
Erdos660Convexity	PASS
Erdos660Problem	PASS
Erdos660ProblemAristotle	PASS
Erdos661Problem	FAIL
Erdos662Problem	FAIL
Erdos663Problem	FAIL
Erdos664Problem	FAIL
Erdos665Problem	FAIL
Erdos666Problem	FAIL
Erdos667Aristotle	FAIL
Erdos667Problem	FAIL
Erdos668Problem	FAIL
Erdos669Problem	FAIL
Erdos66Problem	FAIL
Erdos670Problem	FAIL
Erdos671Aristotle	PASS
Erdos671EquidistantOrphan	PASS
Erdos671Problem	FAIL
Erdos671ProblemAristotle	FAIL
Erdos672Problem	FAIL
Erdos673Aristotle	FAIL
Erdos673Problem	FAIL
Erdos673ProblemAristotle	PASS
Erdos674Aristotle	FAIL
Erdos674Problem	FAIL
Erdos674ProblemAristotle	FAIL
Erdos675Problem	FAIL
Erdos676Problem	FAIL
Erdos677Problem	FAIL
Erdos678Aristotle	FAIL
Erdos678Problem	FAIL
Erdos679Aristotle	FAIL
Erdos679Problem	FAIL
Erdos679ProblemAristotle	FAIL
Erdos67Problem	FAIL
Erdos680Problem	FAIL
Erdos681Problem	FAIL
Erdos682Problem	FAIL
Erdos683Problem	FAIL
Erdos684Problem	FAIL
Erdos685Problem	FAIL
Erdos686Problem	PASS
Erdos687Problem	FAIL
Erdos688Problem	FAIL
Erdos689Problem	PASS
Erdos68Problem	PASS
Erdos690Problem	FAIL
Erdos691Problem	FAIL
Erdos692Problem	FAIL
Erdos693Problem	FAIL
Erdos694Problem	FAIL
Erdos695Aristotle	PASS
Erdos695Problem	PASS
Erdos696Problem	FAIL
Erdos697Problem	FAIL
Erdos698Problem	FAIL
Erdos699Problem	FAIL
Erdos69Problem	FAIL
Erdos6Problem	FAIL
Erdos700Problem	FAIL
Erdos701Problem	FAIL
Erdos702Problem	FAIL
Erdos703Problem	PASS
Erdos704Problem	FAIL
Erdos705Problem	FAIL
Erdos706Problem	FAIL
Erdos707Problem	FAIL
Erdos708Problem	FAIL
Erdos709Problem	FAIL
Erdos70OQ01Problem	FAIL
Erdos70Problem	FAIL
Erdos710Problem	FAIL
Erdos711Problem	FAIL
Erdos712Problem	FAIL
Erdos713Problem	FAIL
Erdos714Problem	FAIL
Erdos715Aristotle	PASS
Erdos715Problem	FAIL
Erdos715ProblemAristotle	FAIL
Erdos716Problem	FAIL
Erdos717Problem	FAIL
Erdos718Problem	FAIL
Erdos719Problem	FAIL
Erdos71Problem	FAIL
Erdos720Problem	FAIL
Erdos721Problem	FAIL
Erdos722Problem	FAIL
Erdos723Problem	FAIL
Erdos724Problem	FAIL
Erdos725Problem	FAIL
Erdos726Problem	FAIL
Erdos727Problem	FAIL
Erdos728FactorialDivisibility	SKIP
Erdos728FactorialDivisibilityOQ04	PASS
Erdos728Problem	FAIL
Erdos729DigitSumBound	PASS
Erdos729LegendreGeneral	PASS
Erdos729LegendreMultinomial	PASS
Erdos729LegendrePrimeRecurrence	PASS
Erdos729LegendreRecurrence	PASS
Erdos729Problem	PASS
Erdos72Aristotle	FAIL
Erdos72Problem	FAIL
Erdos730Problem	FAIL
Erdos731Problem	FAIL
Erdos732Problem	FAIL
Erdos733LimitBounds	FAIL
Erdos733Problem	FAIL
Erdos733RichLines	PASS
Erdos734Problem	FAIL
Erdos735OQ04	PASS
Erdos735OQ04Tetrahedron	PASS
Erdos735Problem	PASS
Erdos736Problem	FAIL
Erdos737Problem	FAIL
Erdos738Problem	FAIL
Erdos739Problem	FAIL
Erdos73Aristotle	FAIL
Erdos73Problem	FAIL
Erdos740BipartiteIncomplete01	PASS
Erdos740Problem	FAIL
Erdos740ProblemProvable	FAIL
Erdos741Problem	FAIL
Erdos741ProblemAPNPartI	FAIL
Erdos741ProblemAPNPartII	PASS
Erdos742Problem	FAIL
Erdos743Problem	FAIL
Erdos744Problem	PASS
Erdos745Problem	FAIL
Erdos746Problem	PASS
Erdos747Problem	FAIL
Erdos748Aristotle	PASS
Erdos748Problem	PASS
Erdos749Problem	FAIL
Erdos74Problem	FAIL
Erdos750Problem	FAIL
Erdos751Problem	FAIL
Erdos752Problem	FAIL
Erdos753Problem	FAIL
Erdos754Problem	FAIL
Erdos755Aristotle	PASS
Erdos755Problem	PASS
Erdos756Problem	FAIL
Erdos757Problem	FAIL
Erdos758Problem	FAIL
Erdos759Problem	PASS
Erdos75Problem	FAIL
Erdos760Problem	FAIL
Erdos761Problem	FAIL
Erdos762Problem	FAIL
Erdos763Problem	FAIL
Erdos764Problem	FAIL
Erdos765Problem	FAIL
Erdos766Problem	FAIL
Erdos767Problem	FAIL
Erdos768Problem	FAIL
Erdos769Problem	FAIL
Erdos76OQ02	FAIL
Erdos76Problem	PASS
Erdos770Problem	FAIL
Erdos771Aristotle	PASS
Erdos771Construction	PASS
Erdos771Problem	FAIL
Erdos771ProblemAristotle	PASS
Erdos772Problem	FAIL
Erdos773Problem	FAIL
Erdos774Problem	FAIL
Erdos775Problem	FAIL
Erdos776Problem	FAIL
Erdos777Problem	FAIL
Erdos778Problem	FAIL
Erdos779Problem	FAIL
Erdos77Problem	FAIL
Erdos780Aristotle	FAIL
Erdos780Problem	FAIL
Erdos781Problem	FAIL
Erdos782Problem	FAIL
Erdos783Problem	FAIL
Erdos784Problem	FAIL
Erdos785Problem	FAIL
Erdos786Problem	FAIL
Erdos787Problem	FAIL
Erdos788Problem	FAIL
Erdos789Problem	FAIL
Erdos78Problem	PASS
Erdos790Problem	FAIL
Erdos791Problem	FAIL
Erdos792Problem	FAIL
Erdos793OQ03	PASS
Erdos793Problem	PASS
Erdos794Problem	FAIL
Erdos795Aristotle	FAIL
Erdos795Problem	FAIL
Erdos795ProblemAristotle	FAIL
Erdos796Problem	FAIL
Erdos797Problem	FAIL
Erdos798Aristotle	FAIL
Erdos798Problem	PASS
Erdos798ProblemAristotle	PASS
Erdos799Problem	FAIL
Erdos79Aristotle	PASS
Erdos79Incomplete01	FAIL
Erdos79Incomplete01OQ01	FAIL
Erdos79Problem	FAIL
Erdos79ProblemAristotle	FAIL
Erdos7Problem	PASS
Erdos800Problem	FAIL
Erdos801Problem	FAIL
Erdos802Problem	FAIL
Erdos803Problem	FAIL
Erdos804Problem	FAIL
Erdos805Problem	FAIL
Erdos806Problem	FAIL
Erdos807Problem	FAIL
Erdos808Problem	FAIL
Erdos809Problem	FAIL
Erdos80Problem	FAIL
Erdos810Problem	FAIL
Erdos811Problem	FAIL
Erdos812Problem	FAIL
Erdos813Problem	FAIL
Erdos814Problem	FAIL
Erdos815Problem	PASS
Erdos816OQ01	PASS
Erdos816Problem	FAIL
Erdos817Aristotle	FAIL
Erdos817Problem	FAIL
Erdos818Aristotle	FAIL
Erdos818Problem	PASS
Erdos819Problem	FAIL
Erdos81Problem	FAIL
Erdos820Aristotle	FAIL
Erdos820Problem	FAIL
Erdos821Problem	FAIL
Erdos822Problem	FAIL
Erdos823Problem	FAIL
Erdos823SigmaValues	PASS
Erdos824Problem	FAIL
Erdos824ProblemProvable	FAIL
Erdos825Problem	FAIL
Erdos826Problem	FAIL
Erdos827Problem	FAIL
Erdos828Problem	PASS
Erdos829Problem	FAIL
Erdos82Problem	FAIL
Erdos830Problem	FAIL
Erdos831Problem	FAIL
Erdos832Problem	FAIL
Erdos833Problem	FAIL
Erdos834Problem	FAIL
Erdos835Incomplete01	PASS
Erdos835Problem	FAIL
Erdos836Problem	FAIL
Erdos837Problem	PASS
Erdos837ProblemOQ05	PASS
Erdos838Problem	FAIL
Erdos839Problem	FAIL
Erdos83LowerBound	PASS
Erdos83Problem	PASS
Erdos840Aristotle	PASS
Erdos840Problem	PASS
Erdos841OQ01	PASS
Erdos841Problem	FAIL
Erdos842Problem	FAIL
Erdos843Problem	FAIL
Erdos844Problem	FAIL
Erdos845Problem	FAIL
Erdos846Problem	FAIL
Erdos846ProblemAPN	FAIL
Erdos847Problem	FAIL
Erdos848Problem	FAIL
Erdos848ProblemOQ01	FAIL
Erdos849Problem	FAIL
Erdos84Problem	FAIL
Erdos850Problem	FAIL
Erdos851Problem	FAIL
Erdos852Problem	FAIL
Erdos853Problem	FAIL
Erdos854Problem	FAIL
Erdos855Problem	FAIL
Erdos856Problem	FAIL
Erdos857Problem	FAIL
Erdos858OQ03	PASS
Erdos858Problem	FAIL
Erdos859Aristotle	FAIL
Erdos859Problem	FAIL
Erdos859ProblemAristotle	FAIL
Erdos85Problem	FAIL
Erdos860Problem	FAIL
Erdos860ProblemAristotle	FAIL
Erdos861Problem	FAIL
Erdos862OQ03Problem	PASS
Erdos862Problem	FAIL
Erdos863Aristotle	FAIL
Erdos863Problem	FAIL
Erdos864Problem	FAIL
Erdos865Problem	FAIL
Erdos866Aristotle	FAIL
Erdos866OQ01	PASS
Erdos866Problem	PASS
Erdos866Wip01	PASS
Erdos866Wip01OQ01	PASS
Erdos867Problem	FAIL
Erdos868Problem	FAIL
Erdos869Problem	FAIL
Erdos86Problem	FAIL
Erdos870Aristotle	FAIL
Erdos870Problem	FAIL
Erdos871Problem	FAIL
Erdos872Problem	FAIL
Erdos873Problem	FAIL
Erdos873ProblemProvable	FAIL
Erdos874Problem	FAIL
Erdos875Problem	FAIL
Erdos876Problem	FAIL
Erdos876ProblemAristotle	FAIL
Erdos877Aristotle	PASS
Erdos877Problem	PASS
Erdos877ProblemAristotle	FAIL
Erdos878Problem	FAIL
Erdos879Problem	FAIL
Erdos87Problem	FAIL
Erdos880Problem	FAIL
Erdos881Problem	PASS
Erdos882Problem	FAIL
Erdos882ProblemOQ03	FAIL
Erdos882ProblemOQ03OQ01	PASS
Erdos882ProblemOQ03OQ02	FAIL
Erdos883Problem	FAIL
Erdos884Problem	FAIL
Erdos885Problem	FAIL
Erdos886Problem	FAIL
Erdos887Problem	FAIL
Erdos888Problem	FAIL
Erdos889Problem	FAIL
Erdos88Problem	FAIL
Erdos890Problem	FAIL
Erdos891Problem	PASS
Erdos892Aristotle	PASS
Erdos892Problem	PASS
Erdos893Problem	FAIL
Erdos894Problem	FAIL
Erdos895Aristotle	PASS
Erdos895CounterexampleFin18	FAIL
Erdos895OQ01Problem	FAIL
Erdos895Problem	FAIL
Erdos895ProblemAristotle	FAIL
Erdos896Problem	FAIL
Erdos897OQ01	PASS
Erdos897Problem	PASS
Erdos898Aristotle	PASS
Erdos898Problem	PASS
Erdos899Problem	PASS
Erdos89Problem	FAIL
Erdos8OQ02	FAIL
Erdos8Problem	FAIL
Erdos900Problem	FAIL
Erdos901Aristotle	FAIL
Erdos901Problem	FAIL
Erdos901ProblemAristotle	FAIL
Erdos902Problem	FAIL
Erdos903Problem	FAIL
Erdos904Problem	FAIL
Erdos905Problem	FAIL
Erdos906Problem	FAIL
Erdos907Problem	FAIL
Erdos908Problem	FAIL
Erdos909OQ01OQ02	PASS
Erdos909OQ01Problem	FAIL
Erdos909Problem	FAIL
Erdos90Problem	FAIL
Erdos910OQ01	PASS
Erdos910Problem	FAIL
Erdos910ProblemProvable	FAIL
Erdos911Problem	FAIL
Erdos912Problem	FAIL
Erdos913Problem	FAIL
Erdos914Problem	FAIL
Erdos915Problem	FAIL
Erdos916Problem	FAIL
Erdos917Problem	FAIL
Erdos918Problem	FAIL
Erdos919Problem	FAIL
Erdos91Problem	FAIL
Erdos920Problem	FAIL
Erdos921Problem	FAIL
Erdos922Aristotle	FAIL
Erdos922Problem	FAIL
Erdos923Problem	FAIL
Erdos924Problem	FAIL
Erdos925Problem	FAIL
Erdos926Problem	FAIL
Erdos927Problem	FAIL
Erdos928Problem	FAIL
Erdos929Problem	PASS
Erdos92Problem	FAIL
Erdos930Problem	FAIL
Erdos931Aristotle	PASS
Erdos931Problem	PASS
Erdos932Problem	FAIL
Erdos933Aristotle	PASS
Erdos933OQ05	PASS
Erdos933Problem	FAIL
Erdos933ProblemAristotle	FAIL
Erdos934Problem	FAIL
Erdos934ProblemAristotle	FAIL
Erdos935Problem	FAIL
Erdos936Problem	FAIL
Erdos937Problem	FAIL
Erdos938Problem	PASS
Erdos939Problem	FAIL
Erdos93Problem	PASS
Erdos940Problem	FAIL
Erdos941Problem	PASS
Erdos942Problem	FAIL
Erdos943Problem	FAIL
Erdos944Problem	FAIL
Erdos945Problem	FAIL
Erdos946Problem	FAIL
Erdos947Problem	FAIL
Erdos948Problem	FAIL
Erdos949Problem	FAIL
Erdos94OQ02	FAIL
Erdos94OQ02Incomplete01	PASS
Erdos94Problem	FAIL
Erdos950Problem	FAIL
Erdos951Problem	PASS
Erdos952Problem	PASS
Erdos953Problem	FAIL
Erdos954Problem	FAIL
Erdos955Problem	FAIL
Erdos956Aristotle	FAIL
Erdos956Problem	FAIL
Erdos957Problem	FAIL
Erdos958Problem	FAIL
Erdos959Problem	FAIL
Erdos95OQ04	PASS
Erdos95Problem	FAIL
Erdos960Problem	FAIL
Erdos961Aristotle	PASS
Erdos961Problem	FAIL
Erdos962Problem	FAIL
Erdos963Problem	FAIL
Erdos964Aristotle	FAIL
Erdos964Problem	FAIL
Erdos965Problem	FAIL
Erdos966Problem	FAIL
Erdos967Problem	FAIL
Erdos968Problem	FAIL
Erdos969Problem	FAIL
Erdos96Problem	FAIL
Erdos970Problem	FAIL
Erdos971Problem	FAIL
Erdos972Problem	PASS
Erdos972ProblemProvable	PASS
Erdos973Problem	FAIL
Erdos974Problem	FAIL
Erdos975Problem	FAIL
Erdos976Problem	FAIL
Erdos977Aristotle	FAIL
Erdos977Problem	FAIL
Erdos977ProblemAristotle	FAIL
Erdos978OQ01	PASS
Erdos978Problem	FAIL
Erdos979Problem	FAIL
Erdos97Problem	FAIL
Erdos980Problem	FAIL
Erdos981Problem	FAIL
Erdos982Aristotle	PASS
Erdos982Problem	FAIL
Erdos982ThinVertex	PASS
Erdos983Problem	FAIL
Erdos984Problem	FAIL
Erdos985Problem	PASS
Erdos986Problem	FAIL
Erdos987Problem	FAIL
Erdos988Problem	FAIL
Erdos989Problem	FAIL
Erdos98Problem	FAIL
Erdos990Problem	FAIL
Erdos991Problem	PASS
Erdos992Problem	FAIL
Erdos993Problem	FAIL
Erdos994Problem	FAIL
Erdos995Problem	FAIL
Erdos996Problem	FAIL
Erdos997Problem	FAIL
Erdos998Problem	FAIL
Erdos998ThreeGapOQ04	PASS
Erdos999Problem	FAIL
Erdos99Problem	FAIL
Erdos9Problem	FAIL
ErdosDivisibilityPigeonhole	PASS
ErdosDivisibilityPigeonholeOQ01	PASS
ErdosDivisibilityPigeonholeOQ01OQ01	PASS
ErdosDivisibilityPigeonholeOQ01OQ01OQ01	PASS
ErdosDivisibilityPigeonholeOQ01OQ01OQ01OQ01	PASS
ErdosDivisibilityPigeonholeOQ02	PASS
ErdosDivisibilityPigeonholeOQ03	PASS
ErdosGallaiNecessity	PASS
ErdosGinzburgZivOQ01	PASS
ErdosGinzburgZivOQ01OQ01	PASS
ErdosKoRado	FAIL
ErdosKoRadoOQ01	PASS
ErdosKoRadoOQ02	PASS
ErdosKoRadoOQ03	PASS
ErdosMordellChordIdentity	FAIL
ErdosMordellChordReduction	PASS
ErdosMordellFeetAngleAristotle	PASS
ErdosMordellInequalityOQ01	FAIL
ErdosRamseyLowerBound	FAIL
ErdosSzekeres	PASS
EulerCriterionSquaresOQ01	PASS
EulerCriterionSquaresOQ01OQ01	PASS
EulerCriterionSquaresOQ01OQ01OQ01	PASS
EulerCriterionSquaresOQ01OQ01OQ02	PASS
EulerCriterionSquaresOQ01OQ02	PASS
EulerCriterionSquaresOQ01OQ02OQ03	PASS
EulerCriterionSquaresOQ01OQ03	PASS
EulerCriterionSquaresOQ01OQ03OQ01	PASS
EulerIdentity	PASS
EulerIdentityOQ01	FAIL
EulerIdentityOQ01OQ01	PASS
EulerIdentityOQ01OQ01OQ01	PASS
EulerIdentityOQ01OQ01OQ01OQ01	PASS
EulerIdentityOQ01OQ02	PASS
EulerIdentityOQ01OQ02OQ01	FAIL
EulerIdentityOQ01OQ03	PASS
EulerIdentityOQ01OQ04	PASS
EulerIdentityOQ02	PASS
EulerIdentityOQ05	PASS
EulerPolyhedralDescartes	PASS
EulerPolyhedralFormula	FAIL
EulerPolyhedralFormulaOQ01OQ02	FAIL
EulerPolyhedralOQ01	PASS
EulerPolyhedralOQ01OQ03	PASS
EulerPolyhedralOQ01OQ04	FAIL
EulerPolyhedralOQ02	PASS
EulerPolyhedralOQ02OQ01	PASS
EulerPolyhedralOQ02OQ02	PASS
EulerTotient	PASS
EulerTotientOQ01	PASS
EulerTotientOQ01OQ01	PASS
EulerTotientOQ01OQ01OQ01	FAIL
EulerTotientOQ01OQ01OQ02	PASS
EulerTotientOQ01OQ02	PASS
EulerTotientOQ01OQ02OQ01	FAIL
EulerTotientOQ01OQ02OQ02	FAIL
EulerTotientOQ01OQ02OQ03	FAIL
EulerTotientOQ01OQ03	PASS
EulerTotientOQ01OQ03Keygen	PASS
EulerTotientOQ01OQ03Minimal	PASS
EulerTotientOQ02	FAIL
EulerTotientOQ02OQ01	FAIL
EulerTotientOQ02OQ02	PASS
EulerTotientOQ02OQ02OQ01	FAIL
EulerTotientOQ02OQ04	PASS
EulerTotientOQ03	PASS
EulerTotientOQ03OQ02	PASS
EulerTotientOQ03OQ03	PASS
EulerTotientOQ03OQ03OQ01	PASS
EulerTotientOQ04	PASS
EulerTotientOQ04OQ01	PASS
EulerTotientOQ04OQ02	PASS
EulerTotientOQ04OQ03	PASS
EulerTotientOQ05	PASS
EulerTotientOQ05OQ01	PASS
EulerTotientOQ05OQ02	PASS
EulerTotientOQ06	PASS
EulerTotientOQ06OQ01	PASS
EulerTotientOQ06OQ02	FAIL
EulerTotientOQ07	PASS
EulerTotientOQ07OQ01	PASS
EulerTotientOQ07OQ03	PASS
EulerTotientOQ07OQ04	PASS
EulerTotientOQ08	PASS
EulerTotientOQ08OQ01	PASS
EulerTotientOQ09	PASS
EulerTotientOQ09OQ01	PASS
EulerTotientOQ09OQ02	PASS
EulerTotientOQ10	PASS
FactorRemainderHasseDerivativeFq	PASS
FactorRemainderHasseDerivativeFqOQ01	PASS
FactorRemainderHasseDerivativeFqOQ01OQ01	PASS
FactorRemainderHasseDerivativeFqOQ02	PASS
FactorRemainderNullstellensatzOQ01	FAIL
FactorRemainderNullstellensatzOQ01OQ02	PASS
FactorRemainderNullstellensatzOQ02	FAIL
FactorRemainderTheorem	FAIL
FactorRemainderTheoremOQ01	PASS
FactorRemainderTheoremOQ01OQ01	PASS
FactorRemainderTheoremOQ01OQ01OQ01	PASS
FactorRemainderTheoremOQ01OQ01OQ01OQ01	PASS
FactorRemainderTheoremOQ01OQ01OQ02	FAIL
FactorRemainderTheoremOQ01OQ02	PASS
FactorRemainderTheoremOQ01OQ02OQ01	PASS
FactorRemainderTheoremOQ02	FAIL
FactorRemainderTheoremOQ03	FAIL
FactorRemainderTheoremOQ05	PASS
FactorRemainderTheoremOQ05OQ02	PASS
FactorRemainderTheoremOQ06	PASS
FactorRemainderTheoremOQ06OQ01	PASS
FactorialTelescopingSumOQ01	PASS
FactorialTelescopingSumOQ01OQ01	PASS
FactorialTelescopingSumOQ02	PASS
FairGamesTheorem	FAIL
FairGamesTheoremOQ01	PASS
FairGamesTheoremOQ02	FAIL
FairGamesTheoremOQ02OQ01	FAIL
FairGamesTheoremOQ02OQ01OQ01	FAIL
FairGamesTheoremOQ02OQ03	PASS
FairGamesTheoremOQ02OQ04	PASS
FairGamesTheoremOQ03	FAIL
FairGamesTheoremOQ03Aristotle	FAIL
FatouLemma	PASS
FatouLemmaOQ01OQ01	PASS
FatouLemmaOQ01OQ02	FAIL
FatouLemmaOQ01OQ02OQ01	PASS
FermatDefectOne	PASS
FermatDefectOneAristotle	PASS
FermatDefectOneBounded	PASS
FermatDefectOneFamilies	PASS
FermatDefectOneNegInfinitude	PASS
FermatDefectOneOQ03	PASS
FermatDefectOneOQ04	PASS
FermatDefectOneOQ06	PASS
FermatDefectOneOQ06OQ01	PASS
FermatPrimeExponent	PASS
FermatTwoSquares	PASS
FermatTwoSquaresOQ01	PASS
FermatTwoSquaresOQ01OQ01	PASS
FermatTwoSquaresOQ01OQ03	PASS
FermatTwoSquaresOQ01OQ03OQ01	PASS
FermatTwoSquaresOQ04	FAIL
FermatTwoSquaresOQ04OQ01	FAIL
FermatTwoSquaresOQ05	PASS
FermatTwoSquaresOQ06	PASS
FermatTwoSquaresOQ06OQ02	PASS
FermatTwoSquaresOQ07	PASS
FermatTwoSquaresOQ07OQ01	PASS
FermatTwoSquaresOQ08	PASS
FermatTwoSquaresOQ09	PASS
FermatsLastTheorem	PASS
FermatsLastTheoremOQ03	FAIL
FeuerbachOQ02MurakamiOQ01_ConjugateRadii	PASS
FeuerbachsTheorem	PASS
FeuerbachsTheoremDefs	PASS
FeuerbachsTheoremDefsOQ01	PASS
FeuerbachsTheoremDefsOQ01OQ01	PASS
FeuerbachsTheoremDefsOQ01OQ01OQ01	PASS
FeuerbachsTheoremDefsOQ01OQ01OQ01OQ01	PASS
FeuerbachsTheoremDefsOQ01OQ01OQ01OQ02	PASS
FeuerbachsTheoremDefsOQ01OQ01OQ01OQ02OQ01	PASS
FeuerbachsTheoremDefsOQ01OQ01OQ02	PASS
FeuerbachsTheoremDefsOQ01OQ02	PASS
FeuerbachsTheoremDefsOQ02	PASS
FeuerbachsTheoremDefsOQ02OQ01	PASS
FeuerbachsTheoremDefsOQ02OQ01OQ01	PASS
FeuerbachsTheoremDefsOQ02OQ01OQ01OQ01	PASS
FeuerbachsTheoremDefsOQ02OQ01OQ01OQ01OQ01	PASS
FeuerbachsTheoremDefsOQ02OQ01OQ01OQ01OQ01OQ01	PASS
FeuerbachsTheoremDefsOQ03	PASS
FeuerbachsTheoremDefsOQ04	FAIL
FeuerbachsTheoremDefsOQ04OQ03	PASS
FeuerbachsTheoremDefsOQ05	PASS
FeuerbachsTheoremOQ01	PASS
FeuerbachsTheoremOQ01Aristotle	FAIL
FeuerbachsTheoremOQ01OQ03	FAIL
FeuerbachsTheoremOQ02	PASS
FeuerbachsTheoremOQ02Aristotle	PASS
FeuerbachsTheoremOQ04	PASS
FeuerbachsTheoremOQ04Antipode	PASS
FeuerbachsTheoremOQ04Circumcircle	PASS
FeuerbachsTheoremOQ04Midpoint	PASS
FeuerbachsTheoremOQ04TangentLine	FAIL
FeuerbachsTheoremOQ05	FAIL
FibonacciDivisibilityOQ07	PASS
FibonacciDivisibilityOQ07OQ03	PASS
FibonacciIdentities	PASS
FibonacciIdentitiesOQ01	PASS
FibonacciIdentitiesOQ01OQ02	PASS
FibonacciIdentitiesOQ01OQ02OQ01	PASS
FibonacciIdentitiesOQ01OQ03	PASS
FibonacciIdentitiesOQ01OQ04	PASS
FibonacciIdentitiesOQ02	FAIL
FibonacciIdentitiesOQ02OQ01	PASS
FibonacciIdentitiesOQ02OQ01OQ01	PASS
FibonacciIdentitiesOQ02OQ01OQ01OQ01	PASS
FibonacciIdentitiesOQ02OQ01OQ01OQ02	PASS
FibonacciIdentitiesOQ02OQ01OQ01OQ02OQ01	PASS
FibonacciIdentitiesOQ02OQ02	PASS
FibonacciIdentitiesOQ02OQ02OQ01	PASS
FibonacciIdentitiesOQ02OQ02PrimeIndex	FAIL
FibonacciIdentitiesOQ03	PASS
FibonacciIdentitiesOQ03OQ01	PASS
FibonacciIdentitiesOQ03OQ02	PASS
FibonacciIdentitiesOQ03OQ02OQ01	PASS
FibonacciIdentitiesOQ03OQ02OQ02	PASS
FibonacciIdentitiesOQ03OQ03	PASS
FibonacciIdentitiesOQ04	PASS
FibonacciIdentitiesOQ04OQ01	PASS
FibonacciIdentitiesOQ04OQ01OQ01	PASS
FibonacciIdentitiesOQ04OQ01OQ02	PASS
FibonacciIdentitiesOQ04OQ02	PASS
