tag	node	claim_mtime
03d8afd5612604d0 i-0ccf0dc6a398156d8 2026-09-09T21:30:23
2d36f686c863ba31 i-01f0d952483d8f066 2026-09-08T18:43:29
2f73322c724f3518 i-0ccf0dc6a398156d8 2026-09-09T21:43:46
304ba8d85c49ab98 i-0ccf0dc6a398156d8 2026-09-09T21:26:45
47776ef65350ff76 i-01f0d952483d8f066 2026-09-08T19:17:09
70577901ff91fbe9 i-0ccf0dc6a398156d8 2026-09-09T21:24:28
72cf052f8ef4bd0d i-01f0d952483d8f066 2026-09-08T17:05:58
82cc5dfe8ca6c13b i-01f0d952483d8f066 2026-09-08T19:02:00
8598b86c4857990b i-01f0d952483d8f066 2026-09-08T16:49:23
8fc4181ed40c19f0 i-0ccf0dc6a398156d8 2026-09-09T20:31:02
a49583e2d76fe662 i-01f0d952483d8f066 2026-09-08T17:58:07
a71b8e6f3e4ae776 i-01f0d952483d8f066 2026-09-08T16:41:04
adf32b7399a81d5f i-0ccf0dc6a398156d8 2026-09-09T18:11:33
b5cbc5b494358f55 i-01f0d952483d8f066 2026-09-08T20:05:32
cd39f956d5c6647b i-01f0d952483d8f066 2026-09-08T17:59:13
cd40d9cb4fb00123 i-01f0d952483d8f066 2026-09-08T19:30:33
ce378e1a62b53bc0 i-0ccf0dc6a398156d8 2026-09-09T21:57:01
ed581297fd8468ca i-0ccf0dc6a398156d8 2026-09-09T21:00:28
