tag	claim_mtime
00ba2218819c2347	2026-09-08T16:29:23
0101efb9e718e8b5	2026-09-06T09:55:48
01d201a3c8f81791	2026-09-08T04:19:51
0223c8100342cc28	2026-09-06T13:41:27
02d245ff59891e4c	2026-09-06T18:04:21
03d8afd5612604d0	2026-09-09T21:30:23
04055f435cbc1c2e	2026-09-08T05:19:23
0420ebf028aa9d6f	2026-09-08T07:51:49
0432e4eeb1544b3a	2026-09-07T02:27:14
04acf555e6d6dbb0	2026-09-06T07:22:05
04e33b8b008d1fee	2026-09-09T08:49:25
050e4d3a9cfa8f3a	2026-09-07T14:48:27
05cb72e6408409ef	2026-09-08T16:20:22
05e2af8dcce22051	2026-09-06T10:23:39
05fb58825577f99d	2026-09-06T12:57:42
0618505118203ce6	2026-09-07T14:46:36
0725093ae03f16f6	2026-09-07T14:44:36
07337171fe784739	2026-09-08T03:55:57
0750f3f90876d60e	2026-09-08T00:52:10
075915e437f29094	2026-09-09T08:03:19
084c29173fab404a	2026-09-06T03:05:09
087592644efc94cb	2026-09-06T19:17:39
08de10d1cfafe597	2026-09-08T07:27:55
09a23a36fad47520	2026-09-08T00:15:22
09fcb7723cda4d0c	2026-09-06T19:08:47
0a4a415d12b008a1	2026-09-07T10:37:51
0a5acff54f93af2e	2026-09-06T09:55:45
0acf01a66181c16b	2026-09-07T06:43:08
0ad0118cbe9fa19e	2026-09-07T04:00:49
0b2cdbce85378546	2026-09-07T21:23:49
0b32c0ad0df9dc5d	2026-09-08T12:35:08
0b455043f14871f7	2026-09-06T03:05:23
0bb75b1f999bf308	2026-09-08T09:14:25
0bb87e3cbed39f14	2026-09-06T03:05:30
0beed1cd4f788c58	2026-09-08T00:44:44
0bff873b525e9d4a	2026-09-07T09:06:39
0c3dd15c76839335	2026-09-07T15:46:49
0c8e11d7857fc041	2026-09-06T03:05:29
0cbcd5967689a3d5	2026-09-07T06:29:48
0d514bea71fe1be0	2026-09-06T17:55:02
0d78c128e8635fe8	2026-09-06T21:09:08
0da907e060124ccb	2026-09-06T16:37:31
0df527fed1b0ac29	2026-09-06T21:38:53
0e16acf9625da49e	2026-09-06T03:05:25
0edb7674d9430baa	2026-09-07T03:32:54
0f46f805572eee66	2026-09-07T21:20:41
1069d20f657b20c6	2026-09-06T05:42:01
107351478f046890	2026-09-06T06:42:57
111a8b30527598ab	2026-09-08T07:12:33
112c07799adea61f	2026-09-07T06:19:46
1172d08c5f2fe995	2026-09-08T02:31:26
1208771f33e598f8	2026-09-07T01:34:57
123e28704e71d6ca	2026-09-06T18:43:33
12b393308882cd98	2026-09-06T03:06:08
130555942d5199c5	2026-09-07T12:01:24
13a503e2cfd87e2c	2026-09-07T11:05:53
13c9dd852e61abde	2026-09-07T11:34:39
14295427df9bad47	2026-09-09T14:00:46
14368fa4364a7287	2026-09-06T19:12:39
1452f7617e233c15	2026-09-07T12:45:12
14c750b4357ebb05	2026-09-06T10:06:37
163b8151b81aa41c	2026-09-07T00:11:12
163bcaf2f19e5e9f	2026-09-06T23:45:06
168ea7c10224e4aa	2026-09-06T03:05:55
170cdeae9f32f03d	2026-09-08T22:44:32
18677b9411d87875	2026-09-06T09:56:37
186cd759a6de6c9f	2026-09-07T07:18:39
187d3c39fc8c626a	2026-09-07T21:02:19
18ce121e6b291b72	2026-09-08T20:36:37
19dfe10c7a02f377	2026-09-07T17:04:57
19ebe32c2c833bfa	2026-09-07T14:12:28
1a77f126a407fe59	2026-09-07T03:03:28
1ac032f354ac489c	2026-09-06T10:13:26
1aed11fd3e898349	2026-09-08T06:08:03
1b44424da011fb92	2026-09-07T21:00:20
1b9f2c9e8ad5d63e	2026-09-08T07:54:54
1c02b4caf564b4a9	2026-09-06T03:06:06
1c1524dedd0f815e	2026-09-06T18:50:43
1c6416adfe417a6f	2026-09-07T21:02:17
1c9791a405744297	2026-09-07T02:01:24
1cb0560092b7621c	2026-09-07T17:23:17
1db9aff5d0cde4db	2026-09-06T09:56:31
1e69fccbb1d931bc	2026-09-07T15:21:21
1e7557beb5b318c0	2026-09-07T10:37:28
1e946f8f3b6ffa06	2026-09-07T17:35:19
1f10c80a74488f41	2026-09-06T09:55:53
1fc491ece70c184b	2026-09-08T14:36:37
1fc8984a1698d1bf	2026-09-08T16:44:57
20220ef819bd3dee	2026-09-08T00:32:12
204276dc6478e609	2026-09-07T08:57:13
207f244b8690e413	2026-09-08T23:44:01
20afe9c8af80ac33	2026-09-07T15:56:30
20c0dc0018773aeb	2026-09-08T15:48:08
20c7d8b911278e16	2026-09-08T09:54:34
2145dcb369d9580a	2026-09-06T15:46:13
21835871e6144e95	2026-09-07T23:21:57
218be26904e62f90	2026-09-09T01:59:08
21cb586456eba09e	2026-09-07T11:38:24
21dcf213480d69ec	2026-09-07T03:47:26
2202c740decb1628	2026-09-07T09:37:25
22055196f33d2c10	2026-09-08T17:32:26
222f5f963c8c7290	2026-09-07T13:31:47
2230bb839b860615	2026-09-09T12:20:38
223a4236ad423693	2026-09-06T10:16:31
22492be50a26f867	2026-09-06T16:33:26
23a8b09a763ba83d	2026-09-06T09:56:00
2401287accfb8bb9	2026-09-06T14:11:15
24c9387288a46d82	2026-09-06T03:05:42
24e3b660a47b7b78	2026-09-07T19:46:58
252cc0a72b53f472	2026-09-08T17:51:18
25793c0004c374bc	2026-09-06T20:08:54
25fad945b6b0baa4	2026-09-06T15:59:02
26aa0ff00101de5f	2026-09-06T21:01:41
273737b3d1b707ab	2026-09-06T03:05:27
273d141b9648a96f	2026-09-08T15:46:52
289477cc51203ffd	2026-09-06T09:56:22
29a845c7f2ade424	2026-09-06T20:52:05
29dacb34a1b3d645	2026-09-07T20:48:56
2a5c4d21258ae95d	2026-09-09T09:08:39
2a5d211ca85f6be6	2026-09-07T10:50:37
2aaa260000cfeece	2026-09-06T03:05:45
2adbeaf9c707520c	2026-09-06T13:20:13
2affa088d82f493e	2026-09-07T10:41:56
2bd8625eeed1038f	2026-09-08T13:11:33
2c0eea8f2d85a03f	2026-09-07T12:54:06
2d36f686c863ba31	2026-09-08T18:43:29
2e268190e2017630	2026-09-09T18:51:22
2e74db47a4574531	2026-09-06T14:17:18
2e8237d7b0d6eb24	2026-09-08T00:56:06
2e97bbbddb5664e7	2026-09-07T12:47:54
2ef3c15a5c89299e	2026-09-07T08:26:58
2f15c3849872665a	2026-09-08T10:42:56
2f37005bf30ad19c	2026-09-07T19:53:17
2f4cb939f3e54982	2026-09-07T03:44:04
2f73322c724f3518	2026-09-09T21:43:46
304ba8d85c49ab98	2026-09-09T21:26:45
30ba5b5bf83afc6b	2026-09-08T00:32:51
30d95bc46038312e	2026-09-07T04:14:35
30dcd36dfef67124	2026-09-08T16:48:20
30ff86031bca366e	2026-09-06T10:16:15
315ad8300885ab59	2026-09-06T16:41:11
31dc2ad00edd8f4d	2026-09-07T03:19:02
32080a0f7b36cbb8	2026-09-06T03:05:20
320b4c6500f90978	2026-09-07T00:24:14
327854f9c5aafa10	2026-09-07T12:06:45
327e0f6731fa416a	2026-09-08T09:57:12
329b85b7cdf2ab94	2026-09-07T17:35:45
33ed834f28fea3f6	2026-09-06T23:31:18
33f3e3d8bbe453c0	2026-09-07T19:21:30
3525c86f77226737	2026-09-07T04:20:24
352d55b32401d81f	2026-09-07T07:20:39
35958b08961b7cfc	2026-09-08T03:21:27
36a4f527fab21cbd	2026-09-07T10:22:00
36da467a5ad95062	2026-09-06T14:24:00
36e321027d4380e2	2026-09-08T04:16:02
36ef30c6cae7ea86	2026-09-07T19:32:17
37f28e705a4ceac5	2026-09-07T05:30:31
37f511f6864b0ce8	2026-09-06T09:56:07
3852b751ff650edd	2026-09-06T03:06:00
38948a3d665b5896	2026-09-06T03:05:17
39867eee054ef3d6	2026-09-06T14:27:43
39fba14ab3776f6a	2026-09-08T05:08:31
3a634a478d1723ea	2026-09-06T19:21:58
3a72790867ba4aee	2026-09-09T19:12:31
3a7e16c71592072a	2026-09-06T20:19:17
3aa37e5adb0f680d	2026-09-07T00:36:40
3add7577c3c64255	2026-09-08T04:37:53
3b093e525c4d2f2e	2026-09-09T11:42:11
3c06985ddfdcf261	2026-09-07T00:05:29
3c0871c527a9fd1b	2026-09-07T02:17:29
3c3d8e312add7a07	2026-09-06T16:44:53
3c67dbd554a6f108	2026-09-07T16:21:35
3de5f9e7f1d255e7	2026-09-07T18:21:36
3e91fbf1e5e1cf09	2026-09-08T09:20:40
3eca9b1dfcaec649	2026-09-06T07:10:20
3ef20f164ab330a9	2026-09-09T02:44:27
3f202f9458290a2b	2026-09-07T20:26:04
3f458ae883a561b9	2026-09-07T06:44:27
3f847dbc5177a22d	2026-09-07T17:54:07
3f992a658e86c41b	2026-09-06T19:25:49
40cee2e7625bc552	2026-09-06T20:16:46
4106ebaf7b8afce9	2026-09-06T12:10:31
422dad754ddaee2e	2026-09-06T06:25:28
4251d0206ec0c705	2026-09-06T03:05:22
4270c4eec40298e2	2026-09-09T18:55:28
4275ccc944de4ff9	2026-09-07T06:36:16
430456bcb2431aa2	2026-09-06T03:05:11
43144a0768abe581	2026-09-06T08:13:45
4399b59be7c9bc1d	2026-09-07T05:11:31
44951e370d520777	2026-09-06T17:50:23
454a6d4a4b192c6a	2026-09-08T22:06:12
45685531eebb4df1	2026-09-06T21:45:43
4660b2603927c8f1	2026-09-06T07:49:54
474284ff9d5a16f5	2026-09-07T08:04:52
47776ef65350ff76	2026-09-08T19:17:09
479926fa64955ac1	2026-09-09T00:31:02
47ab3228951c5301	2026-09-06T20:29:00
47bdca00b46d4276	2026-09-07T14:33:41
48bfb628724292a4	2026-09-08T18:32:58
48c043344a0b148d	2026-09-07T21:31:04
48d86b70d80a0f83	2026-09-07T08:17:16
48e8175f54c753e1	2026-09-08T08:37:06
48e978b70d5a18e3	2026-09-09T04:55:23
497525332f671daf	2026-09-07T23:28:12
49b280a327aefa61	2026-09-07T15:51:14
49cb52d957ff0e39	2026-09-06T17:16:57
49d633edee309bb7	2026-09-07T00:25:08
49ee186a0362d8fb	2026-09-06T13:32:54
4a168144a82f1fda	2026-09-07T16:21:22
4a1f827d2d44b243	2026-09-07T07:26:08
4a2a2e360719b09c	2026-09-07T02:28:20
4b9d316229c7015d	2026-09-06T19:05:37
4c1a1abe925dd78d	2026-09-07T15:35:07
4c2158ccb2bb0f0c	2026-09-08T09:02:00
4c4ed500c746bc59	2026-09-07T00:09:38
4c6b7267be9a6fdb	2026-09-07T15:24:33
4cd66146864b1e3c	2026-09-06T21:28:28
4cfb54e0c2865688	2026-09-08T15:52:36
4d1c7784cd12afbc	2026-09-06T21:34:09
4d24b06a5efcf075	2026-09-06T03:05:51
4da6109874fd70f8	2026-09-08T20:00:02
4e08eb424baa43f9	2026-09-08T05:24:45
4e2f93dfade97a6d	2026-09-08T05:33:59
4e32c6fc11bda143	2026-09-06T12:35:49
4e67eca493a1a4fd	2026-09-06T15:33:16
4ed50fad4b613045	2026-09-08T12:56:52
50197b5e39d6d54d	2026-09-07T17:40:23
5102d2c1d4be28ae	2026-09-08T15:09:17
5112d818d77b2f2f	2026-09-08T07:58:17
511ebc677171ddfc	2026-09-06T15:25:16
517ba64429434d32	2026-09-06T09:56:18
51ea7b109998d664	2026-09-08T08:11:00
5318a7d601282890	2026-09-06T03:06:10
53b55a31e4e566cf	2026-09-06T13:57:52
542d339d6a6d0728	2026-09-07T13:46:38
556d4bd646fb8b93	2026-09-08T12:02:08
55bfaff738f57e06	2026-09-08T15:37:58
55d841f78dc82649	2026-09-07T04:01:35
568449cc4dcee4fa	2026-09-06T14:18:25
573b634c5add9a55	2026-09-07T17:28:22
5815f413be5fdcb7	2026-09-09T02:56:22
596805526fcabcfb	2026-09-08T02:48:05
59b38d317ba10da8	2026-09-08T01:50:10
59c129dfec82c306	2026-09-08T23:41:58
5a0cb2ad8fabebea	2026-09-06T08:08:03
5a173ed5eeaf7c05	2026-09-06T09:55:50
5bc39ded652c759e	2026-09-06T15:12:06
5c699e8a8ffbe986	2026-09-07T17:48:21
5d0450a6b3feded8	2026-09-06T20:21:22
5d76cf175e1631cb	2026-09-06T15:57:11
5e068f2d88fe2922	2026-09-07T13:15:19
5eb4091e285fece3	2026-09-06T23:04:46
5ec1bb15b73bc12b	2026-09-06T09:56:27
5f0b3578c6169d16	2026-09-06T15:37:26
5f999f63adbf112a	2026-09-07T20:11:14
5fdd7858647cc961	2026-09-07T09:55:46
6009470f06e10737	2026-09-08T15:53:04
60b3d72bcc859b05	2026-09-06T03:05:36
61161a1d544ccd9f	2026-09-07T23:03:42
625036c58d3829ee	2026-09-07T09:49:45
629aa26e2804bb7b	2026-09-06T16:20:21
63388cb7900b4dce	2026-09-07T12:01:54
6448b8a5fd5a4d00	2026-09-07T11:29:12
651da5ba9a1f819b	2026-09-07T03:44:52
652cd4f8d31f4695	2026-09-07T02:36:11
655140e61811cb63	2026-09-07T04:11:05
65e362432aa16e73	2026-09-08T00:13:30
667e67e225b69ea8	2026-09-08T20:05:30
668b67fabb3c4ffc	2026-09-08T07:24:53
6739ba4cfa076c3e	2026-09-08T11:09:16
67aa869a0ec7c302	2026-09-07T16:35:02
68991679bf037344	2026-09-07T05:13:28
68b98cc3259d2cf2	2026-09-09T04:34:34
68cb6e846ec1085d	2026-09-08T01:17:23
6965d4bda094050b	2026-09-07T22:48:54
69ce206aedff8b6a	2026-09-07T01:11:08
6b29a970f356c68b	2026-09-06T17:43:12
6c07823c86e483ec	2026-09-07T05:09:09
6c1fbc0bbbe0f49d	2026-09-07T00:46:24
6c537704a40de39f	2026-09-09T17:53:45
6c5673025eb5a43d	2026-09-06T09:56:14
6c87995b46794f07	2026-09-06T09:56:30
6d34cb0a17ed8dc6	2026-09-06T21:18:50
6d84ab17c29f5b87	2026-09-07T07:49:19
6d941f5db30de9fa	2026-09-07T20:12:26
6dc0d256a8b282d9	2026-09-08T08:47:46
6e3c6c609c40c947	2026-09-08T01:35:35
6e4e7cb2dac8e59d	2026-09-07T19:53:43
70498a64a0a3c3b0	2026-09-06T16:19:12
70577901ff91fbe9	2026-09-09T21:24:28
705d62c3af203bd8	2026-09-07T03:29:08
70d549d518727ab3	2026-09-06T22:45:05
711769b8a5d953ed	2026-09-06T17:43:23
7125ec93d89b8135	2026-09-07T02:58:46
714f2ebc0f538658	2026-09-09T05:25:48
71e9cdf33cc1ec4f	2026-09-07T01:31:17
723c58696a76505e	2026-09-07T18:20:38
7247196a06035117	2026-09-06T16:44:56
72cf052f8ef4bd0d	2026-09-08T17:05:58
73db9f0ec77369e8	2026-09-07T00:12:00
73f0211daafd813f	2026-09-08T02:27:13
73fac2541e810b38	2026-09-06T06:44:48
74466b9df7c47a95	2026-09-08T21:35:48
74ce76acad2f4cf4	2026-09-09T01:11:02
74fcc09b1b23a104	2026-09-09T05:15:51
7559ab3593698cc5	2026-09-08T11:59:33
755d08315368e0c8	2026-09-07T13:28:25
75b3c23623dcf9bf	2026-09-08T20:18:11
7608fa7df542450c	2026-09-06T11:59:15
7668e4395cf45c8a	2026-09-08T04:56:56
766e53c39597bd73	2026-09-07T21:31:54
776c4af39d2afbab	2026-09-08T19:45:55
777b99cdb66c4f70	2026-09-07T05:59:29
77f7b0cafa5ca617	2026-09-07T23:50:26
78ec2dde12f1650f	2026-09-06T14:03:27
79bafcc27d3c5545	2026-09-06T15:01:45
79e31ea4d823bc2e	2026-09-07T02:35:46
7ae7aca5dfc0a338	2026-09-06T03:05:47
7b9bfc06161540e0	2026-09-06T09:56:25
7bdc8a818f8a648e	2026-09-07T11:06:44
7c09277111c4dc51	2026-09-09T18:15:24
7c9618a72b9db4e3	2026-09-06T12:19:52
7d78eadb13d51f8b	2026-09-07T17:15:34
7d83b80fe89fa7a4	2026-09-06T13:58:06
7db78bc173af0304	2026-09-07T09:07:15
7dbd55b887fe116c	2026-09-08T19:44:44
7e4974111c4ce2fc	2026-09-09T04:56:36
7f0488c6f76ea7fe	2026-09-08T01:19:16
7f530862eb7ac9e0	2026-09-06T13:17:33
7f58308f626d828b	2026-09-06T21:10:26
7f59c4b5b1e42a5b	2026-09-08T01:50:22
7f5fba5d76cc88ca	2026-09-06T09:55:44
80275d248e6f2161	2026-09-06T16:40:02
80535ade7324a762	2026-09-07T21:58:21
80916aadcc9849d2	2026-09-07T01:02:57
8125424ac722ee67	2026-09-06T06:39:33
81494a6ef36d3ec9	2026-09-06T09:56:45
8193b0d98701cec7	2026-09-07T23:58:01
81f8be66d5233a0e	2026-09-06T15:52:18
82cc5dfe8ca6c13b	2026-09-08T19:02:00
830ecc03e75776f3	2026-09-06T14:18:11
831993bc20beb6fb	2026-09-06T09:40:37
837a830167da7a98	2026-09-09T07:06:10
8390000ba39eb0af	2026-09-07T06:03:19
8439f7bdab0fa0ea	2026-09-07T17:30:35
8449cdae448a373f	2026-09-07T04:45:50
8464c57b8b7b4970	2026-09-09T14:45:13
856b4bd5e8c1edd1	2026-09-08T07:37:19
8598b86c4857990b	2026-09-08T16:49:23
85e38a710ab3531f	2026-09-07T07:09:18
867892f60d9bf313	2026-09-06T15:54:24
86b9d13e1905ac76	2026-09-06T19:14:13
8723e242d5cccc31	2026-09-06T12:40:22
87ba3c8294f8f8a3	2026-09-06T06:55:15
87caeb212b8dc6bd	2026-09-08T07:52:24
87e3c2cb00d15d78	2026-09-07T09:24:30
87fea5ef77a5d8b4	2026-09-08T02:36:18
880ecdf1ff9f715d	2026-09-08T10:35:38
886b48530a4f2e65	2026-09-08T22:56:06
88d3aa85758299ae	2026-09-07T05:52:23
899717533de9fd3a	2026-09-07T14:01:22
89b6e903200ef01d	2026-09-06T03:05:14
89c79cc95d4545cb	2026-09-08T16:56:45
8a40c65c6b646f9c	2026-09-06T10:22:18
8ac21b43362c75c1	2026-09-06T14:10:02
8b2c56842a3c672c	2026-09-06T12:50:58
8b515e4f23cea3ca	2026-09-06T19:09:32
8be00da281663661	2026-09-07T09:38:46
8c04c264c34cf1c5	2026-09-08T01:17:23
8c1fdba3cb6b0c47	2026-09-07T17:17:33
8d9728875d0b2e99	2026-09-07T13:15:29
8d9a00d114ecb316	2026-09-09T02:27:21
8e99f82dcea66a6b	2026-09-07T20:27:08
8eb50b997486569c	2026-09-08T12:30:03
8ebbc34db71e8baf	2026-09-09T18:47:11
8ec418518644977b	2026-09-08T12:21:07
8eda44fa73548e5c	2026-09-06T03:06:02
8fc4181ed40c19f0	2026-09-09T20:31:02
8fcdaa7aed1d29ec	2026-09-07T18:18:08
90834489138c5362	2026-09-07T17:33:14
90ca30dc826d1e8f	2026-09-07T05:46:51
927654abc36da60a	2026-09-08T11:27:32
940b2f64cad61312	2026-09-08T04:43:38
94216f12987a16fa	2026-09-07T12:00:26
94a466966a8b5f41	2026-09-06T17:58:05
94f9550bd2734ef5	2026-09-07T00:08:56
96447ffc2a3c6fdb	2026-09-06T10:18:30
9666588387a87a4d	2026-09-08T11:38:33
968fb9c08384d08e	2026-09-06T06:49:27
96f9e5740d22390c	2026-09-06T11:30:43
9775359d52a7b193	2026-09-07T23:42:12
9863c1c3f193d20b	2026-09-06T19:14:05
9879c2612524e609	2026-09-06T13:14:44
98f316cd4f329a75	2026-09-06T21:19:04
999322982b06058f	2026-09-07T00:38:15
99d573dfe6f81195	2026-09-08T02:31:10
99fc314fda1bb935	2026-09-08T09:32:25
9a5b6799a662168b	2026-09-06T22:12:13
9a708bda0979260e	2026-09-08T02:44:33
9b03de053b54caa4	2026-09-08T14:16:46
9cd40043beb72dac	2026-09-07T01:56:41
9ce359f270cd6cc9	2026-09-07T00:50:39
9cf90f0874366292	2026-09-08T00:32:39
9d4d75c4e4fd553e	2026-09-07T02:46:51
9d5a3f82267ad76d	2026-09-06T09:51:43
9ddd621b8af21bb6	2026-09-06T09:55:40
9e62fea7e60233de	2026-09-07T20:29:34
9e88898277ebafab	2026-09-06T06:09:20
9f3b794e9c6031a3	2026-09-08T04:31:43
9fb058ddc5563741	2026-09-06T15:31:44
9fb7e3e62736e267	2026-09-07T08:48:42
a064acb1f2c26fed	2026-09-06T14:41:02
a0a395194451913d	2026-09-09T08:32:28
a0cfd377671b75c7	2026-09-06T23:21:34
a157e3dcf3f7c41c	2026-09-06T19:01:01
a18e59f1e4f95197	2026-09-08T02:25:37
a25ac9dccbac662a	2026-09-07T15:21:07
a2ddad0ec58ec27c	2026-09-07T06:33:39
a358aca32621bf78	2026-09-07T05:16:35
a3a90e8ed2475a00	2026-09-07T07:03:38
a3acb073e40780d2	2026-09-06T09:55:42
a3d622801e98e4fa	2026-09-07T20:33:47
a4055fe3d6410b5e	2026-09-07T16:23:36
a45227914cf248b7	2026-09-07T00:42:11
a47c1f25ad389097	2026-09-07T13:39:33
a48ed15fa93e72a0	2026-09-09T05:05:25
a49583e2d76fe662	2026-09-08T17:58:07
a54944a9c10ea44a	2026-09-06T17:38:43
a708bbb1b3ba4ee8	2026-09-06T07:57:24
a71b8e6f3e4ae776	2026-09-08T16:41:04
a75fe61710cc0af9	2026-09-06T20:34:27
a782152532234c88	2026-09-08T05:49:53
a8322288a5f53276	2026-09-07T03:03:46
a8cc2dd18f59fbea	2026-09-08T05:01:42
a99d82bc2a92ea50	2026-09-06T14:17:47
aa5e6dd95d2d30e1	2026-09-07T21:36:28
ab0a9f86feeec4ed	2026-09-07T18:41:19
ab8b10ab1f56b838	2026-09-08T11:25:43
abcb928c5873e410	2026-09-07T17:11:54
ac65c1b78a90bc10	2026-09-07T08:40:19
ac978649f9e300cc	2026-09-08T11:52:54
aca3dbcd1aedbbae	2026-09-06T16:16:03
acf84391e5ce7a1f	2026-09-06T05:49:44
ad21e2dd20a6a5d2	2026-09-06T13:51:45
ad6199cefe0a1ee5	2026-09-08T13:44:17
adf32b7399a81d5f	2026-09-09T18:11:33
adfac16fb50bcc1e	2026-09-08T02:14:28
ae4750b404606f59	2026-09-09T04:41:05
af55eca148990efa	2026-09-06T07:53:38
afb7deaeb4d6961e	2026-09-06T16:00:20
afdb7af71316d265	2026-09-08T13:59:28
b09ab7b3c97eeb0e	2026-09-06T03:05:56
b0bd374fd460187a	2026-09-07T02:57:10
b0defca37fa21783	2026-09-06T18:32:11
b0f964ce0681aa88	2026-09-07T11:31:07
b1f0723008da7e29	2026-09-07T20:11:49
b2c3edb8485289ca	2026-09-07T04:09:40
b2f35bac1abd70ca	2026-09-07T12:15:19
b34865336ae07a90	2026-09-07T00:46:45
b3855c21374aceb6	2026-09-08T19:01:05
b5136e81da3229ad	2026-09-06T21:48:23
b542025153b35af6	2026-09-06T09:56:47
b5b021e70cb89364	2026-09-06T16:57:20
b5cbc5b494358f55	2026-09-08T20:05:32
b60fb3d5a8f0ae45	2026-09-06T17:44:31
b681e93268969573	2026-09-08T16:11:57
b68932ca0ae6f80f	2026-09-08T21:21:30
b6a9324dd7abdabf	2026-09-06T09:55:58
b6d1c838edfdb518	2026-09-06T12:11:45
b728aaa15ddb62c5	2026-09-06T21:30:45
b77c9cc30f74909f	2026-09-06T09:56:49
b7c1dbc99066d679	2026-09-08T22:08:50
b81e3dcb0c081c23	2026-09-09T12:51:01
b82d687ac2e6c28c	2026-09-06T19:13:52
b83cf05a0f74fce1	2026-09-08T13:11:17
b8ed649eba891c52	2026-09-08T04:50:53
b925826693078f79	2026-09-08T06:26:52
b93b3184348acd3b	2026-09-07T09:01:45
b9a54047f27204f6	2026-09-07T15:33:40
ba678a98b097cf9e	2026-09-06T09:53:51
baca7f3c4418e7b0	2026-09-07T09:13:22
bb593582179ab3ba	2026-09-06T12:52:01
bc148196f01822a1	2026-09-06T09:56:20
bc51e114f6ee4bf9	2026-09-06T11:44:40
bc6364e4947e9101	2026-09-07T21:44:17
bcdaf31f9497224e	2026-09-06T18:59:14
bcf3b7af2f102509	2026-09-07T06:37:38
bd313479eefe715a	2026-09-06T15:18:16
bd75fa872316f894	2026-09-06T15:46:55
be77d80a79a0dce6	2026-09-08T03:49:15
be9efd46857c6a02	2026-09-06T07:06:41
bf1684cdbc3baf80	2026-09-08T09:52:11
bf2c7a24a7af74cf	2026-09-06T09:56:11
bf969f2a63bb67e5	2026-09-08T15:43:32
bfffdfbe9c79b2d6	2026-09-07T11:44:36
c02e517d1bcd91cf	2026-09-08T10:33:58
c196871c71506246	2026-09-06T03:05:40
c1cbe95154956516	2026-09-06T19:11:45
c3b8f5df4cd9c7bc	2026-09-07T17:36:57
c47b44eac945ef2a	2026-09-06T23:37:12
c4c99f977ddc0c6f	2026-09-06T12:54:16
c5598edf194ed3d9	2026-09-06T20:46:35
c5a302fdb2caa27a	2026-09-07T08:49:03
c60ca27979027083	2026-09-07T04:39:40
c6275a164881424f	2026-09-08T11:33:36
c670713f90acf691	2026-09-08T04:17:35
c6ea57c9c3a70e6d	2026-09-06T09:56:05
c79b157e0f1d2759	2026-09-07T04:29:13
c7af2326f793d770	2026-09-06T10:05:13
c81627ac034b3908	2026-09-09T00:51:47
c8397141eacf92ea	2026-09-08T11:08:16
c841cbd1a83ab6b9	2026-09-07T19:35:16
c8f44fc81f5273e1	2026-09-08T05:26:18
c93e033ee73f2301	2026-09-08T15:40:09
c98c2361826af835	2026-09-06T20:22:31
c9efbb9fa0cd590e	2026-09-06T03:05:43
caa2f18fae3628c8	2026-09-06T16:55:50
cb5e06cfdd612333	2026-09-06T09:55:47
cb8952c8afae7c91	2026-09-09T05:14:03
cbb9fffd196d2a64	2026-09-06T12:54:35
cbe13ebe7fc7bef7	2026-09-09T15:48:45
cca6fa7e91ca9e84	2026-09-06T19:56:49
ccfa9eb525684f83	2026-09-07T01:12:27
cd39f956d5c6647b	2026-09-08T17:59:13
cd40d9cb4fb00123	2026-09-08T19:30:33
cd4fa6625d9b89a7	2026-09-08T10:28:15
cd938587874c7d88	2026-09-07T01:15:46
ce378e1a62b53bc0	2026-09-09T21:57:01
ce7623b643ba27b8	2026-09-08T23:02:20
cf79306e563de495	2026-09-07T04:45:04
d0135bf9254872a0	2026-09-08T09:41:20
d03e6f763acc1604	2026-09-06T07:07:15
d0b8b287f5c687e7	2026-09-07T11:08:47
d11d7b05163e959d	2026-09-06T06:57:07
d1509db13a3a4ac5	2026-09-08T15:24:47
d1ea40195f3f4290	2026-09-07T07:03:12
d22c6a5f755df1eb	2026-09-07T15:59:15
d2649e28bb71e515	2026-09-08T02:38:22
d341cacce53aa985	2026-09-06T17:42:02
d39062c638b32dbc	2026-09-08T04:10:16
d3da7aee6486b14f	2026-09-07T05:04:36
d3f57fcc0b3fc5f1	2026-09-09T09:29:50
d414a99238592575	2026-09-06T06:01:02
d42f30266d7c2971	2026-09-06T14:38:53
d4378de89141877d	2026-09-08T07:40:05
d4af1fb4d32aff89	2026-09-07T18:26:25
d4c2d048a29bc8b4	2026-09-07T18:59:03
d5731e20f552ea0b	2026-09-08T12:59:53
d5738d9f51a45f15	2026-09-09T01:55:15
d60a7bffbc0562b0	2026-09-08T13:59:55
d67d8618bf933b97	2026-09-07T06:56:54
d68e76378e62cc3d	2026-09-08T02:44:41
d6bf9ba2d5444718	2026-09-07T07:33:25
d6ff5e2d21288b34	2026-09-08T22:09:45
d7b86612a12e2836	2026-09-06T18:46:18
d839cb79bd18c825	2026-09-06T03:05:15
d8b904b976742575	2026-09-06T23:10:46
d8cea5c8726b891f	2026-09-06T14:53:11
d8d97e0f7685d1cd	2026-09-06T05:51:29
d91b76616859abf2	2026-09-09T07:43:39
da0863ac9954897f	2026-09-09T12:03:59
da7a7186f65cb6c1	2026-09-06T09:56:03
da8640ab030e793b	2026-09-07T07:58:59
dad2e9a3c802b294	2026-09-06T09:56:16
db5ba2b1448fc24c	2026-09-09T02:39:57
db60db70b43628f1	2026-09-06T03:05:07
db80733a44f7d34f	2026-09-06T14:31:40
dba5f307894e764f	2026-09-09T16:25:57
dbcebc59a0ac3c83	2026-09-06T03:05:18
dbf37f13dd0d2785	2026-09-07T15:28:52
dc08e600ebd7e0f0	2026-09-06T09:56:42
dc2a1cc411a29ba9	2026-09-07T15:05:15
dd1a718c30bce857	2026-09-06T21:10:32
dd2aa6a3da6eb429	2026-09-08T06:14:35
dd2ca578e9451350	2026-09-07T09:48:40
dd77a6fd04e360ba	2026-09-07T22:54:35
de07a7c9b5315443	2026-09-07T02:52:23
de17710229b78026	2026-09-06T09:55:55
de4e95e146c217d6	2026-09-09T13:54:59
debfc7c8c9fcab16	2026-09-07T15:34:41
decdfcd2f83169af	2026-09-06T19:21:18
df50e0f2e53e0e8b	2026-09-08T13:58:44
e0060c3fc8081b64	2026-09-06T16:48:48
e1abc0573bbb2acb	2026-09-06T12:54:27
e22f65e8bdc68b7b	2026-09-06T15:30:00
e2859083fefb136a	2026-09-06T23:17:59
e3f817d751c4c0c7	2026-09-08T17:05:13
e4261984fdd3be9d	2026-09-06T09:56:40
e47297e4ea099461	2026-09-06T03:06:04
e4d098db504f2647	2026-09-06T23:01:35
e4f43f36470f5f1c	2026-09-08T08:32:01
e50f62a0c99445c0	2026-09-08T22:20:49
e553612f63e41c64	2026-09-07T06:33:46
e55ccf56422053cb	2026-09-06T13:57:46
e581742ad4a760b0	2026-09-06T09:55:56
e5a6711be9ae180e	2026-09-06T09:56:09
e5ba40c7419eeccf	2026-09-06T09:55:51
e623f588aaf72934	2026-09-09T11:17:26
e63e05d5e0951e21	2026-09-06T20:08:00
e6770614d0eb607b	2026-09-07T06:54:18
e699ca8bc5c28ad5	2026-09-06T03:05:49
e71f7d1083f1770b	2026-09-07T20:40:47
e76a3bad0b487c68	2026-09-06T03:05:53
e800003becea9c7d	2026-09-09T15:31:02
e861c977fa74301b	2026-09-09T09:41:02
e8640988d0bcd1a6	2026-09-08T01:10:51
e91dc83edcb1283a	2026-09-08T20:30:40
ea1e12f1752a6841	2026-09-08T19:46:45
ea436a198a895d33	2026-09-08T08:18:28
ea8a7427f6245964	2026-09-07T12:04:06
eb761cb9f3fb5d38	2026-09-07T00:00:41
eba132979230f83c	2026-09-07T03:39:01
ebc022c7a67e5924	2026-09-06T17:59:26
ec1b716b4e151494	2026-09-07T11:24:47
ec20868dd15b83e1	2026-09-07T04:18:19
ececf7983b674799	2026-09-06T09:56:23
ed581297fd8468ca	2026-09-09T21:00:28
ed7fb86c262b8b64	2026-09-07T09:09:02
ed91bc231055d497	2026-09-07T05:13:32
edbf1bd69ddb9fbc	2026-09-07T18:30:26
ef8849aa355b69eb	2026-09-06T09:56:33
efb449b3d51ba110	2026-09-07T08:41:05
efd5544dcb7e937f	2026-09-08T00:26:40
f0172305fb30c1f6	2026-09-07T17:32:48
f04894f6e042318c	2026-09-06T06:24:01
f06f0ebdc66990f1	2026-09-06T03:05:34
f098ab1a874c2151	2026-09-06T12:54:30
f0b02fece86d0509	2026-09-09T15:08:14
f1649d256b67a081	2026-09-06T03:05:32
f22addc4cb392476	2026-09-06T14:26:20
f25a68f489294d7c	2026-09-06T23:24:52
f2c3602b72d33a7d	2026-09-09T15:48:03
f363d5a068846aa3	2026-09-07T19:56:25
f36a40347fe500d4	2026-09-06T23:26:51
f4ebb9551dee5bbf	2026-09-06T03:05:58
f524e6e70ed92468	2026-09-08T01:57:36
f639613195cca237	2026-09-07T02:34:44
f7676cc68ae1dbfb	2026-09-08T01:44:28
f7f72cece0a44678	2026-09-06T06:08:44
f8de38415a9e06b3	2026-09-07T05:25:01
f9882566e8c2390f	2026-09-09T01:00:31
f991d1e1dd52a092	2026-09-08T04:07:15
f9a68dc98ad2c8b6	2026-09-07T15:58:30
f9e118bd526a31aa	2026-09-07T11:56:04
fa46e1cf05933643	2026-09-07T09:06:20
fa50825a300812a8	2026-09-06T14:28:02
fa50c5e69485f53a	2026-09-08T22:56:52
fa6f05635329b360	2026-09-07T11:58:02
fa986a50974886aa	2026-09-07T15:48:43
faab4c3f406a399f	2026-09-09T05:17:00
fb3cadc36aa00391	2026-09-06T17:29:16
fb5c15698d2683ab	2026-09-07T09:15:04
fba0465219acadac	2026-09-06T03:05:12
fbac00b55fb61e45	2026-09-07T14:26:07
fbe02c2b02765734	2026-09-09T07:05:42
fbe7afe2f8b91e9b	2026-09-08T10:52:02
fc1b805b6a778786	2026-09-08T15:39:50
fcd44ee7ff2f1347	2026-09-06T06:59:54
fd0b4c5087c98999	2026-09-09T16:09:01
fd0c9075056d21e1	2026-09-08T17:51:35
fd5a977a5ffaa1ea	2026-09-07T09:44:46
fec9cf176aa91ad1	2026-09-09T10:09:45
fecaa82e582d13d7	2026-09-08T11:22:11
ff08fec9fe3eafb0	2026-09-06T09:56:35
ff4571c41ae67297	2026-09-07T21:12:53
ff74835aa020a586	2026-09-06T03:05:38
ffe6968061adf976	2026-09-08T14:10:25
