tag	ts	p	i	verdict	rc	upload	trim	node	compact_gz_sha256
00ba2218819c2347	2026-09-09T02:55:27Z	3	4	UNSAT	20	uploaded	VERIFIED	i-0ccf0dc6a398156d8	f3c021c01c9d385dde84a15080c8179da98e64ffb981e4b283573c44a7b04567
0101efb9e718e8b5	2026-09-06T22:00:54Z	3	6	UNSAT	20	uploaded	VERIFIED	i-0ccf0dc6a398156d8	69a165aec7b856fb633d81513b8d83961b2b4f317e41777ad71862cf5f0dbf2a
01d201a3c8f81791	2026-09-08T14:20:52Z	2	27	UNSAT	20	uploaded	VERIFIED	i-01f0d952483d8f066	adee939fec5fe2d4881526978086d6f434d5fdef5448fefee90280760c525a39
0223c8100342cc28	2026-09-06T22:58:51Z	4	1	UNSAT	20	uploaded	VERIFIED	i-01f0d952483d8f066	b54c4c1495452c041abce780487e7e377f3eafca3862fe59ea93d12025514978
02d245ff59891e4c	2026-09-07T04:07:37Z	2	42	UNSAT	20	uploaded	VERIFIED	i-0ccf0dc6a398156d8	64846a09abd22c8c1d6bcadc07ecaa397cf924ee54572271364568350aae4ccc
04055f435cbc1c2e	2026-09-08T14:54:30Z	2	20	UNSAT	20	uploaded	VERIFIED	i-01f0d952483d8f066	1b2971acc06ab03b0a03819d6015cdace6dcd99a57a2f1c92744bc5042df91c1
0420ebf028aa9d6f	2026-09-08T19:52:46Z	3	34	UNSAT	20	uploaded	VERIFIED	i-0ccf0dc6a398156d8	4871a5f60fa85d47afc8dc1a4f394cbc901d0f8a4dd78ff40700086de190647f
0432e4eeb1544b3a	2026-09-07T12:50:18Z	2	60	UNSAT	20	uploaded	VERIFIED	i-0ccf0dc6a398156d8	98f8b8d31c58e03a2f30bcd3f77df5588d8b27638e10438a3e1a48810a6ec178
04acf555e6d6dbb0	2026-09-06T18:43:29Z	1	59	UNSAT	20	uploaded	VERIFIED	i-01f0d952483d8f066	52caf4ea105bc9d52cb16f7274201e8f36c714a6225cf6db528fad3e82de7028
04e33b8b008d1fee	2026-09-09T19:46:12Z	0	14	UNSAT	20	uploaded	VERIFIED	i-0ccf0dc6a398156d8	5ced30ba968668d4137e2681ad6eba6e504e9080ba1a6831b95b98554dadfe34
050e4d3a9cfa8f3a	2026-09-08T00:25:33Z	1	63	UNSAT	20	uploaded	VERIFIED	i-0ccf0dc6a398156d8	6cf3fdaebe6d4096fe8331f6439fa5ced7946c93e39a70ae99335e8dbb1b6ac3
05cb72e6408409ef	2026-09-09T01:56:56Z	2	79	UNSAT	20	uploaded	VERIFIED	i-0ccf0dc6a398156d8	2b104dbbf10a25ab48270dd71aca47114c7b0270232d9dac71498742aa56b2ba
05e2af8dcce22051	2026-09-06T19:09:24Z	2	80	UNSAT	20	uploaded	VERIFIED	i-01f0d952483d8f066	76dc5f767d00877c7ba1afe5943843ec37022c7da7728c24ef1ba7fd8d0bc15b
05fb58825577f99d	2026-09-06T22:52:58Z	2	81	UNSAT	20	uploaded	VERIFIED	i-01f0d952483d8f066	4b6574ad424f3dba7022af7cef8d7395d6d36be9beb7d50e359cb73835080f11
0618505118203ce6	2026-09-08T00:33:32Z	3	61	UNSAT	20	uploaded	VERIFIED	i-01f0d952483d8f066	8a8308d702d56ccb95c88eeff188c486b5fecb7381ed12bcc9529d341b12c562
0725093ae03f16f6	2026-09-08T00:12:03Z	2	96	UNSAT	20	uploaded	VERIFIED	i-0ccf0dc6a398156d8	ed58a56647245a70624f51e7d2b053f1855d39efd83eca3916a1db42a48fdde6
07337171fe784739	2026-09-08T13:10:48Z	4	7	UNSAT	20	uploaded	VERIFIED	i-0ccf0dc6a398156d8	2f86e27d249ecf1d64335bc5204de559c05bb19daee6adf79739ca76ffb63b60
0750f3f90876d60e	2026-09-08T11:06:38Z	0	23	UNSAT	20	uploaded	VERIFIED	i-01f0d952483d8f066	487478470985d8935163216e91b0933e26c5277cf770af491f4281e1f242772c
075915e437f29094	2026-09-09T18:59:12Z	2	98	UNSAT	20	uploaded	VERIFIED	i-0ccf0dc6a398156d8	8b14e0f80c488c35a31b13b02eca47a5881a3c0a720a91ffae6985d5b55262b2
084c29173fab404a	2026-09-06T12:41:23Z	2	45	UNSAT	20	uploaded	VERIFIED	i-01f0d952483d8f066	3eb8491dd605a1d8873af47a5f91f91c781eed62b45180452cc40599f7be231e
087592644efc94cb	2026-09-07T06:35:00Z	3	87	UNSAT	20	uploaded	VERIFIED	i-01f0d952483d8f066	5a0dd0ddffd526100a5f97f0deaa80ab741d83dbaa01cbc4953ac30286202ca8
08de10d1cfafe597	2026-09-08T16:37:48Z	2	124	UNSAT	20	uploaded	VERIFIED	i-0ccf0dc6a398156d8	80291ec557473ab379f015df326d1a68b2b723dc78f217f332d9a9bc19760b05
09fcb7723cda4d0c	2026-09-07T06:29:23Z	3	104	UNSAT	20	uploaded	VERIFIED	i-01f0d952483d8f066	8325ac4dd55bfbc97cbba957634eefad615211b3dfae19a86d1a534527b325bb
0a4a415d12b008a1	2026-09-07T18:06:02Z	1	145	UNSAT	20	uploaded	VERIFIED	i-0ccf0dc6a398156d8	3dd67b2084508101e2b92b3c1a0dbdb66f7de445bfa2b9d0ff8d267551aff1ed
0acf01a66181c16b	2026-09-07T16:36:01Z	2	151	UNSAT	20	uploaded	VERIFIED	i-01f0d952483d8f066	b230d8b04bdc2720ae54c68220672e2e4b29619d2f3c1be7d951b97377974377
0ad0118cbe9fa19e	2026-09-07T13:40:44Z	3	114	UNSAT	20	uploaded	VERIFIED	i-01f0d952483d8f066	18c38ae549c54ce18979f55cd72ac2dba31fcbe3dba2745234c6c37109ea6a3c
0b2cdbce85378546	2026-09-08T09:10:32Z	2	65	UNSAT	20	uploaded	VERIFIED	i-0ccf0dc6a398156d8	9261605cec391a7086917da60fb589c95c9ce0cad995208e4a2d2df4fc63110f
0b32c0ad0df9dc5d	2026-09-08T21:06:28Z	3	116	UNSAT	20	uploaded	VERIFIED	i-01f0d952483d8f066	7115013ee9c7c09ed972478d8c5246914aea5937f3cffd00dce1cc9218b1f098
0bb75b1f999bf308	2026-09-08T22:36:03Z	3	126	UNSAT	20	uploaded	VERIFIED	i-0ccf0dc6a398156d8	616781695da65b216f7a7b56c16bb9f365bb61c222045e16ff1501a6b69cb00c
0beed1cd4f788c58	2026-09-08T11:16:08Z	2	70	UNSAT	20	uploaded	VERIFIED	i-01f0d952483d8f066	4a7352762e9ab32a4f37cb472a30dfc9e87989e824f26c287ae674ff1a30e4eb
0bff873b525e9d4a	2026-09-07T18:28:38Z	2	72	UNSAT	20	uploaded	VERIFIED	i-0ccf0dc6a398156d8	5c2e23fb4198bb6d86872fce1d0af4f51781fb39635b8a52bcc4ccc60b5d3958
0c3dd15c76839335	2026-09-08T06:54:47Z	2	169	UNSAT	20	uploaded	VERIFIED	i-0ccf0dc6a398156d8	c4e92db312c924492f3a51ecac9e8f3c03f24d96ab6204586c528d5db467433b
0d514bea71fe1be0	2026-09-07T04:08:38Z	1	180	UNSAT	20	uploaded	VERIFIED	i-01f0d952483d8f066	bd6a74686dafe10d7cfe9db3be9f8b18bb6fcd9b4098002cd700c9a7e0860b9d
0d78c128e8635fe8	2026-09-07T11:18:09Z	4	13	UNSAT	20	uploaded	VERIFIED	i-0ccf0dc6a398156d8	3c794f59dcfbcb83cd42b4409ccb095fa1da1ef5aacd9b285f9e87f9957f8c0a
0da907e060124ccb	2026-09-07T09:44:52Z	2	184	UNSAT	20	uploaded	VERIFIED	i-0ccf0dc6a398156d8	2ce648c3148989caab0d18bafaf32366fb471bf8c805770b35685feb3bef3d85
0df527fed1b0ac29	2026-09-07T07:40:35Z	1	195	UNSAT	20	uploaded	VERIFIED	i-0ccf0dc6a398156d8	9de5e96d607d35f022b1f1844988b4445de028cbda551fabd40a131f284a7a06
0e16acf9625da49e	2026-09-06T14:05:52Z	1	198	UNKNOWN	0	-	-	i-01f0d952483d8f066	-
0edb7674d9430baa	2026-09-07T17:34:38Z	3	166	UNSAT	20	uploaded	VERIFIED	i-01f0d952483d8f066	795ac7f9dc964650c266a067e99493d6cb65c32b9343acaaecac6272457e77f5
0f46f805572eee66	2026-09-08T07:23:22Z	0	47	UNSAT	20	uploaded	VERIFIED	i-0ccf0dc6a398156d8	d46fbb3428f4eda7661b241a43da0ad8db267f2de38a2dbdfdea406919f9fc67
1069d20f657b20c6	2026-09-06T17:17:29Z	3	174	UNSAT	20	uploaded	VERIFIED	i-01f0d952483d8f066	2eb9f9d102410ffa946e8c21fe10d809844b01ccf05c955916eaf6a22c28be24
107351478f046890	2026-09-06T18:58:08Z	2	217	UNSAT	20	uploaded	VERIFIED	i-01f0d952483d8f066	3c5a5ef0c3c3bd39b6d2330b1b5bb733fe9bf50589930b653035d95754fe0acb
111a8b30527598ab	2026-09-08T16:48:32Z	4	33	UNSAT	20	uploaded	VERIFIED	i-0ccf0dc6a398156d8	3d9d7ea40675992a18a28937592a7c0d7610451196c48b895bb18527f5e885b6
112c07799adea61f	2026-09-07T16:10:45Z	1	241	UNSAT	20	uploaded	VERIFIED	i-01f0d952483d8f066	b69d3f0b33afdef62db4dcd85d94bf7396c483078b20bc4a267bcdcfe42896f1
1172d08c5f2fe995	2026-09-08T12:15:41Z	2	106	UNSAT	20	uploaded	VERIFIED	i-01f0d952483d8f066	f9cbf4d862f82ea9720e98b37c9881d0903686195ae7c1e5ce26f749a1bf5617
1208771f33e598f8	2026-09-07T12:09:15Z	3	193	UNSAT	20	uploaded	VERIFIED	i-01f0d952483d8f066	69696c1586be9408e3ed5b2320bbb038bfff1d87aca5c1a470923bbe9457abe4
123e28704e71d6ca	2026-09-07T04:17:32Z	4	19	UNSAT	20	uploaded	VERIFIED	i-0ccf0dc6a398156d8	b44fdc60042e09a54ea8ef77614e4ddf9647bdb41f57b9e7dcbffaff554d7447
130555942d5199c5	2026-09-07T21:43:37Z	2	120	UNSAT	20	uploaded	VERIFIED	i-01f0d952483d8f066	8605e0a5f211a87e35d3470d20b841c1727013d79b4e76e50bb0d237253999ea
13a503e2cfd87e2c	2026-09-07T23:31:53Z	1	278	UNSAT	20	uploaded	VERIFIED	i-01f0d952483d8f066	2e4ed066cc5e62434316ed045c8d9a250063eb33e08717a4b8395fbe0b513334
13c9dd852e61abde	2026-09-08T00:37:19Z	2	251	UNSAT	20	uploaded	VERIFIED	i-01f0d952483d8f066	d38d731cb642ce6e5508852d0c0241c649dc5e536bad37c9233c6fab77010c9e
14295427df9bad47	2026-09-09T22:43:30Z	1	284	UNSAT	20	uploaded	VERIFIED	i-0ccf0dc6a398156d8	3d9fc4595261853aa8c04157a6794dc00df415dcdfb080295edd27bdf2d1685d
14368fa4364a7287	2026-09-07T06:08:42Z	1	286	UNSAT	20	uploaded	VERIFIED	i-01f0d952483d8f066	abf002823545b10a401479cc68f195e7708c6639aa9aadedf929c1b56d5c936b
1452f7617e233c15	2026-09-07T23:18:29Z	2	254	UNSAT	20	uploaded	VERIFIED	i-01f0d952483d8f066	ab1656ae10b6796463912d5bd328feaf2a6f93f068633f0bd3124f595ac5ae6e
14c750b4357ebb05	2026-09-06T22:23:34Z	2	128	UNSAT	20	uploaded	VERIFIED	i-01f0d952483d8f066	e59a1d7b8ff2feb3b0b67d57d1daa26f88de832827375120a42290d4c229d723
163b8151b81aa41c	2026-09-07T11:43:43Z	3	239	UNSAT	20	uploaded	VERIFIED	i-0ccf0dc6a398156d8	782f91ce61f878c13c9104fe6f79a3900535aab7949dca9f925ba85f47e6f63c
163bcaf2f19e5e9f	2026-09-07T09:32:56Z	2	275	UNSAT	20	uploaded	VERIFIED	i-0ccf0dc6a398156d8	e978dd0cb913664c767d12c9335247320445000833d78f01e0d06c7259ce142e
168ea7c10224e4aa	2026-09-06T14:56:25Z	1	314	UNSAT	20	uploaded	VERIFIED	i-01f0d952483d8f066	d911929a9ce73f9db43d875d930b59a1a3acd7f6998fa87a95c877f01fb75ec0
170cdeae9f32f03d	2026-09-09T12:12:21Z	2	283	UNSAT	20	uploaded	VERIFIED	i-0ccf0dc6a398156d8	7f7a649e75e38e24bcbe573dc90cd9d47c6d9ed5aeccc5b1c6e37ae8195a4f29
186cd759a6de6c9f	2026-09-07T16:46:46Z	1	344	UNSAT	20	uploaded	VERIFIED	i-01f0d952483d8f066	32404d70f4c8cc176fd4c108dcd94a27f412de6e24076d17914364841bf88967
187d3c39fc8c626a	2026-09-08T08:15:51Z	1	346	UNSAT	20	uploaded	VERIFIED	i-0ccf0dc6a398156d8	fa7f5c50c268a038038a6cbb6e78040ef2a421c4e798259a1513cb8dd5407dda
18ce121e6b291b72	2026-09-09T05:51:55Z	3	266	UNSAT	20	uploaded	VERIFIED	i-0ccf0dc6a398156d8	68ad962256c0f2d46d0c73ff8c285d00f561aad64fdba4b0f5b6fe87b99a13f3
19dfe10c7a02f377	2026-09-08T02:44:02Z	3	278	UNSAT	20	uploaded	VERIFIED	i-0ccf0dc6a398156d8	0dda8979096a97a716061b0aa639497bbabeb8bbbfa3db57a187e804f5110a63
19ebe32c2c833bfa	2026-09-08T00:45:16Z	1	363	UNSAT	20	uploaded	VERIFIED	i-01f0d952483d8f066	e5a7df33b3ed5ebeb7e6c14914bb39a5c9dabf456d44504686329dfea45d7480
1a77f126a407fe59	2026-09-07T12:06:53Z	1	373	UNSAT	20	uploaded	VERIFIED	i-01f0d952483d8f066	d95873f7b788f0114ea0328d97a8d732f7bc05810201cad03d8edf2d8e548c86
1ac032f354ac489c	2026-09-06T20:40:14Z	2	157	UNSAT	20	uploaded	VERIFIED	i-01f0d952483d8f066	ed13fc8dc599461830c536418f5c445884cdcda6efc20768b2f05927c7908234
1aed11fd3e898349	2026-09-08T17:30:10Z	2	314	UNSAT	20	uploaded	VERIFIED	i-0ccf0dc6a398156d8	d8730f71af423fd87053671c17330d0d6eff8e74698de5ae7a5870e02884ba0f
1b44424da011fb92	2026-09-08T06:24:48Z	2	320	UNSAT	20	uploaded	VERIFIED	i-01f0d952483d8f066	76d9068eb78ed16c303c4e08aaa030c7939412a4004ec45d1df7c3c189e8c125
1b9f2c9e8ad5d63e	2026-09-08T17:31:38Z	1	385	UNSAT	20	uploaded	VERIFIED	i-01f0d952483d8f066	cc72672c21ca581a477a1f86a71d81d4e9816f38dea551785625ba7079d164ff
1c1524dedd0f815e	2026-09-07T04:00:21Z	2	165	UNSAT	20	uploaded	VERIFIED	i-0ccf0dc6a398156d8	7516737f7f76db0bef0c547ae5399cc9e43afa428d78a1a53679f3d43e6f1ef9
1c6416adfe417a6f	2026-09-08T08:46:34Z	2	332	UNSAT	20	uploaded	VERIFIED	i-01f0d952483d8f066	7a314b87596119e3cd20b2428552d958f947cc7cc647e1db714b86f325fdd9eb
1c9791a405744297	2026-09-07T14:30:59Z	2	336	UNSAT	20	uploaded	VERIFIED	i-01f0d952483d8f066	eccdcf7f224ad0f62bcbd61e06a6aa3914a7809cfe9a3ff708eda5c886311104
1cb0560092b7621c	2026-09-08T04:41:07Z	2	170	UNSAT	20	uploaded	VERIFIED	i-0ccf0dc6a398156d8	5a4335dcaa1bf6262abd6d4a630d686fdfe5403d7211d4d4315b07745994f120
1db9aff5d0cde4db	2026-09-06T20:57:03Z	2	178	UNKNOWN	0	-	-	i-0ccf0dc6a398156d8	-
1e69fccbb1d931bc	2026-09-08T01:18:25Z	1	420	UNSAT	20	uploaded	VERIFIED	i-01f0d952483d8f066	fc4192927b23de39788576a9924f8daa78eccd1afded97c65ae577061d83b2de
1e7557beb5b318c0	2026-09-07T20:25:31Z	2	189	UNSAT	20	uploaded	VERIFIED	i-01f0d952483d8f066	5fc9acf41d53558023f1c9fcf4e352803bce81832de36ae7fdb1987a66080533
1f10c80a74488f41	2026-09-07T02:12:30Z	1	432	UNSAT	20	uploaded	VERIFIED	i-0ccf0dc6a398156d8	04dc5f7658a7a7ff92c2f730565b92e561955ce485a728e54cf7d11e66c2b458
1fc491ece70c184b	2026-09-09T00:01:52Z	3	337	UNSAT	20	uploaded	VERIFIED	i-01f0d952483d8f066	ff7964ef524b0802762148bf7d2b5e1b549386f279c5dadc071516445cdeed33
1fc8984a1698d1bf	2026-09-08T23:52:37Z	2	200	UNSAT	20	uploaded	VERIFIED	i-01f0d952483d8f066	ac39805184756e3b1acdb120f99d8c09265b3685e3854f23be9b8073b4872f9d
20220ef819bd3dee	2026-09-08T08:07:21Z	1	443	UNSAT	20	uploaded	VERIFIED	i-01f0d952483d8f066	4f365e28a84c093cf51d0806ab5f79c0940cabdc92f42516afca7aa99ec80d48
204276dc6478e609	2026-09-07T23:20:14Z	1	445	UNSAT	20	uploaded	VERIFIED	i-0ccf0dc6a398156d8	e7c680ab380f2d712b9d3ed65e03bfc196689b74ec33aaefea5b5362b1e9a085
207f244b8690e413	2026-09-09T09:22:36Z	1	450	UNSAT	20	uploaded	VERIFIED	i-0ccf0dc6a398156d8	556d33311028f0266598914fa137ab299122a15720a3b0672d16523d286636a0
20afe9c8af80ac33	2026-09-08T03:30:04Z	2	378	UNSAT	20	uploaded	VERIFIED	i-01f0d952483d8f066	4fa67ac4107b85fd71ef3bb6d9a342ec93f3b2f74279bc8373ccbec49f1472af
20c0dc0018773aeb	2026-09-09T02:41:45Z	1	452	UNSAT	20	uploaded	VERIFIED	i-0ccf0dc6a398156d8	ba30e86a4c0d7c4a2266369d69848dfd3b0fd18c56ecfb489049d33fdca31161
20c7d8b911278e16	2026-09-08T18:58:16Z	3	348	UNSAT	20	uploaded	VERIFIED	i-0ccf0dc6a398156d8	206d2a99ad685c1ae48fc847a2ef3bd91b24939ed13cd54da69e3c142fc9aa34
2145dcb369d9580a	2026-09-07T01:57:15Z	3	354	UNSAT	20	uploaded	VERIFIED	i-01f0d952483d8f066	d0d4926b184f9c06e2ad312949c468aea208252e10bd7db30800b6cf70cdbf50
218be26904e62f90	2026-09-09T12:09:05Z	2	215	UNSAT	20	uploaded	VERIFIED	i-0ccf0dc6a398156d8	6edee9e8b5443212792e3c541a1483562e48e793f3e4d7fc2b33706d30deb74f
21cb586456eba09e	2026-09-07T20:58:29Z	2	217	UNSAT	20	uploaded	VERIFIED	i-01f0d952483d8f066	7e388ddbaef6ba704b2ad69ca1296f5d8d1b6bf20788769e823737f09d475eef
21dcf213480d69ec	2026-09-07T12:57:24Z	2	388	UNSAT	20	uploaded	VERIFIED	i-0ccf0dc6a398156d8	f0d95bdab0cc91e481578ed617d4fdc3a44eb5be082e5b11ea0401a95e7779e3
2202c740decb1628	2026-09-07T20:36:57Z	1	471	UNSAT	20	uploaded	VERIFIED	i-0ccf0dc6a398156d8	0029c6ee3f960c91a67b9bd9358c5c755326c75cddfd523f669f2ec2cdb40fe4
22055196f33d2c10	2026-09-09T02:40:36Z	4	68	UNSAT	20	uploaded	VERIFIED	i-0ccf0dc6a398156d8	4a0a41e058032fd047017d6a1e4a42d752d25611a7461d1c3609e548c8b51a74
222f5f963c8c7290	2026-09-08T01:23:16Z	0	120	UNSAT	20	uploaded	VERIFIED	i-01f0d952483d8f066	46a987256b5f555731d64c8fe58a1f47c15204c6c20c71b8f6c7217237af8a6c
2230bb839b860615	2026-09-10T01:46:25Z	1	475	UNSAT	20	uploaded	VERIFIED	i-0ccf0dc6a398156d8	3ac11e9af5ed0bdb77c70ca5a9ccdc571be459e4192abc1bf0cbfbe0722f45d8
223a4236ad423693	2026-09-06T21:16:51Z	0	121	UNKNOWN	0	-	-	i-01f0d952483d8f066	-
22492be50a26f867	2026-09-07T02:08:06Z	3	360	UNSAT	20	uploaded	VERIFIED	i-0ccf0dc6a398156d8	b9c52305c0a2ebbacefdb851e2d6522156aae987bec8ceef0466b25e62f59952
23a8b09a763ba83d	2026-09-06T20:14:05Z	2	409	UNSAT	20	uploaded	VERIFIED	i-0ccf0dc6a398156d8	06ac7a4327b88f84ef76d58866eb909d99dc7d67b60ead70189e5a109bb14d88
2401287accfb8bb9	2026-09-06T23:43:57Z	2	226	UNSAT	20	uploaded	VERIFIED	i-0ccf0dc6a398156d8	25528902bbcefdf32f135b8f6e3f052811bfef5191a9bd85b520d3cf5aa8ef18
24c9387288a46d82	2026-09-06T15:07:07Z	2	421	UNSAT	20	uploaded	VERIFIED	i-01f0d952483d8f066	296a03a7872f24485d1533eec6e2a00b6f69aab8ae2602f59a5cb107c70141d8
24e3b660a47b7b78	2026-09-08T06:47:18Z	3	397	UNKNOWN	0	-	-	i-0ccf0dc6a398156d8	-
252cc0a72b53f472	2026-09-09T03:00:45Z	1	504	UNSAT	20	uploaded	VERIFIED	i-0ccf0dc6a398156d8	f03dabdd087553da50cb95419e0f0d95d9c38c519570827cc37fda89b6f702ef
25793c0004c374bc	2026-09-07T07:09:16Z	1	509	UNKNOWN	0	-	-	i-0ccf0dc6a398156d8	-
25fad945b6b0baa4	2026-09-07T03:19:33Z	1	517	UNSAT	20	uploaded	VERIFIED	i-01f0d952483d8f066	2717e29e18900e1faf3dd9b817cc5bb8ba9905cb8b9282cc75bb639c887cffe4
26aa0ff00101de5f	2026-09-07T06:20:05Z	4	45	UNSAT	20	uploaded	VERIFIED	i-0ccf0dc6a398156d8	1ef95bcdf7a603674518386c88fc64e2bf81af44ca1d44939d73701d7887d17f
273737b3d1b707ab	2026-09-06T13:23:17Z	2	451	UNSAT	20	uploaded	VERIFIED	i-01f0d952483d8f066	de1d6469a8b47ff55e9960733847988df303f6ac41867f89e7cd154513dabeee
273d141b9648a96f	2026-09-09T02:12:54Z	2	245	UNSAT	20	uploaded	VERIFIED	i-01f0d952483d8f066	3908d29e3686640f9fbb8d57c33e4daf7002ec44fda9347ff3800781bd8b2496
29a845c7f2ade424	2026-09-07T06:01:45Z	0	138	UNSAT	20	uploaded	VERIFIED	i-01f0d952483d8f066	3e56ae6dcf5a62e8f940af1aa2d19e172fe8b051579027bad24f03a8bb7152b7
29dacb34a1b3d645	2026-09-08T04:55:03Z	1	567	UNSAT	20	uploaded	VERIFIED	i-01f0d952483d8f066	0435e56ed8eb23f4f8873ed95ef51816c5e13af5826e94801f7ee2196ba08a53
2a5c4d21258ae95d	2026-09-09T18:12:35Z	3	448	UNSAT	20	uploaded	VERIFIED	i-0ccf0dc6a398156d8	8d389a4ef8c4bb4b759aa12bc889afa4231cb0558ddbdd82be156a1ff3492fcd
2a5d211ca85f6be6	2026-09-07T21:09:35Z	0	140	UNSAT	20	uploaded	VERIFIED	i-01f0d952483d8f066	3f44c6e7954aaa61ab4d395385eddd797708dfa65360be9784f465407537aab4
2aaa260000cfeece	2026-09-06T12:50:43Z	3	456	UNSAT	20	uploaded	VERIFIED	i-01f0d952483d8f066	7563c09a6b74efc679127a32067661356d87098c913f955116b1d5431791cbc1
2adbeaf9c707520c	2026-09-07T00:49:18Z	4	83	UNSAT	20	uploaded	VERIFIED	i-0ccf0dc6a398156d8	2551db46288fc723871b1ba5ac920e3cf3597acf6d11d6618f144cd4ede51427
2affa088d82f493e	2026-09-07T22:18:19Z	2	273	UNSAT	20	uploaded	VERIFIED	i-01f0d952483d8f066	927ab1a75bec0eda39994a54aa2ef4dbea64403413a548624da1ca29c783df62
2bd8625eeed1038f	2026-09-08T22:05:23Z	2	277	UNSAT	20	uploaded	VERIFIED	i-0ccf0dc6a398156d8	65fb971db07618bc1280ef85a151616b46e3281d3ac1d32c784a41d7eba69b9a
2c0eea8f2d85a03f	2026-09-07T22:52:27Z	1	596	UNSAT	20	uploaded	VERIFIED	i-01f0d952483d8f066	ba878f5fdc51556b4c6fd90516afabb8ceffb70f8ed2c21e3005b5dca5f25a07
2e268190e2017630	2026-09-10T04:21:27Z	4	91	UNSAT	20	uploaded	VERIFIED	i-0ccf0dc6a398156d8	fef1fe4aa0658cb58fc8d7b2947173da3ca683afb92056e331b1da29499c820c
2e74db47a4574531	2026-09-07T00:42:09Z	2	539	UNSAT	20	uploaded	VERIFIED	i-0ccf0dc6a398156d8	e5ddf305e1164fd721e14fd23bc28c9c072f1058f41f4613e3a799532ae23729
2e8237d7b0d6eb24	2026-09-08T11:28:17Z	1	626	UNSAT	20	uploaded	VERIFIED	i-0ccf0dc6a398156d8	a610caa4c2ac460ea8bd8fb92df31a47edacb6daa056bbc60951d23943333775
2e97bbbddb5664e7	2026-09-08T00:50:50Z	2	541	UNSAT	20	uploaded	VERIFIED	i-01f0d952483d8f066	54c07528dbe60fe8cf7790b1922d802f37be356dd125ce1804509464cdc5c0e0
2ef3c15a5c89299e	2026-09-07T20:12:36Z	2	299	UNSAT	20	uploaded	VERIFIED	i-0ccf0dc6a398156d8	6463668e1f2c928ca4627aab01561abf38e85afda275dbbbffbfe7b04fb7abde
2f15c3849872665a	2026-09-08T20:55:47Z	1	634	UNSAT	20	uploaded	VERIFIED	i-01f0d952483d8f066	36797500e118e8cdfd3cb87d1e61c97dcc4cc3201c01dfb4feb31a2fce319908
2f37005bf30ad19c	2026-09-08T07:29:21Z	2	549	UNSAT	20	uploaded	VERIFIED	i-01f0d952483d8f066	52972d52783403998c3310d3f4a9b39c0d433cfe31072c3890c806c800b4f568
2f4cb939f3e54982	2026-09-07T13:17:28Z	2	300	UNSAT	20	uploaded	VERIFIED	i-01f0d952483d8f066	5eac0ddda65321ccec965c5d5beca0fe2a683fef22bbdb7f3912aad34795b129
30ba5b5bf83afc6b	2026-09-08T10:45:26Z	1	657	UNSAT	20	uploaded	VERIFIED	i-01f0d952483d8f066	17aeba8dbc88630e8257282a01c15beca6bee7f3d63ad14ae2c9c434b49ec770
30d95bc46038312e	2026-09-07T13:54:01Z	1	660	UNSAT	20	uploaded	VERIFIED	i-01f0d952483d8f066	9b53a05675cbaf3bc8d1d8d0fc1c1ff21199b94fb3087c9fd6af4c25a64f73bc
30dcd36dfef67124	2026-09-09T03:14:04Z	0	160	UNSAT	20	uploaded	VERIFIED	i-0ccf0dc6a398156d8	a6ddbb5e3e36f31da02a8edbb617488a2a9f69553f370f20e92ffcd28bac8c7a
30ff86031bca366e	2026-09-06T23:17:42Z	2	315	UNSAT	20	uploaded	VERIFIED	i-01f0d952483d8f066	70f5cca01c85efc55735d3c47d196ccbffd089e478625f878fef26695fcd11f6
315ad8300885ab59	2026-09-07T02:55:01Z	2	574	UNSAT	20	uploaded	VERIFIED	i-01f0d952483d8f066	5a581e2fcfc571143aaffd3f0bb3bc892d16c3c3fb2fa14ce2bf4c66798675bf
31dc2ad00edd8f4d	2026-09-07T14:00:58Z	2	578	UNSAT	20	uploaded	VERIFIED	i-01f0d952483d8f066	2e35c84d7cea2cde9eb8fa9215e91510010938dc7001b34786d10091672ebf8d
32080a0f7b36cbb8	2026-09-06T15:12:49Z	2	579	UNSAT	20	uploaded	VERIFIED	i-01f0d952483d8f066	c76b6c74278b97ad6d1778c1897b87ca97221dfd970ef3ebbea129619c66291a
320b4c6500f90978	2026-09-07T16:35:06Z	3	535	UNSAT	20	uploaded	VERIFIED	i-0ccf0dc6a398156d8	fb03c0aa86639bda584261d943c1e1821f4a1ca23e0465577970be236416b8ab
327854f9c5aafa10	2026-09-08T00:29:45Z	2	327	UNSAT	20	uploaded	VERIFIED	i-01f0d952483d8f066	b316771bee7b3d83b435c637e88c35bca12103d97abe5d1124f6b7d6cbd1237e
327e0f6731fa416a	2026-09-08T19:31:10Z	3	539	UNSAT	20	uploaded	VERIFIED	i-01f0d952483d8f066	3f377dcdfb4073829bf3cb4f4c12db82a2d1526f511e58fca5d87d6af725464e
33ed834f28fea3f6	2026-09-07T11:16:04Z	0	170	UNSAT	20	uploaded	VERIFIED	i-01f0d952483d8f066	9dff01c263de67e49e7d22b5a6cb8c30da583085773ce6e52792948c55ad8158
33f3e3d8bbe453c0	2026-09-08T08:13:50Z	2	339	UNSAT	20	uploaded	VERIFIED	i-0ccf0dc6a398156d8	551c8d0703afcc2a49c31d2ca5d52cae1c60e94a8bdae7434dde62c095de3614
3525c86f77226737	2026-09-07T14:18:27Z	2	347	UNSAT	20	uploaded	VERIFIED	i-0ccf0dc6a398156d8	72c3ff44a0a1f8008213d006f17d6f73d9ea3a0ecea903b6d4139d5afedfed1f
352d55b32401d81f	2026-09-07T17:19:37Z	2	349	UNSAT	20	uploaded	VERIFIED	i-0ccf0dc6a398156d8	8ce1848ae1ea83793f2a361064f8b9f69f92fba0a7ee77882b24035f7aad9285
36a4f527fab21cbd	2026-09-08T00:07:30Z	2	626	UNSAT	20	uploaded	VERIFIED	i-0ccf0dc6a398156d8	6aa63ac5fdba05678e397cf73a55e7670bb9ad9e27b21828ab1370bd7b68d1be
36da467a5ad95062	2026-09-06T23:39:36Z	3	583	UNSAT	20	uploaded	VERIFIED	i-01f0d952483d8f066	df62e4135576eb555ecb32b886bbf9c67a10e5313ca143066ec544c4704fc1f3
36e321027d4380e2	2026-09-08T15:07:26Z	1	738	UNSAT	20	uploaded	VERIFIED	i-0ccf0dc6a398156d8	dd619f87e2a2faad7b554cbb4714793ee14c4f4e3f562441cfc42bab2c1b0c94
36ef30c6cae7ea86	2026-09-08T08:13:22Z	2	628	UNSAT	20	uploaded	VERIFIED	i-01f0d952483d8f066	8977f0ce995e32fc9f7fd5201cf192a36307f4839a5425f357c5f6172322e32a
37f28e705a4ceac5	2026-09-07T16:04:41Z	2	639	UNSAT	20	uploaded	VERIFIED	i-0ccf0dc6a398156d8	3205424d56897b3b10f080e0b95e826dda48fe80c26f3dd2442ae476fb16edd3
37f511f6864b0ce8	2026-09-06T22:32:23Z	2	640	UNSAT	20	uploaded	VERIFIED	i-0ccf0dc6a398156d8	4f8b24082e6b28df2697a105ff5085c2ab31d0be3544399503dcc19b11686718
3852b751ff650edd	2026-09-06T14:06:24Z	0	146	UNKNOWN	0	-	-	i-01f0d952483d8f066	-
39867eee054ef3d6	2026-09-07T02:10:55Z	3	605	UNSAT	20	uploaded	VERIFIED	i-01f0d952483d8f066	da9a0c0fede81eded9ff38878a352f2751089eba927fe020e9c91b50c456898f
39fba14ab3776f6a	2026-09-08T14:35:58Z	2	667	UNSAT	20	uploaded	VERIFIED	i-01f0d952483d8f066	715d97e68ea74eb62a4deb693c2befa4b5cf7f469a4bb033260d39323189f2f5
3a634a478d1723ea	2026-09-07T10:41:53Z	3	614	UNSAT	20	uploaded	VERIFIED	i-01f0d952483d8f066	a23be8f16a3d24bfa2f3c764378dcc5bd16634184fa1a8820bb91f03133ab461
3a72790867ba4aee	2026-09-10T04:19:11Z	1	782	UNSAT	20	uploaded	VERIFIED	i-0ccf0dc6a398156d8	c9409d64fe066e4fe2bc431ed5d1b18824ca51e40711024339074c0ddd43bd31
3a7e16c71592072a	2026-09-07T08:09:09Z	1	783	UNSAT	20	uploaded	VERIFIED	i-01f0d952483d8f066	53f0434041d9b9bba005731348fc1297b3c322ffb992c152c8100db5265c100a
3aa37e5adb0f680d	2026-09-07T10:26:48Z	2	384	UNSAT	20	uploaded	VERIFIED	i-0ccf0dc6a398156d8	13c8b6538881c02938d68f3305c73157751525930b61576a875abf6d23a4ab46
3add7577c3c64255	2026-09-08T18:18:25Z	1	789	UNSAT	20	uploaded	VERIFIED	i-0ccf0dc6a398156d8	b625b6faf34f89bcffa19c61a5d129373b3b01ee2f5a2925b6711803627ab05c
3b093e525c4d2f2e	2026-09-09T20:50:15Z	4	114	UNSAT	20	uploaded	VERIFIED	i-0ccf0dc6a398156d8	24cd9af0f4b696fceb9ccd456021eea111bb1ac72c055b321bfd289e19d65056
3c06985ddfdcf261	2026-09-07T09:56:57Z	1	805	UNSAT	20	uploaded	VERIFIED	i-0ccf0dc6a398156d8	befe737fed4ce17174e710bd1908c08fd52aed1b54a845a641e2983a70c234b6
3c0871c527a9fd1b	2026-09-07T16:53:25Z	3	633	UNSAT	20	uploaded	VERIFIED	i-0ccf0dc6a398156d8	13ab62f07733eebb46a4ff25308196e4b11882492b8f3d1295bdcdc8113c652b
3c3d8e312add7a07	2026-09-07T02:06:55Z	2	701	UNSAT	20	uploaded	VERIFIED	i-01f0d952483d8f066	629f19493c9035f47406ea3bfddec6339b896e449b6ee424acfb7b3997307190
3c67dbd554a6f108	2026-09-08T03:58:35Z	3	636	UNSAT	20	uploaded	VERIFIED	i-01f0d952483d8f066	27ec66bbe6effef8133b6b93eace014205fe0640a413fa7b2a034642edc006f2
3e91fbf1e5e1cf09	2026-09-08T18:23:43Z	2	404	UNSAT	20	uploaded	VERIFIED	i-01f0d952483d8f066	c81e463cd3e707df7772889216902ff08c97c153e67c33607da1a53fb9c24c7d
3eca9b1dfcaec649	2026-09-06T20:50:24Z	1	847	UNSAT	20	uploaded	VERIFIED	i-01f0d952483d8f066	7c4b3e34bd9bc08f279fcb9b77cefeda4d8819bd5236315c41b11013b57a41bf
3ef20f164ab330a9	2026-09-09T11:50:33Z	2	734	UNSAT	20	uploaded	VERIFIED	i-0ccf0dc6a398156d8	b3dfb3f74387de6df6c1678114816d01b51416ccf6be2e5714a4d2376a7522cb
3f202f9458290a2b	2026-09-08T09:27:44Z	1	851	UNSAT	20	uploaded	VERIFIED	i-01f0d952483d8f066	0641d52ea51f78e72501fc662931c1898884bf9fe5b8b6e33e4c4f7638d90950
3f458ae883a561b9	2026-09-07T16:22:14Z	2	409	UNSAT	20	uploaded	VERIFIED	i-0ccf0dc6a398156d8	b2c0052dbfad8e790a2835b2751d6a028cdb8277e9190561d274387cc4282adc
3f847dbc5177a22d	2026-09-08T04:27:47Z	2	412	UNSAT	20	uploaded	VERIFIED	i-01f0d952483d8f066	2e88b88f7c1ac522927e24bbbf684d7469384be29b1e14858a7b12790c92e6ed
3f992a658e86c41b	2026-09-07T10:16:49Z	4	72	UNSAT	20	uploaded	VERIFIED	i-01f0d952483d8f066	106046c8a8f8b498c4373515e0b4795cf1d229965f96e2d4b40abf996a090c1a
40cee2e7625bc552	2026-09-07T08:13:46Z	2	421	UNSAT	20	uploaded	VERIFIED	i-01f0d952483d8f066	04bb3761774dd42ca5add0763023860ed8c0582d84efdb949322e697b346583a
4106ebaf7b8afce9	2026-09-06T21:16:08Z	1	872	UNSAT	20	uploaded	VERIFIED	i-01f0d952483d8f066	13322146ca14d02125806347c35fb6c48146669bef127fcedb04c7a75066ad3a
422dad754ddaee2e	2026-09-06T17:15:27Z	2	773	UNSAT	20	uploaded	VERIFIED	i-01f0d952483d8f066	5e28203079e6995504bab76a563f9b391763d9d4da807129fbbf0457ebd92628
4251d0206ec0c705	2026-09-06T13:58:54Z	2	427	UNSAT	20	uploaded	VERIFIED	i-01f0d952483d8f066	37ac6244c2108a34b3388dc9b42b03f9fbc196001e920f5129635a661fef9224
4270c4eec40298e2	2026-09-10T04:38:51Z	1	897	UNSAT	20	uploaded	VERIFIED	i-0ccf0dc6a398156d8	2322333be1178d23cbdf57cdf4581d339153c6ae724c58d920d1c8e8f9368fff
4275ccc944de4ff9	2026-09-07T16:06:02Z	3	709	UNSAT	20	uploaded	VERIFIED	i-01f0d952483d8f066	601e173fb5bf80f2f7401c11748c16c7e566f24be3e858b55510b9a034da9143
430456bcb2431aa2	2026-09-06T13:54:25Z	2	783	UNSAT	20	uploaded	VERIFIED	i-01f0d952483d8f066	eba2777c8df2a21a9e861a2e89c20ac985f2e8ba6fa98f75373f2591f0b676a2
43144a0768abe581	2026-09-06T19:18:44Z	3	715	UNSAT	20	uploaded	VERIFIED	i-01f0d952483d8f066	64779ac098739fcaf70a2d9d9f811eb52ef8a1483ed8ede072eb853002103ab6
4399b59be7c9bc1d	2026-09-07T15:02:22Z	2	792	UNSAT	20	uploaded	VERIFIED	i-01f0d952483d8f066	abba9ac9ee924311780ca5e1333d09ed7fa1fc93124f55df125854e0306529a8
44951e370d520777	2026-09-07T04:27:04Z	1	926	UNSAT	20	uploaded	VERIFIED	i-0ccf0dc6a398156d8	be89a4d41fe33dd83b7d089d8003e93d0e2f7a16f426f35b138c45bd298c3c00
454a6d4a4b192c6a	2026-09-09T08:54:39Z	1	936	UNSAT	20	uploaded	VERIFIED	i-0ccf0dc6a398156d8	ad06b7273172be214fb5c4bfcddaaf1aa8e4f8d3ea2fa5270798e83c5427116e
45685531eebb4df1	2026-09-07T07:07:49Z	2	808	UNSAT	20	uploaded	VERIFIED	i-0ccf0dc6a398156d8	b6b502141d0c8c6dc8aaf1e462f3fc6b3f8be11d4f0607fbe8f43fad6f187132
4660b2603927c8f1	2026-09-06T17:15:10Z	1	951	UNSAT	20	uploaded	VERIFIED	i-01f0d952483d8f066	b1be12078195356a2909ad89bb319da8fb8066d5f2492ec7684281490aae9416
474284ff9d5a16f5	2026-09-07T22:47:46Z	1	961	UNSAT	20	uploaded	VERIFIED	i-01f0d952483d8f066	75c4b75430f33833d6779484f3a60b9f5180375de384cbd71742d2a0857dfb4f
479926fa64955ac1	2026-09-09T09:35:12Z	1	963	UNSAT	20	uploaded	VERIFIED	i-0ccf0dc6a398156d8	b85c5f05caff551c09db934686ea94a0f3fd0ffbf2e83096398523a17c9fe2dc
47ab3228951c5301	2026-09-07T08:00:44Z	2	467	UNSAT	20	uploaded	VERIFIED	i-01f0d952483d8f066	96c70027237fd565b9eea63c828e1767b6271241e1daaaba0c968b609d03fc6f
47bdca00b46d4276	2026-09-08T01:55:55Z	2	842	UNSAT	20	uploaded	VERIFIED	i-01f0d952483d8f066	364fb6ba37441f5bb4560d5aec87a89cea78f309e32dcc37a3cad033fa5345c1
48bfb628724292a4	2026-09-09T05:52:34Z	1	978	UNSAT	20	uploaded	VERIFIED	i-0ccf0dc6a398156d8	ae6a69cd2ec6265da940e649042929808af57c54c747fd92dd55bedce3a6caef
48c043344a0b148d	2026-09-08T07:28:46Z	3	761	UNSAT	20	uploaded	VERIFIED	i-01f0d952483d8f066	4a7e51c98a78250e17d8a9d5a131f042a0a2b37860718dff0821f4c3daa7b77c
48d86b70d80a0f83	2026-09-07T22:45:09Z	2	473	UNSAT	20	uploaded	VERIFIED	i-01f0d952483d8f066	50885d7ece133fc139133117c615e46ed279912239c3a3749a5809dff29cd3c3
48e8175f54c753e1	2026-09-08T18:49:00Z	2	854	UNSAT	20	uploaded	VERIFIED	i-0ccf0dc6a398156d8	2b286089ba0afda65cb2dac44762e42593c9b94ae1cc4f88132d19fa3fd2dcde
48e978b70d5a18e3	2026-09-09T14:01:00Z	1	983	UNSAT	20	uploaded	VERIFIED	i-0ccf0dc6a398156d8	f008141a22aef7818e7dd2a2022e474b1f7e9d8f29dfd75b7e7332cb727b733c
497525332f671daf	2026-09-08T12:21:06Z	0	233	UNSAT	20	uploaded	VERIFIED	i-01f0d952483d8f066	245ad13b921281e10786fe760418237e8f7d2cb34765744cb78d42159a65f384
49b280a327aefa61	2026-09-08T02:50:06Z	3	776	UNSAT	20	uploaded	VERIFIED	i-01f0d952483d8f066	297d208ad42e03008e03723ee82200df98054af27deb0760985ac2f9c813637e
49cb52d957ff0e39	2026-09-07T04:17:18Z	2	481	UNKNOWN	0	-	-	i-0ccf0dc6a398156d8	-
49d633edee309bb7	2026-09-07T10:01:54Z	2	867	UNSAT	20	uploaded	VERIFIED	i-0ccf0dc6a398156d8	df121296df7f0561fe0fd1cf8d865cc0b1f2e9f657aab0b4816b3b230f61db1f
49ee186a0362d8fb	2026-09-06T23:54:18Z	2	872	UNSAT	20	uploaded	VERIFIED	i-01f0d952483d8f066	faee7bfe9d9a219cf76938ab2b19270bd4683f5895faebdcc2ea72ef8c63ec78
4a168144a82f1fda	2026-09-08T05:51:16Z	0	172	UNSAT	20	uploaded	VERIFIED	i-01f0d952483d8f066	18f7996b0f4d71119286ccbb60ff3fe13e8d98c66137e47989dd9514eb92b29c
4a1f827d2d44b243	2026-09-07T18:26:28Z	3	782	UNKNOWN	0	-	-	i-01f0d952483d8f066	-
4a2a2e360719b09c	2026-09-07T13:31:33Z	2	874	UNSAT	20	uploaded	VERIFIED	i-0ccf0dc6a398156d8	4fab20f85dfb4b4dd2f1db47fc29bb9e0d769a30ef82975083aaea1261eed14a
4b9d316229c7015d	2026-09-07T06:16:03Z	2	896	UNSAT	20	uploaded	VERIFIED	i-01f0d952483d8f066	e2792e0ad7a374ae1e4405f4e07959a8a0fd3be0179ebc4ef545329151e30656
4c1a1abe925dd78d	2026-09-08T03:26:31Z	2	493	UNSAT	20	uploaded	VERIFIED	i-0ccf0dc6a398156d8	55063157675e340f2cc2370296e2a70886d2bd80b7ced77c9358146244b036fb
4c2158ccb2bb0f0c	2026-09-08T18:04:16Z	3	802	UNSAT	20	uploaded	VERIFIED	i-0ccf0dc6a398156d8	abd73f31485cc321c98b646e30f473556bf72adc85fecfdbefbb4075da2edc7f
4c4ed500c746bc59	2026-09-07T08:29:34Z	1	1030	UNSAT	20	uploaded	VERIFIED	i-0ccf0dc6a398156d8	e91091b1f0b55e97b96936f20e5aec130c5338ecd45e4ad62824342c2100dc05
4c6b7267be9a6fdb	2026-09-08T02:49:47Z	3	804	UNSAT	20	uploaded	VERIFIED	i-0ccf0dc6a398156d8	a4a7c7c9734dcf381ee32b15cd45b20c18ff547961236187ac1c820905d64c6d
4cd66146864b1e3c	2026-09-07T06:58:51Z	0	246	UNSAT	20	uploaded	VERIFIED	i-0ccf0dc6a398156d8	38ec7126f98937296f608c422f3bf3ed00d385aeabf0473f3ba3ca3882d0568d
4cfb54e0c2865688	2026-09-09T04:31:05Z	4	163	UNSAT	20	uploaded	VERIFIED	i-0ccf0dc6a398156d8	369952e58cf898c246f1f0978d07e6684668ba220c1c247957d540516d2935a2
4d1c7784cd12afbc	2026-09-07T07:22:27Z	2	911	UNSAT	20	uploaded	VERIFIED	i-0ccf0dc6a398156d8	b2f5945d93b4abf292f3209e128cf20ec7f6726091c1fede0ba749e3564cec76
4d24b06a5efcf075	2026-09-06T13:38:46Z	3	817	UNSAT	20	uploaded	VERIFIED	i-01f0d952483d8f066	c8408f7aae9eb84e5eabfda2070fa91df8d6dab03059b7b17f6aab9301452aea
4da6109874fd70f8	2026-09-09T05:57:57Z	3	824	UNSAT	20	uploaded	VERIFIED	i-0ccf0dc6a398156d8	3b8559a1cc4cb9d6b3de925de5e2ac49472789d81da1efff64c1c492ab11c776
4e08eb424baa43f9	2026-09-08T16:53:21Z	3	828	UNSAT	20	uploaded	VERIFIED	i-01f0d952483d8f066	c03200a98ee919c22e79f12237d8ae8612972a75c988da3fd485e0b5af74d1be
4e2f93dfade97a6d	2026-09-08T19:55:52Z	2	919	UNSAT	20	uploaded	VERIFIED	i-01f0d952483d8f066	8d6b968ab3b6612e58eab7d1171d7e755345b763699447c1fbe56d698130df27
4e32c6fc11bda143	2026-09-06T22:51:20Z	0	252	UNSAT	20	uploaded	VERIFIED	i-0ccf0dc6a398156d8	80948d79de7f80bfdeb6a00f91f6a21331720fc0bce3a36b06d98a9889cbef6f
4e67eca493a1a4fd	2026-09-07T00:56:58Z	2	506	UNSAT	20	uploaded	VERIFIED	i-0ccf0dc6a398156d8	4cc7fc5e26252c7aaef8b89cb21861c8759aefc4a6f5935042d9444916084c34
50197b5e39d6d54d	2026-09-08T07:29:10Z	1	1084	UNSAT	20	uploaded	VERIFIED	i-01f0d952483d8f066	852f577422bb600f09640d47096860e5902e7b46614078ba1931c4b6957aaf30
5102d2c1d4be28ae	2026-09-09T00:47:32Z	1	1092	UNSAT	20	uploaded	VERIFIED	i-0ccf0dc6a398156d8	2234bcd3e8d124df44bba856670b1f8f34098f5c519129f4c784807a9077cc76
5112d818d77b2f2f	2026-09-08T17:39:05Z	3	867	UNSAT	20	uploaded	VERIFIED	i-01f0d952483d8f066	a09bc4a4c20415d36c52c14abeb7fb4f570970f31c8ba47592d93e67a7210066
511ebc677171ddfc	2026-09-07T02:24:05Z	3	868	UNSAT	20	uploaded	VERIFIED	i-01f0d952483d8f066	bd8b5f26a5c0b48bf0b52d8e2489957c91981bc7e1f5db6836756d8ee6682f42
51ea7b109998d664	2026-09-08T17:24:32Z	0	273	UNSAT	20	uploaded	VERIFIED	i-0ccf0dc6a398156d8	e596567c591701f475916f16c647f9f80b7f1f34b9701d3bc439029fdf9bb323
5318a7d601282890	2026-09-06T13:56:17Z	1	1108	UNSAT	20	uploaded	VERIFIED	i-01f0d952483d8f066	bd979006d5b861de863b4fb447416fc8e5030c0f1492f9204dec80b952909ede
53b55a31e4e566cf	2026-09-06T23:47:47Z	2	968	UNSAT	20	uploaded	VERIFIED	i-0ccf0dc6a398156d8	73c6ca84a0f980360d12f6442c15f220e28f1f4bbb6c900eb97c1bb38bd9a4d3
542d339d6a6d0728	2026-09-07T22:32:00Z	1	1122	UNSAT	20	uploaded	VERIFIED	i-0ccf0dc6a398156d8	ba030194d2cb771d4ced352e7fea560a48e0f35cccdfa876a27517cd4558b119
556d4bd646fb8b93	2026-09-08T23:43:47Z	1	1142	UNSAT	20	uploaded	VERIFIED	i-0ccf0dc6a398156d8	6379643edc6980e139674b1beaca3f875e31da3abd4034ad299f3ab7f9d74f76
55bfaff738f57e06	2026-09-09T03:01:11Z	3	909	UNSAT	20	uploaded	VERIFIED	i-01f0d952483d8f066	da57791d54111766bc008d6f430f4414592812836a0a0ca42708192fd1d356e3
55d841f78dc82649	2026-09-07T13:33:52Z	3	910	UNSAT	20	uploaded	VERIFIED	i-01f0d952483d8f066	10056aedc27ab866c46a5d38970ab4f8803257ece6d4aa677353968d966724dc
568449cc4dcee4fa	2026-09-07T03:50:13Z	2	1000	UNSAT	20	uploaded	VERIFIED	i-01f0d952483d8f066	0c7aa49a20940b21978b08a846f8a6a73b2ca3fbc9ddff1e8c395bd7acf83b21
573b634c5add9a55	2026-09-08T03:08:37Z	1	1168	UNSAT	20	uploaded	VERIFIED	i-0ccf0dc6a398156d8	2f080c8700608a51f2e3006489bd4edf859e092177e29587d8b3c235b7c91f3c
5815f413be5fdcb7	2026-09-09T12:11:01Z	2	1019	UNSAT	20	uploaded	VERIFIED	i-0ccf0dc6a398156d8	4e939ce589ad912be0d0db574fc49f864044834459230e0824e2b7524b227969
596805526fcabcfb	2026-09-08T12:46:05Z	3	943	UNSAT	20	uploaded	VERIFIED	i-01f0d952483d8f066	f228dfd720f9bf3899f890c6c11506b16ce07c34a84401d58e17fbbdf7674036
59c129dfec82c306	2026-09-09T08:50:48Z	1	1205	UNSAT	20	uploaded	VERIFIED	i-0ccf0dc6a398156d8	afdefecc6cc61345c5360a28659340c4b142a5e09619669b80f580c0dacb0a50
5a0cb2ad8fabebea	2026-09-06T17:21:16Z	1	1209	UNSAT	20	uploaded	VERIFIED	i-01f0d952483d8f066	656439ad980aaf569d468aadae380c16c59137cb8e640eddbc02abfdc9333756
5bc39ded652c759e	2026-09-07T02:12:26Z	1	1232	UNKNOWN	0	-	-	i-01f0d952483d8f066	-
5c699e8a8ffbe986	2026-09-08T03:45:36Z	2	590	UNSAT	20	uploaded	VERIFIED	i-01f0d952483d8f066	943baa8b4a8295a375a481961c44e19a9d6e6d32da7c771246c8ad74d65536ee
5d0450a6b3feded8	2026-09-07T07:48:37Z	2	597	UNSAT	20	uploaded	VERIFIED	i-01f0d952483d8f066	2ff038d7fa3cdd336b877cebc3181306d9bd3d186593f05c71cea8701dcb4db2
5d76cf175e1631cb	2026-09-07T03:06:28Z	2	599	UNSAT	20	uploaded	VERIFIED	i-0ccf0dc6a398156d8	c7f76d502439f7e9d8dd0b0aa979e67f02688974121fe36db309eeb252aa64a7
5e068f2d88fe2922	2026-09-07T22:56:31Z	4	188	UNSAT	20	uploaded	VERIFIED	i-0ccf0dc6a398156d8	0a84dc968730eafaaf66935cb8b467f7c9d54d9c2cbeb0c61e269d6c7aab3da1
5eb4091e285fece3	2026-09-07T10:01:22Z	1	1269	UNSAT	20	uploaded	VERIFIED	i-01f0d952483d8f066	bcf43db5e4445866158e4aeff9bef19174ecd625a766624bd2429c679fbf411b
5ec1bb15b73bc12b	2026-09-06T21:40:12Z	2	1105	UNSAT	20	uploaded	VERIFIED	i-0ccf0dc6a398156d8	0e6287b4c2e2f5f6846b86a6ba1dba866170dfa63764f40865577e97a8d7cf40
5f0b3578c6169d16	2026-09-07T02:03:49Z	2	1107	UNSAT	20	uploaded	VERIFIED	i-01f0d952483d8f066	f95a8a45df73aa063843e5ebf6f9b2c0dc740c01321be24e7c72df1f2107a8a8
5f999f63adbf112a	2026-09-08T09:23:54Z	0	215	UNSAT	20	uploaded	VERIFIED	i-0ccf0dc6a398156d8	16b125b79b11b4f1a084c5e8ae38de000db8977c8dec8234615497c9e00e544f
5fdd7858647cc961	2026-09-08T00:29:59Z	2	617	UNSAT	20	uploaded	VERIFIED	i-0ccf0dc6a398156d8	bce3e1e8185aff4c9dfd0cc875bd5b2544c514004a60de730279280dd434b9d2
6009470f06e10737	2026-09-09T02:26:13Z	2	620	UNSAT	20	uploaded	VERIFIED	i-01f0d952483d8f066	b8f9de0818540c75cfd6d9ae2f2f2b2ba6e2fde92c7e825d1e62a427c80e3877
61161a1d544ccd9f	2026-09-08T08:46:17Z	1	1305	UNSAT	20	uploaded	VERIFIED	i-01f0d952483d8f066	2e5dbac9722d84b39156ae6a129b007d4c078f1fcea4c26c1f7914f11967e9e9
625036c58d3829ee	2026-09-07T19:45:03Z	1	1320	UNSAT	20	uploaded	VERIFIED	i-01f0d952483d8f066	34437f6e3348ca3ec8745a7bd840a8d24549cda79ca021b767ae66087544d2e6
629aa26e2804bb7b	2026-09-07T04:09:09Z	0	338	UNSAT	20	uploaded	VERIFIED	i-0ccf0dc6a398156d8	99c8efbbc0e6d324ed0a6255c717f3c1442cc4e8533ff21ec5ee5e449073a267
63388cb7900b4dce	2026-09-07T22:44:07Z	3	1068	UNSAT	20	uploaded	VERIFIED	i-0ccf0dc6a398156d8	aa0abdc37920b3dbcccf86f17da9ab7bb07e48405597df2096ec8f923ef3429b
6448b8a5fd5a4d00	2026-09-07T21:30:44Z	1	1340	UNSAT	20	uploaded	VERIFIED	i-01f0d952483d8f066	ab6acbc8103ca958ee43498572f23258812bd9f4411abedfecdbfc6c14dbc630
651da5ba9a1f819b	2026-09-07T15:14:45Z	2	659	UNSAT	20	uploaded	VERIFIED	i-01f0d952483d8f066	e5ed620761ef4e3a685d3ad67d8db1196b0389df3b5f4b22dc870ea8e030295f
652cd4f8d31f4695	2026-09-07T12:44:30Z	1	1352	UNSAT	20	uploaded	VERIFIED	i-01f0d952483d8f066	b01d04695aa919d4028954d486b64fe652bee58962013aac04f4ed9c98536665
655140e61811cb63	2026-09-07T13:27:30Z	2	1178	UNSAT	20	uploaded	VERIFIED	i-0ccf0dc6a398156d8	a43d828e880483aca8ad7e9085e300c485956474286d674b621152aa1d96b38d
65e362432aa16e73	2026-09-08T09:32:40Z	2	1184	UNSAT	20	uploaded	VERIFIED	i-01f0d952483d8f066	fdbd087093df3bb0d880f8772f91dbc1dedf603736725e3d9b53bd240f9eba5a
667e67e225b69ea8	2026-09-09T03:32:34Z	2	666	UNSAT	20	uploaded	VERIFIED	i-0ccf0dc6a398156d8	a92ca9d978f574f8d4b23742d7991be2798fb778ecd1cadb753e7b91f1ef782b
668b67fabb3c4ffc	2026-09-08T16:28:12Z	4	108	UNSAT	20	uploaded	VERIFIED	i-01f0d952483d8f066	00af1364d37d00b0d4a4670b31a7021732ae61f4140986611890ee62387fd073
6739ba4cfa076c3e	2026-09-08T20:07:39Z	3	1105	UNSAT	20	uploaded	VERIFIED	i-0ccf0dc6a398156d8	61dd1248405babbdb8efda6aa30dfbf91f9ab10741e2b812e594a246ca88d814
67aa869a0ec7c302	2026-09-08T02:28:59Z	3	1110	UNSAT	20	uploaded	VERIFIED	i-01f0d952483d8f066	0bb5ca9e3bf57717004eedaea9150397cbdd728668ddb38497a904751f575280
68991679bf037344	2026-09-07T16:12:23Z	2	677	UNSAT	20	uploaded	VERIFIED	i-01f0d952483d8f066	e829bd667bcd59bedcd55336a0265a1f8ae72ffadc1bfe8b481e93d11f5f60b1
68b98cc3259d2cf2	2026-09-09T14:01:25Z	2	1230	UNSAT	20	uploaded	VERIFIED	i-0ccf0dc6a398156d8	cf3650d5816dfae30fff64300bb018c953d8d4b7b6390e5904ce3ee95691627e
68cb6e846ec1085d	2026-09-08T14:23:42Z	2	1232	UNSAT	20	uploaded	VERIFIED	i-0ccf0dc6a398156d8	668b317624cdcf6a416176c43cd5a58256f47a12f23cc5a464c036ed9e125df9
6965d4bda094050b	2026-09-08T09:35:00Z	0	351	UNSAT	20	uploaded	VERIFIED	i-0ccf0dc6a398156d8	e0f67c1fc2459426fa016a78d6431c8cd5e478d4d9a6efdbf64a31b113d8703a
69ce206aedff8b6a	2026-09-07T10:58:36Z	3	1132	UNSAT	20	uploaded	VERIFIED	i-01f0d952483d8f066	d07eaa7ab490e076af072776afd7de2a62bb29b60c031fdec5671016fdec9315
6c07823c86e483ec	2026-09-07T14:23:43Z	2	1269	UNSAT	20	uploaded	VERIFIED	i-01f0d952483d8f066	10351e69c7f4c88a5db255e65abb2123a1dbd3be7cd98034a7baba390ab8d51f
6c1fbc0bbbe0f49d	2026-09-07T10:36:47Z	1	1444	UNSAT	20	uploaded	VERIFIED	i-0ccf0dc6a398156d8	5a43d49c0b2819f1e42467966b2c75659813335223c51b2cc93d51861325edd0
6c537704a40de39f	2026-09-10T03:26:01Z	3	1162	UNSAT	20	uploaded	VERIFIED	i-0ccf0dc6a398156d8	a78d2af7400f4cedc89d5a8e470130a4dedbc6f3c965aca92bf49e6e5a42a28e
6c87995b46794f07	2026-09-06T20:56:57Z	1	1452	UNKNOWN	0	-	-	i-0ccf0dc6a398156d8	-
6d34cb0a17ed8dc6	2026-09-07T07:44:45Z	1	1464	UNSAT	20	uploaded	VERIFIED	i-0ccf0dc6a398156d8	b36c284f3e231579a8ffd57bfe8a7b1b52aaa808322aac44b04cd0d932611e5c
6d941f5db30de9fa	2026-09-08T07:52:52Z	1	1468	UNSAT	20	uploaded	VERIFIED	i-0ccf0dc6a398156d8	7c21f1b9ef1ec9578dc340d3cf87e3f7536ae333015190a37cee2f07794a08f3
6dc0d256a8b282d9	2026-09-08T18:34:37Z	2	1305	UNSAT	20	uploaded	VERIFIED	i-01f0d952483d8f066	9c3dd6bf0aa52b0deefb4395eb5c810fa70f96846a8e9b616111c6d68812ac9f
6e3c6c609c40c947	2026-09-08T11:53:31Z	2	701	UNSAT	20	uploaded	VERIFIED	i-0ccf0dc6a398156d8	e88940903826e548eeec35d5ebdd6a030d530f777c4c5a5f549f416ac40c77f1
6e4e7cb2dac8e59d	2026-09-08T03:59:12Z	2	1313	UNSAT	20	uploaded	VERIFIED	i-0ccf0dc6a398156d8	0c46de13d0e4c54450d97a34cafcd3c7f36224418f1e35f3c27b2c9eebf38510
70498a64a0a3c3b0	2026-09-07T03:14:49Z	2	1329	UNSAT	20	uploaded	VERIFIED	i-01f0d952483d8f066	7b7c072c4b193451200ead5dc97294d176593158bc5d93fd2614bd4aec56ee9a
70d549d518727ab3	2026-09-07T09:50:12Z	1	1508	UNSAT	20	uploaded	VERIFIED	i-0ccf0dc6a398156d8	eb8d45e12b56029e29a36bd7ce4f958c1edb5b643cd38d8c0850bbb936a40d0f
711769b8a5d953ed	2026-09-07T03:07:31Z	2	1341	UNSAT	20	uploaded	VERIFIED	i-0ccf0dc6a398156d8	d9e18777a7ea03dc2a34d85823a4a53e1c593ed5a85ee16d2e3a391dd8951cdc
7125ec93d89b8135	2026-09-07T12:11:32Z	0	377	UNSAT	20	uploaded	VERIFIED	i-0ccf0dc6a398156d8	a6ff48227a08a8caf761501d8c6015f01473b9f317275cf0d61ed25e5c420718
714f2ebc0f538658	2026-09-09T15:27:41Z	2	726	UNSAT	20	uploaded	VERIFIED	i-0ccf0dc6a398156d8	516d620be5f1743d85bbd13666526e3a069e0e13059c32cf1cbc0c6ebee4614d
71e9cdf33cc1ec4f	2026-09-07T12:23:01Z	3	1224	UNSAT	20	uploaded	VERIFIED	i-0ccf0dc6a398156d8	84ec6929f272a482039b9ec48d4d6ddf81df99a77885f0f885030c926c58c1f4
723c58696a76505e	2026-09-08T04:33:20Z	0	382	UNSAT	20	uploaded	VERIFIED	i-0ccf0dc6a398156d8	54427b1cce5395cde029920c4efb8c5794f88d6b3bdc538e1f4c5e9d0fa005d5
7247196a06035117	2026-09-07T03:45:16Z	2	1355	UNKNOWN	0	-	-	i-0ccf0dc6a398156d8	-
73db9f0ec77369e8	2026-09-07T11:12:20Z	2	1376	UNKNOWN	0	-	-	i-01f0d952483d8f066	-
73f0211daafd813f	2026-09-08T14:48:14Z	2	739	UNSAT	20	uploaded	VERIFIED	i-0ccf0dc6a398156d8	4d89b0067cd309b734caba26174e0a64ae14a945425e53b94784963946c47096
73fac2541e810b38	2026-09-06T19:10:40Z	2	1378	UNSAT	20	uploaded	VERIFIED	i-01f0d952483d8f066	7da6af48660406217acbf9d92baf24eb78ecc28f2bd111158a6e6304d78aea8f
74466b9df7c47a95	2026-09-09T06:37:41Z	1	1560	UNSAT	20	uploaded	VERIFIED	i-0ccf0dc6a398156d8	adac45fe6bff44db3b33fa143c432bdc42a5dab69fe0d7f92a73ce70db9af449
7559ab3593698cc5	2026-09-08T21:12:48Z	4	229	UNSAT	20	uploaded	VERIFIED	i-01f0d952483d8f066	deb3f5ae5ff08eb139910e8bfda5fd1d88b4919a547b533a6487fed7292dcef5
755d08315368e0c8	2026-09-07T22:54:51Z	3	1260	UNSAT	20	uploaded	VERIFIED	i-01f0d952483d8f066	15bd89511005961dd2a57f397851eeceda4da759e2e6d39bd8237487471818fc
7608fa7df542450c	2026-09-06T19:53:04Z	2	1397	UNSAT	20	uploaded	VERIFIED	i-01f0d952483d8f066	1832756e9eefb84b5b168a1fbaea9ccda9b700b1c33b1250e1a2727d6a6a1ca3
7668e4395cf45c8a	2026-09-08T14:08:09Z	1	1590	UNSAT	20	uploaded	VERIFIED	i-0ccf0dc6a398156d8	c5227fd8e12b1ea987592f875af7776ecc6e639a79a598d8aa0147905701c0d5
766e53c39597bd73	2026-09-08T08:32:14Z	1	1591	UNKNOWN	0	-	-	i-0ccf0dc6a398156d8	-
776c4af39d2afbab	2026-09-09T05:04:32Z	1	1606	UNSAT	20	uploaded	VERIFIED	i-0ccf0dc6a398156d8	80cf750ee14f97472f60148738de46a5e1abda6906e954d465747fd68952fbd9
777b99cdb66c4f70	2026-09-07T15:24:39Z	4	233	UNSAT	20	uploaded	VERIFIED	i-0ccf0dc6a398156d8	893ba16717e7cbb7a5eba07e24a251c0e69881051692ae578051f1d6ae39d143
77f7b0cafa5ca617	2026-09-08T09:27:37Z	2	1418	UNSAT	20	uploaded	VERIFIED	i-0ccf0dc6a398156d8	9aa20829b81db003eb210cd78269767f98223bacc4d6032c037d0f0aa40b0eb5
78ec2dde12f1650f	2026-09-06T23:39:04Z	4	239	UNSAT	20	uploaded	VERIFIED	i-0ccf0dc6a398156d8	258a49999855438e07695389df9d3476cb648a4a6770aa99cdc40b75291bda22
79bafcc27d3c5545	2026-09-07T01:42:09Z	3	1308	UNSAT	20	uploaded	VERIFIED	i-0ccf0dc6a398156d8	01c5eb6d3c4a2e2a1ecbc2650c9c5641fb6e3208ee161105feca3e717be15353
79e31ea4d823bc2e	2026-09-07T12:02:18Z	0	414	UNSAT	20	uploaded	VERIFIED	i-01f0d952483d8f066	941d5fb6a7abe2fd1ab723429805f60abd4635e6b246ca0e85dc464e929bb910
7ae7aca5dfc0a338	2026-09-06T13:00:21Z	4	137	UNSAT	20	uploaded	VERIFIED	i-01f0d952483d8f066	f8e03a3f4c62f33a44f9925b852658c4a604a85493ad0670cc74c3ac035f6748
7bdc8a818f8a648e	2026-09-07T22:32:21Z	1	1676	UNSAT	20	uploaded	VERIFIED	i-0ccf0dc6a398156d8	edb6bff1a68d11779f8945eec5755162c3c41ab9e6672ac3039aa8d4920f4cad
7c09277111c4dc51	2026-09-10T04:25:11Z	3	1334	UNSAT	20	uploaded	VERIFIED	i-0ccf0dc6a398156d8	526063ffd49b7f23285734e53c836e3925bdebaf502ab9a8f8f4bcaccfe47478
7c9618a72b9db4e3	2026-09-06T21:37:34Z	2	1480	UNSAT	20	uploaded	VERIFIED	i-01f0d952483d8f066	489c8e2110cff4e18a322e555798a0a04c1d5ce13e2594f0742633d6a743c8c2
7d78eadb13d51f8b	2026-09-08T03:09:06Z	2	808	UNSAT	20	uploaded	VERIFIED	i-0ccf0dc6a398156d8	71dd5f4c7b07759d5b9e3198b3dcd92c57fa516eed9b3c2811be13d5a93a9cdc
7d83b80fe89fa7a4	2026-09-07T00:40:54Z	2	1494	UNSAT	20	uploaded	VERIFIED	i-0ccf0dc6a398156d8	1f221ab6bfacda910761c36723fc052bdd078d2767927b4b6bae340b586ebd95
7db78bc173af0304	2026-09-07T18:54:58Z	3	1353	UNSAT	20	uploaded	VERIFIED	i-0ccf0dc6a398156d8	eb4110b1ac6a117bf63453b3440174feacd0d8f495da529856ccea88cc4e774e
7dbd55b887fe116c	2026-09-09T05:16:34Z	1	1699	UNSAT	20	uploaded	VERIFIED	i-0ccf0dc6a398156d8	9b8886ce3d5b33698c00b0a3f49aa502115ab0e2177316d245afb87b37ce5091
7e4974111c4ce2fc	2026-09-09T16:35:19Z	1	1704	UNSAT	20	uploaded	VERIFIED	i-0ccf0dc6a398156d8	5d2c3944ef275be3ce6dba491b06c00173df996c3a5c25c645ed416989bc1f4d
7f0488c6f76ea7fe	2026-09-08T11:03:26Z	1	1714	UNSAT	20	uploaded	VERIFIED	i-0ccf0dc6a398156d8	a290d8defde5652fb096f6dca3e1361dceca0a802b9f5bcd85a4f2f56fa378d0
7f530862eb7ac9e0	2026-09-06T23:15:05Z	2	1515	UNSAT	20	uploaded	VERIFIED	i-0ccf0dc6a398156d8	ca257aa3a0c8ca8e4eadb0dd059903cbfe519e65c5abf6bae485a93dedac9183
7f58308f626d828b	2026-09-07T06:22:55Z	4	258	UNSAT	20	uploaded	VERIFIED	i-01f0d952483d8f066	7b791a51855b935d7979fa536bb27d643a2cb350eb27fb1243f1632bf43491b9
7f59c4b5b1e42a5b	2026-09-08T11:13:57Z	4	143	UNSAT	20	uploaded	VERIFIED	i-01f0d952483d8f066	91961c50d2ae6eae8889c6f5e096cf3df91c19fbb1d81bdfcded762937a0204c
7f5fba5d76cc88ca	2026-09-06T21:02:37Z	2	1516	UNSAT	20	uploaded	VERIFIED	i-0ccf0dc6a398156d8	c895df1a2472ace94757642337ab070f93ac4c843c2761c45fe36d8535e19559
80275d248e6f2161	2026-09-07T04:32:43Z	2	829	UNSAT	20	uploaded	VERIFIED	i-0ccf0dc6a398156d8	46c45611b02e0e8c4c52b4fb2b15d215d16072730e01642dd17926028ecf4738
80535ade7324a762	2026-09-08T08:53:59Z	2	831	UNSAT	20	uploaded	VERIFIED	i-01f0d952483d8f066	390bf02cbceecff24cde056041459896c125b9db6bff553cc47a46f1983a8ae0
80916aadcc9849d2	2026-09-07T10:42:38Z	1	1747	UNSAT	20	uploaded	VERIFIED	i-01f0d952483d8f066	f84ec7b6558c7a59e16b9e022ad0e1914352e424562ee0658f7467bcb1e6ed93
8125424ac722ee67	2026-09-06T17:03:39Z	4	267	UNSAT	20	uploaded	VERIFIED	i-01f0d952483d8f066	8fc7c33ab0294d83210a8c492c43df90749e41857a7bae588640ef915ad3c0b9
81494a6ef36d3ec9	2026-09-06T20:57:12Z	0	305	UNKNOWN	0	-	-	i-0ccf0dc6a398156d8	-
8193b0d98701cec7	2026-09-08T11:47:30Z	3	1386	UNSAT	20	uploaded	VERIFIED	i-0ccf0dc6a398156d8	f67674c5427c9f21b4a48a1376f5b141e3a1a8e6b05e93b4d44d16b94c5b07ad
830ecc03e75776f3	2026-09-07T00:37:10Z	1	1781	UNSAT	20	uploaded	VERIFIED	i-01f0d952483d8f066	125bb5e295e8b19ac81194c8abafd973619a03eef962887e477b5b6d12ff1f06
831993bc20beb6fb	2026-09-06T22:57:34Z	3	1396	UNSAT	20	uploaded	VERIFIED	i-01f0d952483d8f066	d24867334345c600ac392eef80b935c49464d5cbaea46fe39468314e365b1f56
837a830167da7a98	2026-09-09T16:25:07Z	2	1573	UNSAT	20	uploaded	VERIFIED	i-0ccf0dc6a398156d8	468bea42f42be26013c107f914d6f648160bca972a59436ee1cfd0db438a0c2e
8390000ba39eb0af	2026-09-07T15:38:35Z	1	1788	UNSAT	20	uploaded	VERIFIED	i-01f0d952483d8f066	50bdba63772bd7028d350c5431721cd36cc85c09de22b6f92b6736d4f6184973
8439f7bdab0fa0ea	2026-09-08T03:22:52Z	2	854	UNSAT	20	uploaded	VERIFIED	i-01f0d952483d8f066	96acb4022863d7ad45619856a218710534a95c54889d20ae1aadea10c7e76da5
8449cdae448a373f	2026-09-07T15:46:17Z	3	1408	UNSAT	20	uploaded	VERIFIED	i-0ccf0dc6a398156d8	42a1ba10ecdd28a59842e8dfac0d18ebd0b9b79d0eb772ea6055a11f8f48d75a
8464c57b8b7b4970	2026-09-10T01:41:52Z	1	1799	UNSAT	20	uploaded	VERIFIED	i-0ccf0dc6a398156d8	7bd2ab44481266717faf9cd03a489463c2aa40ed473d5c39718854696ffd0946
856b4bd5e8c1edd1	2026-09-08T19:26:11Z	3	1418	UNSAT	20	uploaded	VERIFIED	i-0ccf0dc6a398156d8	b49a3d51820fe6e67a879f8485e8443d5dd48ba61838d9ed20dab54c289a28ad
85e38a710ab3531f	2026-09-07T16:46:21Z	2	862	UNSAT	20	uploaded	VERIFIED	i-0ccf0dc6a398156d8	2317187601634abf0f7059da7061bf61d961f74681b2a8429cc7e01bd4307249
86b9d13e1905ac76	2026-09-07T05:59:28Z	3	1437	UNSAT	20	uploaded	VERIFIED	i-01f0d952483d8f066	990f762a78629567e90503d9c6110d2607be482a2846416288358a55ea53b08f
8723e242d5cccc31	2026-09-06T22:56:14Z	2	1623	UNSAT	20	uploaded	VERIFIED	i-0ccf0dc6a398156d8	75a9efdf9c6b161bdf430c90df903c8b5818888e471664d0fb3a4ac21f4b18a0
87ba3c8294f8f8a3	2026-09-06T20:31:26Z	2	873	UNSAT	20	uploaded	VERIFIED	i-01f0d952483d8f066	5a8f9fe0630a44f7b1b01635e2edc7d309385362578a0c8b5fc67e1e0eb883a4
87caeb212b8dc6bd	2026-09-08T19:17:04Z	1	1851	UNSAT	20	uploaded	VERIFIED	i-01f0d952483d8f066	6167c2f251aed9ec615120cdad9ca24f52d0e3a0415be58520efa4a7c2f5a182
87e3c2cb00d15d78	2026-09-07T19:01:32Z	2	875	UNSAT	20	uploaded	VERIFIED	i-0ccf0dc6a398156d8	2c12ba2128f2caf0ff08aa4ea1b9320ccc3387f982fb352f1f7f7f6adcb79f29
87fea5ef77a5d8b4	2026-09-08T12:04:23Z	2	1637	UNSAT	20	uploaded	VERIFIED	i-01f0d952483d8f066	52cbae8398785a5b8c8d1c6b3843c3dcdc6f3f275d8d42bcb0df981c214bd38f
880ecdf1ff9f715d	2026-09-08T22:48:45Z	1	1853	UNSAT	20	uploaded	VERIFIED	i-01f0d952483d8f066	1e20b667f02b76bf039708126d1f3a442b54032448ffe94c43196605cb627d69
886b48530a4f2e65	2026-09-09T07:56:11Z	3	1452	UNSAT	20	uploaded	VERIFIED	i-0ccf0dc6a398156d8	806a7ca4b6485f4eb637e532b09f2db8353e59594a09768ebad9f24504885d3b
88d3aa85758299ae	2026-09-07T17:35:25Z	4	155	UNSAT	20	uploaded	VERIFIED	i-0ccf0dc6a398156d8	6e9b163dfa4ad2324ae58106ae4094dd8f6260a407012f317e8e3bc438789473
899717533de9fd3a	2026-09-07T23:18:15Z	1	1870	UNSAT	20	uploaded	VERIFIED	i-01f0d952483d8f066	e7ca86646e6cc739b2105b7b82c993fbf4b045ae7fce1f972f90c5b45f9e9cfb
89c79cc95d4545cb	2026-09-09T03:52:14Z	3	1467	UNSAT	20	uploaded	VERIFIED	i-01f0d952483d8f066	18921de7d8f1298e876c36407c31d9f4295703db98cc749fe02f144b74f80336
8a40c65c6b646f9c	2026-09-06T21:22:38Z	2	890	UNKNOWN	0	-	-	i-01f0d952483d8f066	-
8ac21b43362c75c1	2026-09-07T01:44:12Z	2	1676	UNSAT	20	uploaded	VERIFIED	i-01f0d952483d8f066	fa7bf8d8943e9cc0e140c49e2270b76e3141868c63c7523b201e39dbf9d04a38
8b2c56842a3c672c	2026-09-06T22:45:17Z	1	1894	UNSAT	20	uploaded	VERIFIED	i-01f0d952483d8f066	de45522db50d87449914aa14f94b24c10ca4dfeb941493b0f4b8a0eea66f92e6
8b515e4f23cea3ca	2026-09-07T09:25:02Z	2	1683	UNSAT	20	uploaded	VERIFIED	i-0ccf0dc6a398156d8	df944b0f680d083ffb4cae47a6230721f886bf6d910d21c49ba35d940e6b096d
8be00da281663661	2026-09-07T18:57:40Z	3	1487	UNSAT	20	uploaded	VERIFIED	i-01f0d952483d8f066	8558805a164dbaa7f6af57fadedae13e432936bd4df4338fd737b7db4ff51900
8c04c264c34cf1c5	2026-09-08T10:17:45Z	2	1693	UNSAT	20	uploaded	VERIFIED	i-01f0d952483d8f066	be7c1352e4de25cbffdf816e6d254f1c08c539054f3d89651ca7a1bd8207fa2d
8c1fdba3cb6b0c47	2026-09-08T03:08:12Z	1	1906	UNSAT	20	uploaded	VERIFIED	i-0ccf0dc6a398156d8	cc37bad7f907dc1340f638b6c3847dba46ad4dd8f83882d9415f2f9c20008a50
8d9728875d0b2e99	2026-09-07T22:31:01Z	0	481	UNSAT	20	uploaded	VERIFIED	i-0ccf0dc6a398156d8	2ea057373a13388675a6c4be23f1a1df166db2348fdd3c95cfc786a217f0f540
8d9a00d114ecb316	2026-09-09T11:28:34Z	2	1708	UNSAT	20	uploaded	VERIFIED	i-0ccf0dc6a398156d8	e9b68d47727bc2825ac3ab5427b04976f0e32bd799b3337a7cc977fc0626e339
8e99f82dcea66a6b	2026-09-08T05:45:42Z	3	1513	UNSAT	20	uploaded	VERIFIED	i-0ccf0dc6a398156d8	d60dd929c869f0ad0daf29842fcb227fb279d442ccf1d01be1547413d51864d0
8eb50b997486569c	2026-09-08T22:39:43Z	3	1514	UNSAT	20	uploaded	VERIFIED	i-0ccf0dc6a398156d8	d24070d80992a4b7c633463d174d5ca99d4e523abe0b74d067a5d1986d712788
8ebbc34db71e8baf	2026-09-10T03:55:27Z	0	484	UNSAT	20	uploaded	VERIFIED	i-0ccf0dc6a398156d8	6939c14d2c677a26c0368591f23f161da988d9329137bdac0212059ada3fae79
8ec418518644977b	2026-09-08T21:32:36Z	2	1723	UNSAT	20	uploaded	VERIFIED	i-01f0d952483d8f066	1c7fb3dcaf1c51801f8581055b988cdb09f9f3ed102a6191e27aef9e793e54e8
8eda44fa73548e5c	2026-09-06T14:48:56Z	1	1939	UNSAT	20	uploaded	VERIFIED	i-01f0d952483d8f066	757f2499d6ca97384ec10fc46c175857b97ad95c0573e2c29b424a83993fce1b
8fcdaa7aed1d29ec	2026-09-08T03:24:06Z	2	1732	UNSAT	20	uploaded	VERIFIED	i-0ccf0dc6a398156d8	6199c920accca2f2ec96f5ad42965cf2d51dd0e5a409b8cd33e1a71c4c27f047
90834489138c5362	2026-09-08T03:57:08Z	2	1742	UNSAT	20	uploaded	VERIFIED	i-01f0d952483d8f066	fc70d9d0e2b35cd7f77fe6f480fc3d1840f73de3ecda40d51dc82ecea18e1eb5
90ca30dc826d1e8f	2026-09-07T15:45:35Z	2	1747	UNSAT	20	uploaded	VERIFIED	i-01f0d952483d8f066	3f525a4027242f78d204b978e3320684b21c44e3e1cdcdc51eef6c354b9a697f
927654abc36da60a	2026-09-08T20:54:33Z	3	1550	UNSAT	20	uploaded	VERIFIED	i-01f0d952483d8f066	b19b73b84a2a73f6f79bd71a34cf41bdb389725c2fcc6a387601a819d5f3e1a3
940b2f64cad61312	2026-09-08T16:10:33Z	3	1568	UNSAT	20	uploaded	VERIFIED	i-0ccf0dc6a398156d8	36cc0bbcd4e98f70af9f21c4878cf2b1867a12b409c37cd2c5968c2a56c459ec
94216f12987a16fa	2026-09-08T00:27:01Z	1	2014	UNSAT	20	uploaded	VERIFIED	i-01f0d952483d8f066	6ad4d226ead1825ece537e1614100dc6d8bc81f717dd5dd396f4191e70f0ed31
94a466966a8b5f41	2026-09-07T03:33:10Z	1	2023	UNSAT	20	uploaded	VERIFIED	i-0ccf0dc6a398156d8	9318975ed13bc5fa5ca2d16be2bb15432e8399b0f07aafb990d2b46e29a4ba86
94f9550bd2734ef5	2026-09-07T10:59:21Z	3	1583	UNSAT	20	uploaded	VERIFIED	i-01f0d952483d8f066	ce6dec20771b028862c993024449bfe9d113985c1caf9f32e06558fd326b4b9c
96447ffc2a3c6fdb	2026-09-06T19:49:33Z	2	1817	UNSAT	20	uploaded	VERIFIED	i-01f0d952483d8f066	57b1ae1410e10c17aca7930c0413f48b6ab6d5b3444fde455ff9a1e27a5d5cbc
9666588387a87a4d	2026-09-09T00:55:00Z	3	1594	UNSAT	20	uploaded	VERIFIED	i-01f0d952483d8f066	5b6d47026359816c0d578dd717d6e5e1772605be6e03a241dd2290d452efa5cc
968fb9c08384d08e	2026-09-06T17:05:23Z	2	956	UNSAT	20	uploaded	VERIFIED	i-01f0d952483d8f066	b95089643c24912bee38b41da2d1c516e03dc4cfde6d960e3547e45aebcb2e0b
96f9e5740d22390c	2026-09-06T21:08:34Z	2	959	UNSAT	20	uploaded	VERIFIED	i-01f0d952483d8f066	41db0f3e732eca4ca0c3a085015359ef06eacd2bc345bc5b577d55ae216dd54f
9775359d52a7b193	2026-09-08T09:41:08Z	1	2069	UNSAT	20	uploaded	VERIFIED	i-01f0d952483d8f066	fdee050e7d5f1fb47d6cc946dc09f8b5bdac6d913008e2b9e1f710722a8a97db
9863c1c3f193d20b	2026-09-07T05:10:43Z	0	516	UNSAT	20	uploaded	VERIFIED	i-0ccf0dc6a398156d8	cfaae95ad09035f1a5b8c68c7f851306cafafd4bcb64a337c370d8421c2f8629
9879c2612524e609	2026-09-07T00:15:55Z	2	1841	UNKNOWN	0	-	-	i-0ccf0dc6a398156d8	-
98f316cd4f329a75	2026-09-07T09:26:08Z	1	2089	UNSAT	20	uploaded	VERIFIED	i-0ccf0dc6a398156d8	dd1be0c96d1c096a5318af047644d15c2aa06820bbf5ad8d21b4002a62175bd0
999322982b06058f	2026-09-07T14:07:08Z	1	2096	UNSAT	20	uploaded	VERIFIED	i-0ccf0dc6a398156d8	4279720ef679335f31404dbc7d3532639c8231bf29eb06283bfc96b68d5365d3
99d573dfe6f81195	2026-09-08T11:40:11Z	2	971	UNSAT	20	uploaded	VERIFIED	i-0ccf0dc6a398156d8	e8bcb82daa163012a1ba567cc725624f78c2b3153dfceef1dfd7f502b7dcb144
99fc314fda1bb935	2026-09-08T20:07:16Z	2	1864	UNSAT	20	uploaded	VERIFIED	i-01f0d952483d8f066	160a4c9cb5abed1800341a48d05b8cdd87c17dfa56b6e5b149ef2a4f4eb1055f
9a708bda0979260e	2026-09-08T12:22:51Z	3	1638	UNSAT	20	uploaded	VERIFIED	i-0ccf0dc6a398156d8	bc910de1695f5a7aeb64bac829655954c6ba0bcf515cd7514563f30409e903ab
9b03de053b54caa4	2026-09-09T01:57:26Z	1	2121	UNSAT	20	uploaded	VERIFIED	i-01f0d952483d8f066	ebf9720b6fa5850bb841357e51800a0017343ebed3110bf8724b8f64210cc3c5
9cd40043beb72dac	2026-09-07T13:51:55Z	1	2140	UNSAT	20	uploaded	VERIFIED	i-01f0d952483d8f066	b188053869caffc3e95feab3575fc4c96852ec390c96dfa3a07acf2a92feed0c
9ce359f270cd6cc9	2026-09-07T09:55:04Z	2	1900	UNSAT	20	uploaded	VERIFIED	i-01f0d952483d8f066	3fab3652ecf0de0b5731bd1b6af22cd7b580381fa29d2f6bd3afef2f4b5a3716
9cf90f0874366292	2026-09-08T09:44:25Z	2	990	UNSAT	20	uploaded	VERIFIED	i-01f0d952483d8f066	53377c1121650669ee0fa3e70c5abf9262bc5dc03d26dd12af3b68cbe0eb8344
9d4d75c4e4fd553e	2026-09-07T14:00:55Z	2	1907	UNSAT	20	uploaded	VERIFIED	i-0ccf0dc6a398156d8	45941a51222b9dec5f59ddd4cf91e3a9d3dc114420f5616c017852624d48afb3
9d5a3f82267ad76d	2026-09-06T19:50:45Z	2	991	UNSAT	20	uploaded	VERIFIED	i-01f0d952483d8f066	db21dfefff724ab56e2c5c76e94e9743d347c1d1f6f896e3109399afa4db9747
9ddd621b8af21bb6	2026-09-06T19:35:13Z	1	2155	UNSAT	20	uploaded	VERIFIED	i-0ccf0dc6a398156d8	ce04eba2448cab07ff08fbd91b33f7416f4fca799f5237e7c16480d97fa14f3e
9e62fea7e60233de	2026-09-08T11:11:55Z	3	1678	UNSAT	20	uploaded	VERIFIED	i-0ccf0dc6a398156d8	d4e2767e62354ff91ac56d9a328f4fa5f4ee970720d9d7218d4f0fb1406c5f1b
9e88898277ebafab	2026-09-06T22:10:29Z	3	1680	UNSAT	20	uploaded	VERIFIED	i-01f0d952483d8f066	56d13393b44cf254148a63e83771110f7a573615abb8a6a6422066eac1abc662
9f3b794e9c6031a3	2026-09-08T13:23:21Z	1	2168	UNSAT	20	uploaded	VERIFIED	i-0ccf0dc6a398156d8	7470f74b24ea4908bfa94ee35826ac24702fdd8819407f2df8a6e7917778791a
9fb058ddc5563741	2026-09-07T00:53:27Z	0	547	UNSAT	20	uploaded	VERIFIED	i-01f0d952483d8f066	397625293475404f0ed329839178a5d523140a3b2031b1ff1ceb54826290c57d
9fb7e3e62736e267	2026-09-07T18:35:37Z	2	1002	UNSAT	20	uploaded	VERIFIED	i-01f0d952483d8f066	7efbcaac6a124c1c9497b0d74b99649c83e159a04af74cb9240ad184e63bdc64
a064acb1f2c26fed	2026-09-07T01:03:12Z	1	2185	UNSAT	20	uploaded	VERIFIED	i-0ccf0dc6a398156d8	19b49621eaf9922d48a458546c7c21029ea83ef52d125dbb37d7ad666bfad75b
a0a395194451913d	2026-09-09T20:55:56Z	1	2189	UNSAT	20	uploaded	VERIFIED	i-0ccf0dc6a398156d8	7f5bb8877a8be623ff611ebf9bca108854526142379d035944fb31d95eaf7cbc
a0cfd377671b75c7	2026-09-07T09:15:40Z	2	1950	UNSAT	20	uploaded	VERIFIED	i-0ccf0dc6a398156d8	1f364710281d00848ccb5f17a32a4a1b56df86a42e8445186140f1ae0e6597dd
a157e3dcf3f7c41c	2026-09-07T07:45:04Z	3	1707	UNSAT	20	uploaded	VERIFIED	i-0ccf0dc6a398156d8	0efe976e4c079eec5e02c10457f45ded0075ab959694862ea2a32f440ce235c3
a18e59f1e4f95197	2026-09-08T11:57:44Z	0	553	UNSAT	20	uploaded	VERIFIED	i-01f0d952483d8f066	83c7a508c8fb3f1eb55008f0e5fc92a53f9eec238746bdada11fa2a832304273
a25ac9dccbac662a	2026-09-08T00:32:53Z	0	557	UNSAT	20	uploaded	VERIFIED	i-0ccf0dc6a398156d8	30b89350b12a8339bf0fdc47a8645fa984053e12ff7fd283bd8218bac4801d52
a2ddad0ec58ec27c	2026-09-07T16:03:43Z	2	1977	UNSAT	20	uploaded	VERIFIED	i-0ccf0dc6a398156d8	372688d86ff0ac253c747013560b04d9cbfe396bacac23f388daf55956419254
a358aca32621bf78	2026-09-07T14:56:46Z	3	1737	UNSAT	20	uploaded	VERIFIED	i-0ccf0dc6a398156d8	24f19a960f31603356616d3b230d389c0d1bdbff74b1cf117e8c081bc4d8ab36
a3a90e8ed2475a00	2026-09-07T17:39:12Z	3	1738	UNSAT	20	uploaded	VERIFIED	i-01f0d952483d8f066	edb53994b2bd3b3187ffefb0441acef18bc4e878f2a8f34c6a540f2e35e46e83
a3d622801e98e4fa	2026-09-08T06:38:46Z	2	1030	UNSAT	20	uploaded	VERIFIED	i-01f0d952483d8f066	998b0ef5945d886b95774772500821c0ccdf26298a532e394bc59432ef6df12f
a4055fe3d6410b5e	2026-09-08T01:38:23Z	2	1990	UNSAT	20	uploaded	VERIFIED	i-0ccf0dc6a398156d8	41889b126c1b669ce1c400485dc1e8ed0e245cf4514a713ebcf5c0ab176ccd11
a45227914cf248b7	2026-09-07T11:42:49Z	3	1747	UNSAT	20	uploaded	VERIFIED	i-0ccf0dc6a398156d8	1e34e63b5644d9ad83f407fb8fb3fbcc8ca34bcb366f3d669ada2daa97f9d089
a47c1f25ad389097	2026-09-08T00:01:31Z	2	1034	UNSAT	20	uploaded	VERIFIED	i-0ccf0dc6a398156d8	e8cde631d4f32c286ad7ae80cdcbeade2e95b9281586f3bbb154fe22ac57b72d
a48ed15fa93e72a0	2026-09-09T14:58:40Z	2	1997	UNSAT	20	uploaded	VERIFIED	i-0ccf0dc6a398156d8	656418d5897592427ee65f4bbc0303c2dfc30d20af885f00cd89bc9faa7f5019
a54944a9c10ea44a	2026-09-07T04:46:35Z	1	2263	UNSAT	20	uploaded	VERIFIED	i-01f0d952483d8f066	c64fdbf6f3ed5637eb7cf6db2c0f3de1ebcb7d0ac5734416cd97e6bc3354c54f
a708bbb1b3ba4ee8	2026-09-06T18:29:39Z	2	2032	UNSAT	20	uploaded	VERIFIED	i-01f0d952483d8f066	1fd0c11f49a7cdedfe14e9b38a4947217016ce198789ef5bfef265fdb419a420
a75fe61710cc0af9	2026-09-07T07:34:48Z	0	572	UNKNOWN	0	-	-	i-0ccf0dc6a398156d8	-
a782152532234c88	2026-09-08T18:29:11Z	1	2306	UNSAT	20	uploaded	VERIFIED	i-01f0d952483d8f066	60e74a264d516b4aafd06018eccc08e95102d35e32373b8e052757d21492e8fd
a8322288a5f53276	2026-09-07T13:31:38Z	2	1056	UNSAT	20	uploaded	VERIFIED	i-0ccf0dc6a398156d8	6b995c47b55699e3594a9cecb73a0e24fd82c44fcebf1792de6dd5fe2661a60a
a8cc2dd18f59fbea	2026-09-08T14:48:31Z	2	1059	UNSAT	20	uploaded	VERIFIED	i-01f0d952483d8f066	c906d4adb48249a5ad93d2a9d4897ae46ce0acf56cd4fceb6f0a47859f6f1986
a99d82bc2a92ea50	2026-09-06T23:43:18Z	2	2068	UNSAT	20	uploaded	VERIFIED	i-01f0d952483d8f066	04e7cd773dad4376f6e241adc98a8b8d71347ae3a5911bd2632d9220f4c97293
aa5e6dd95d2d30e1	2026-09-08T10:52:25Z	1	2353	UNSAT	20	uploaded	VERIFIED	i-0ccf0dc6a398156d8	bfd060358df608201f98fa0b6a5923bfd9462e2748dfee3b9093d2ac18e835f4
ab0a9f86feeec4ed	2026-09-08T04:20:40Z	2	2088	UNSAT	20	uploaded	VERIFIED	i-0ccf0dc6a398156d8	ac2d53164c3b7726931e1d2d5cf31b097308fe77ae6cc63fe92712cba53d85ae
ab8b10ab1f56b838	2026-09-09T00:28:03Z	2	1077	UNSAT	20	uploaded	VERIFIED	i-0ccf0dc6a398156d8	df77263f8ae27d48ffc1135f1e331f761761f0f7c1a474c4e8f07224bd4805d0
abcb928c5873e410	2026-09-08T02:32:16Z	3	1825	UNSAT	20	uploaded	VERIFIED	i-0ccf0dc6a398156d8	c7876bd8e617cc3c6fbc20a7ca926ad45a25feb27669f751b95565919eba9145
ac65c1b78a90bc10	2026-09-07T17:47:55Z	2	2106	UNSAT	20	uploaded	VERIFIED	i-01f0d952483d8f066	886033dc3a66c7acc392a4fa0591a31e7c008d4c9b6adcd4114bc06b2ce0b3a7
ac978649f9e300cc	2026-09-08T22:20:38Z	2	2112	UNSAT	20	uploaded	VERIFIED	i-0ccf0dc6a398156d8	be228ebb2da158490ff2e381e4ea2b47800673ca0b415c9a018bf84b50bc8381
aca3dbcd1aedbbae	2026-09-07T01:49:16Z	3	1832	UNSAT	20	uploaded	VERIFIED	i-0ccf0dc6a398156d8	1a791aef9b57e5c7906f5c078e1ed490d5da83869ccb53cc88b5f67aaa64233d
ad6199cefe0a1ee5	2026-09-09T03:26:27Z	1	2399	UNSAT	20	uploaded	VERIFIED	i-0ccf0dc6a398156d8	27d5be8e1d40879b4f88c3de4bed566505f702eec533c5898acd789809e716f5
adfac16fb50bcc1e	2026-09-08T13:04:30Z	3	1848	UNSAT	20	uploaded	VERIFIED	i-0ccf0dc6a398156d8	3a8078f0a9a8d8f5d36d84b2dc820fbcc1c4f508f0fd4477bb70a87e381e0ff5
ae4750b404606f59	2026-09-09T14:38:57Z	2	2125	UNSAT	20	uploaded	VERIFIED	i-0ccf0dc6a398156d8	705a434d3b6f8e43a031685b44c518614d2d1edb240464ad2623c77614550215
af55eca148990efa	2026-09-06T22:36:02Z	1	2427	UNSAT	20	uploaded	VERIFIED	i-01f0d952483d8f066	f49d79151fee9c137c77c9e34e6debbaa1d198f673f5e785ae0513a963c9f1ac
afdb7af71316d265	2026-09-09T00:01:04Z	4	205	UNSAT	20	uploaded	VERIFIED	i-0ccf0dc6a398156d8	8f435dbe13c66eaa892b4a090af0d0053a4db086d32f95fdf799af07ab134f56
b0bd374fd460187a	2026-09-07T12:11:07Z	2	2151	UNSAT	20	uploaded	VERIFIED	i-01f0d952483d8f066	5e52f3d06cd45011fd6f7c5eab9b35368fe4edf1fafefa61febf4f33ccc3ecb0
b0defca37fa21783	2026-09-07T06:25:09Z	2	1101	UNSAT	20	uploaded	VERIFIED	i-0ccf0dc6a398156d8	b14fbd1038c2d5f16266c8c631bc3c2fd8f1c30f2d4b5aab88d9bda16156c780
b0f964ce0681aa88	2026-09-07T22:02:28Z	3	1873	UNSAT	20	uploaded	VERIFIED	i-0ccf0dc6a398156d8	3a8fa057ae9aa8c95f1e8f8d47274b2eb4f0bebf86a8493dd76204a13dde779b
b1f0723008da7e29	2026-09-08T07:12:09Z	1	2465	UNKNOWN	0	-	-	i-0ccf0dc6a398156d8	-
b2c3edb8485289ca	2026-09-07T13:01:01Z	1	2475	UNSAT	20	uploaded	VERIFIED	i-01f0d952483d8f066	0a4efa519de36bef99d93f29394dbaa8a41b1867f97a48fdbb21c3817c0d18ac
b2f35bac1abd70ca	2026-09-07T21:42:01Z	2	1115	UNSAT	20	uploaded	VERIFIED	i-0ccf0dc6a398156d8	6f1b16857a9607069187af2d3c3156eefa46ee5027bbc362d23028486f01bdb2
b34865336ae07a90	2026-09-07T11:27:15Z	1	2486	UNSAT	20	uploaded	VERIFIED	i-0ccf0dc6a398156d8	5734dc9db836b46ed0d2a05c412ec641379543a0bd4191ce0bd64f4b1c50be75
b3855c21374aceb6	2026-09-09T04:17:19Z	0	614	UNSAT	20	uploaded	VERIFIED	i-0ccf0dc6a398156d8	d2c4f750adc46ee977b6da7e73506e49c914268eff819acab51f05f98974ca4b
b5136e81da3229ad	2026-09-07T08:10:28Z	1	2507	UNSAT	20	uploaded	VERIFIED	i-01f0d952483d8f066	819391c121dfd78e062177e064a888e19eb274caa6c621281d5565914b0f496e
b542025153b35af6	2026-09-06T23:36:32Z	2	1127	UNSAT	20	uploaded	VERIFIED	i-0ccf0dc6a398156d8	a76b9e34ad5494482fb67b5d2ac4a0b016a4e016e27ca7a5a3515a70dbcc491b
b5b021e70cb89364	2026-09-07T02:20:17Z	2	1133	UNSAT	20	uploaded	VERIFIED	i-01f0d952483d8f066	1810f19b7fbd582de373e99667c5151bb814dc81912bb1fb352b06b47ddd6de1
b60fb3d5a8f0ae45	2026-09-07T03:17:08Z	2	1137	UNSAT	20	uploaded	VERIFIED	i-01f0d952483d8f066	b8f20bf44d0fc43f2693395f578662fa02432569223f7623d6facfdf57006455
b681e93268969573	2026-09-09T01:39:14Z	1	2529	UNSAT	20	uploaded	VERIFIED	i-01f0d952483d8f066	bb13407cd06d9df5543012aade9eaeb97887c43a2e90681cb0fb6427cbec46ab
b68932ca0ae6f80f	2026-09-09T06:39:42Z	3	1919	UNSAT	20	uploaded	VERIFIED	i-0ccf0dc6a398156d8	3024d466dbfd2a80f887609c1765349da12002d1c220a92262c9586bef37a6c1
b6d1c838edfdb518	2026-09-06T23:55:48Z	4	380	UNSAT	20	uploaded	VERIFIED	i-01f0d952483d8f066	94a9e9e3f0952682ddee8c9c944041760afda0b07e87a132316b199b204fe4d9
b728aaa15ddb62c5	2026-09-07T07:10:02Z	2	1144	UNSAT	20	uploaded	VERIFIED	i-01f0d952483d8f066	35f5ac437abfa5722c4fd3153de2bab44f36459def426bb4fdf2823fc8b547bf
b77c9cc30f74909f	2026-09-06T21:27:14Z	3	1932	UNSAT	20	uploaded	VERIFIED	i-0ccf0dc6a398156d8	059211b92e9f67b16ee46142f94c4bcc8895a18032b596dd0acccdc5f73cc58e
b7c1dbc99066d679	2026-09-09T07:26:18Z	3	1936	UNSAT	20	uploaded	VERIFIED	i-0ccf0dc6a398156d8	6834935f9298bdc0c7192e10f3e93df0277f763ca6614a8e16791786186d6632
b81e3dcb0c081c23	2026-09-09T23:04:15Z	1	2548	UNSAT	20	uploaded	VERIFIED	i-0ccf0dc6a398156d8	378cecaf38519aea1a1b5c01f6e5a6ea21fed92e3f8dbff970e2302434a651a4
b82d687ac2e6c28c	2026-09-07T07:03:15Z	3	1942	UNSAT	20	uploaded	VERIFIED	i-0ccf0dc6a398156d8	9212cf0279002442986f90314c672264307ecd4dbe406083ca30e763b4bfa58e
b83cf05a0f74fce1	2026-09-08T22:36:08Z	1	2549	UNSAT	20	uploaded	VERIFIED	i-01f0d952483d8f066	17dc11799bc2bf2185b63dffb3842f03fbc59f88c88206c0bf1b4ebe24e51804
b8ed649eba891c52	2026-09-08T15:58:26Z	2	1162	UNSAT	20	uploaded	VERIFIED	i-0ccf0dc6a398156d8	2e31b6dcbcca87f041376ebfe3f0b4ab34eaf3d7bb4eb1ae3eecfc40fb262775
b925826693078f79	2026-09-08T15:28:25Z	3	1954	UNSAT	20	uploaded	VERIFIED	i-0ccf0dc6a398156d8	3068c4d042660b678b25b25541d7e07420c678dbe23f30b6cf6976bb6f606063
b93b3184348acd3b	2026-09-07T18:31:51Z	2	1168	UNSAT	20	uploaded	VERIFIED	i-01f0d952483d8f066	08584ccfd8b597b27c7cf6eaa6ddf6f406ff04351c0f1b818f1e05924b32aa2d
b9a54047f27204f6	2026-09-08T01:17:45Z	4	387	UNSAT	20	uploaded	VERIFIED	i-0ccf0dc6a398156d8	66d279c2250cd3c5c7c1d3303adff8c324d4a92f696b3f8dcf38dc3958b594dd
ba678a98b097cf9e	2026-09-06T19:52:55Z	0	635	UNSAT	20	uploaded	VERIFIED	i-01f0d952483d8f066	75b1c7e1f05de7899e0665ada13c5b0a397a674f2a0da4e13f98106678d68be5
baca7f3c4418e7b0	2026-09-07T19:03:49Z	2	2285	UNSAT	20	uploaded	VERIFIED	i-01f0d952483d8f066	dd16a06465a3e6f33cfd059038ba77eea9b03f87ac3161a6c5d1424b46287e48
bb593582179ab3ba	2026-09-06T22:30:12Z	1	2609	UNSAT	20	uploaded	VERIFIED	i-01f0d952483d8f066	fdc91d9c39d38f12e85d4f0897557c1c6de470c66898976c61883675d6c4cd70
bc51e114f6ee4bf9	2026-09-06T21:26:23Z	2	2304	UNSAT	20	uploaded	VERIFIED	i-01f0d952483d8f066	c5a96cdd6149520f978b081742f08b37e64c5b8c4ae33f493c35b0ec688072e4
bc6364e4947e9101	2026-09-08T08:40:48Z	1	2621	UNSAT	20	uploaded	VERIFIED	i-0ccf0dc6a398156d8	057edf6c516f537da8082c5580627931e3d3aecb99e78714699a19d4dcc7147e
bcdaf31f9497224e	2026-09-07T09:33:40Z	3	2005	UNSAT	20	uploaded	VERIFIED	i-01f0d952483d8f066	85e7da6660570025ceffdc5da9afae265b036f047cec1bd7be3fa9048cd35ac2
bcf3b7af2f102509	2026-09-07T18:41:48Z	2	1186	UNSAT	20	uploaded	VERIFIED	i-0ccf0dc6a398156d8	fd91d1c3f10def57ed1ee70b3e9570481a378caad7e8c372579669e0c01a14c5
bd313479eefe715a	2026-09-07T00:42:00Z	0	649	UNSAT	20	uploaded	VERIFIED	i-0ccf0dc6a398156d8	6357e174bb4872cdbad2b4998bd29045ef65e46f027427053f57450369b3abfd
be9efd46857c6a02	2026-09-06T21:51:35Z	2	2330	UNSAT	20	uploaded	VERIFIED	i-01f0d952483d8f066	848a5b4dabe7acfa2b99bb1a5d6a92ce82476ef6a8dec5672e5dd4d775785985
bf1684cdbc3baf80	2026-09-08T18:05:28Z	2	2338	UNSAT	20	uploaded	VERIFIED	i-0ccf0dc6a398156d8	cf77214b015ee070d91ad3c17a3dd64794cf3bb1d2f20b40935002137edcb504
bf2c7a24a7af74cf	2026-09-06T20:16:54Z	3	2030	UNSAT	20	uploaded	VERIFIED	i-0ccf0dc6a398156d8	e7e572ba3f56e4c2d996adc16ef94d0366a89ae4d42d12fe629e411f180737eb
bf969f2a63bb67e5	2026-09-08T23:16:23Z	2	1198	UNSAT	20	uploaded	VERIFIED	i-0ccf0dc6a398156d8	fa98231432fd5e8a147c32af3bdde45e0ae23f016101e54369cb36d08e02449b
bfffdfbe9c79b2d6	2026-09-07T21:23:09Z	4	397	UNSAT	20	uploaded	VERIFIED	i-0ccf0dc6a398156d8	b71624599f60d1622c09978cbb43ab521d34be5b02dd3e5d7531a76d8794cfa0
c02e517d1bcd91cf	2026-09-08T20:55:31Z	1	2675	UNSAT	20	uploaded	VERIFIED	i-0ccf0dc6a398156d8	61c841ba69eeb1913b517cdecac3de9b211805e64fe1a422e883bc1303e3b3e9
c196871c71506246	2026-09-06T14:52:45Z	2	1212	UNSAT	20	uploaded	VERIFIED	i-01f0d952483d8f066	f96e1cf06db3420d1a08ef614090326976beeea83b4e2ff3eefc8810ba86566f
c1cbe95154956516	2026-09-07T05:43:37Z	2	2361	UNSAT	20	uploaded	VERIFIED	i-0ccf0dc6a398156d8	7d151ec807b090dff24c8ea1801ffd950097d783897216c6b11a004e7e067ecb
c3b8f5df4cd9c7bc	2026-09-08T03:37:24Z	0	677	UNSAT	20	uploaded	VERIFIED	i-01f0d952483d8f066	1d7875f43f5caf51ddbc3de8a5df5a53e847afcef92bcd0095ac756b94c91020
c47b44eac945ef2a	2026-09-07T08:54:37Z	1	2726	UNSAT	20	uploaded	VERIFIED	i-01f0d952483d8f066	efaf8d458ba1a44ff3fcb7d4aa4994f29f384f1622a3bd64d19d22665063f801
c4c99f977ddc0c6f	2026-09-06T22:44:34Z	2	2392	UNSAT	20	uploaded	VERIFIED	i-01f0d952483d8f066	e8d0736572bbd7144ebc8674606c499c087b13cad90d545931a914afbe5668b1
c5598edf194ed3d9	2026-09-07T06:43:29Z	2	2398	UNSAT	20	uploaded	VERIFIED	i-0ccf0dc6a398156d8	a786dff3fdc1ab7d7afecc071fba844a9e57f5ff2e4843efc7eab172447228a0
c5a302fdb2caa27a	2026-09-08T00:14:14Z	0	680	UNSAT	20	uploaded	VERIFIED	i-0ccf0dc6a398156d8	01269bc9535555f2b19c4f6b5b694112e408660bb54eb9a0bfa83f8624433455
c60ca27979027083	2026-09-07T16:42:07Z	3	2097	UNSAT	20	uploaded	VERIFIED	i-01f0d952483d8f066	8e2dd7af9083901b8491cc1bf4348d0506247a53194e806f41a9514a1f3188b9
c6275a164881424f	2026-09-08T22:33:56Z	0	472	UNKNOWN	0	-	-	i-01f0d952483d8f066	-
c670713f90acf691	2026-09-08T15:43:28Z	1	2758	UNSAT	20	uploaded	VERIFIED	i-01f0d952483d8f066	2c8a5da6052dd3137a2882175b91ed48e2b303cc318de86dc809f70b173ffb90
c6ea57c9c3a70e6d	2026-09-06T19:53:56Z	4	407	UNSAT	20	uploaded	VERIFIED	i-0ccf0dc6a398156d8	0dc085560c2972d7bfa50ff8b4e208d9cf619bca77f6925734ca0be553ae6419
c79b157e0f1d2759	2026-09-07T16:04:00Z	2	2418	UNSAT	20	uploaded	VERIFIED	i-0ccf0dc6a398156d8	1ad95fc57c944b3319450942233e37b0bca3ba694c9f21cee0cebada1ffcda17
c7af2326f793d770	2026-09-06T19:56:31Z	1	2772	UNSAT	20	uploaded	VERIFIED	i-01f0d952483d8f066	d9fc78b79eba1e21667b5b440c2055521565efab0c3ff17ce2180d4293bc586d
c81627ac034b3908	2026-09-09T09:51:50Z	2	2423	UNSAT	20	uploaded	VERIFIED	i-0ccf0dc6a398156d8	b17198d188e7dc8ddfc3e58b217adc5f2db6999e5fae12b73e53c5023209316b
c8397141eacf92ea	2026-09-08T22:48:39Z	0	688	UNSAT	20	uploaded	VERIFIED	i-0ccf0dc6a398156d8	2a7cfcc8780bdb9b9daa192c844c8fc470b9bc625b6b420c3dd5681402b8dcf1
c841cbd1a83ab6b9	2026-09-08T04:28:48Z	2	2426	UNSAT	20	uploaded	VERIFIED	i-0ccf0dc6a398156d8	05b2a5da2a38259c64d46c19b386593fbd842d71c1f7d7f3fe6498858a67748d
c8f44fc81f5273e1	2026-09-08T15:33:29Z	1	2782	UNSAT	20	uploaded	VERIFIED	i-0ccf0dc6a398156d8	ca70800bd98a3fe02bbb1cf92a86349acf73f980adea0da830a6e48e85447207
c93e033ee73f2301	2026-09-09T00:53:56Z	1	2789	UNSAT	20	uploaded	VERIFIED	i-01f0d952483d8f066	4f229787d2e88d11b251def5deae1ccb5f0a64826a84a9e5ff7464d8dc872019
c98c2361826af835	2026-09-07T07:23:04Z	3	2134	UNSAT	20	uploaded	VERIFIED	i-0ccf0dc6a398156d8	b91bd386bbcb1f0692a0a32bb20afbf9d7115165b63de0d6c8937b28aec7c23a
c9efbb9fa0cd590e	2026-09-06T13:42:05Z	2	2440	UNSAT	20	uploaded	VERIFIED	i-01f0d952483d8f066	5387f3af30d335365170dfae6e409c96e64a3099eeda6595b49b722843ebc1ad
caa2f18fae3628c8	2026-09-07T02:16:00Z	1	2811	UNSAT	20	uploaded	VERIFIED	i-01f0d952483d8f066	ed5511756608f5d2dc1273b86942e88ba05c1dc80594d9aa076187b553953370
cb8952c8afae7c91	2026-09-09T15:44:38Z	1	2824	UNSAT	20	uploaded	VERIFIED	i-0ccf0dc6a398156d8	2374d19beb8989522471845424e70f2794f25097e2870ea24bb1057bc8fefcd8
cbb9fffd196d2a64	2026-09-06T22:17:24Z	2	2462	UNSAT	20	uploaded	VERIFIED	i-0ccf0dc6a398156d8	4e4d3729b25f4a239374886d00891bb597a35a8220351aac14d212bb3aa2d79c
cbe13ebe7fc7bef7	2026-09-10T01:09:55Z	1	2828	UNSAT	20	uploaded	VERIFIED	i-0ccf0dc6a398156d8	4a5c97378e4cc0d893f3fe1ca9d8da766048f808e5c4405279d80059fd1d7953
cca6fa7e91ca9e84	2026-09-07T08:59:19Z	3	2160	UNSAT	20	uploaded	VERIFIED	i-01f0d952483d8f066	0600e5e1bd8a5bbdea5fbe8734bec4949bd89b8701b206087414e1ba49d572a3
ccfa9eb525684f83	2026-09-07T11:07:28Z	1	2853	UNSAT	20	uploaded	VERIFIED	i-01f0d952483d8f066	ec6dc617b388a5e2417921a9ff13fedf0d5aad5cea7c9ae365c49b8f32b7a5cb
cd4fa6625d9b89a7	2026-09-08T22:44:13Z	2	2485	UNSAT	20	uploaded	VERIFIED	i-0ccf0dc6a398156d8	9f9eb6e7e70e356ecefd843c5920f2ea04f7a6773d9d847294ff66248169779d
cd938587874c7d88	2026-09-07T10:30:44Z	3	2166	UNSAT	20	uploaded	VERIFIED	i-01f0d952483d8f066	70dca9e0e9dbc42703b9998c57d967a464a420b88d0323ce500d9fd4fdee1002
ce7623b643ba27b8	2026-09-09T12:21:07Z	4	429	UNSAT	20	uploaded	VERIFIED	i-0ccf0dc6a398156d8	815e881edb73c5b4041120353705339039a5fa61ba1c286be7bb2aaf03e0e664
cf79306e563de495	2026-09-07T14:47:08Z	1	2889	UNSAT	20	uploaded	VERIFIED	i-0ccf0dc6a398156d8	5e54d3acb44ad9828a0c5ae2b01fa329b615ae67216482e596691cf8174e6e47
d0135bf9254872a0	2026-09-08T20:40:06Z	1	2895	UNSAT	20	uploaded	VERIFIED	i-0ccf0dc6a398156d8	9519b91f098bc21082c6e8cfaf995b2bb1d05037347bc466ff6c108a953d5510
d03e6f763acc1604	2026-09-06T17:12:23Z	2	1294	UNSAT	20	uploaded	VERIFIED	i-01f0d952483d8f066	b1aa8f3c97e0daef5cba9026f0cab4df90590a101cdf01b73b0eb812e2962d1f
d0b8b287f5c687e7	2026-09-07T20:44:03Z	4	437	UNSAT	20	uploaded	VERIFIED	i-0ccf0dc6a398156d8	616895a5647333d9a5ea7c4ff66f0eb8d18b6945dc68a502d6bf9d81c5dd39d3
d11d7b05163e959d	2026-09-06T16:50:37Z	2	1300	UNSAT	20	uploaded	VERIFIED	i-01f0d952483d8f066	a4db76b14c3696a645a84ae65625ddee6eae3449eb911407be5ccf9c2bce516c
d1509db13a3a4ac5	2026-09-09T01:28:48Z	1	2910	UNSAT	20	uploaded	VERIFIED	i-0ccf0dc6a398156d8	118b25ad5ed5828b4c55e9f55043a3e7b74b3121b18d01a2a89a64f00d87ad48
d1ea40195f3f4290	2026-09-07T18:22:19Z	1	2920	UNSAT	20	uploaded	VERIFIED	i-0ccf0dc6a398156d8	0878c311fe8c706e58c6690ca1712b9ba7540d5672d8ab24a46b053c04f38701
d22c6a5f755df1eb	2026-09-08T02:18:31Z	2	1310	UNSAT	20	uploaded	VERIFIED	i-0ccf0dc6a398156d8	d227db51e15db76cf6ace5c43e05cdf08e1e010673ff9d46b31683de5f40871b
d2649e28bb71e515	2026-09-08T16:50:51Z	2	2551	UNSAT	20	uploaded	VERIFIED	i-0ccf0dc6a398156d8	6607460e6d010f0ce9f1cafc24312db68212771eccb7d9f6d0a35974c0b7c30c
d341cacce53aa985	2026-09-07T04:37:28Z	2	2564	UNSAT	20	uploaded	VERIFIED	i-0ccf0dc6a398156d8	92f1644a786b49729670154cbf108b8eeda938d6c95c81faab08ed083c792830
d39062c638b32dbc	2026-09-08T16:16:50Z	2	2571	UNSAT	20	uploaded	VERIFIED	i-01f0d952483d8f066	5f47fd4bfaff9115d12effbbd195d39e6e506fdfca92386e5b9090a3089d06cd
d3da7aee6486b14f	2026-09-07T14:16:13Z	4	442	UNSAT	20	uploaded	VERIFIED	i-01f0d952483d8f066	c3f5de5ecbfc49ed3c44f20c7e7894a029e03cd86434b3e7b77ab5797b97332d
d3f57fcc0b3fc5f1	2026-09-09T21:40:20Z	3	2238	UNSAT	20	uploaded	VERIFIED	i-0ccf0dc6a398156d8	626c47fe7ea187b892c4b2dc6d2dbde8ea5f37af6f7dd0dae2e55e8442779ce1
d414a99238592575	2026-09-06T13:43:50Z	3	2244	UNSAT	20	uploaded	VERIFIED	i-01f0d952483d8f066	b7a9e4da4a718329e1fe4977d1cdccb63f9359f06a0f291c55093c0824477b6e
d42f30266d7c2971	2026-09-07T00:27:39Z	3	2247	UNSAT	20	uploaded	VERIFIED	i-01f0d952483d8f066	fb986ea07fcc681defc49539aade10b980c47e3bbf751c60cd25bcbc9cbdacae
d4378de89141877d	2026-09-08T18:55:35Z	0	735	UNSAT	20	uploaded	VERIFIED	i-01f0d952483d8f066	aa035713b366704728f23ea8d79ce0a7a6fcb0300f61eb20cd5289511b92a163
d4af1fb4d32aff89	2026-09-08T06:00:18Z	4	446	UNSAT	20	uploaded	VERIFIED	i-01f0d952483d8f066	c9c6dc85900a77626be30682d1d09bceb3f59b34485083b82868c5db3770616d
d4c2d048a29bc8b4	2026-09-08T09:21:46Z	0	506	UNSAT	20	uploaded	VERIFIED	i-01f0d952483d8f066	32dd161957d5de47dc075ee1b531a764bb1c505bdfbefb7b45374e83b5f23b1c
d5731e20f552ea0b	2026-09-08T22:42:49Z	1	2977	UNSAT	20	uploaded	VERIFIED	i-01f0d952483d8f066	5fa133e1dca4a9078497e91ee1cfbb8f808e830cca79b18d601e55eb1929e16b
d5738d9f51a45f15	2026-09-09T11:49:26Z	2	1325	UNSAT	20	uploaded	VERIFIED	i-0ccf0dc6a398156d8	bb82dbbeaf5f9cba3fc0007878b7255f72ff50b32fbc5bfa780f64c8aa3653ae
d60a7bffbc0562b0	2026-09-08T23:45:09Z	4	450	UNSAT	20	uploaded	VERIFIED	i-01f0d952483d8f066	1d06891c19e0872fb303c2d38b7715fee2a216b47f7ea26889c9df14678e3f95
d68e76378e62cc3d	2026-09-08T14:51:00Z	1	2991	UNSAT	20	uploaded	VERIFIED	i-01f0d952483d8f066	ce9a521ca1ac48ed89b203610d466ffd7875a35d775c6878170b305165348dab
d6bf9ba2d5444718	2026-09-07T19:42:24Z	2	1336	UNSAT	20	uploaded	VERIFIED	i-01f0d952483d8f066	5125825b02b4c50c8bbb10a06dd253666c1cb84f8141227137c17ba7a95505b4
d6ff5e2d21288b34	2026-09-09T07:47:19Z	1	3001	UNSAT	20	uploaded	VERIFIED	i-0ccf0dc6a398156d8	5f59c6eccd87f0df1c95286b1781a2b0b948bbae1127ed9bb216f659c83698aa
d7b86612a12e2836	2026-09-07T07:06:58Z	1	3007	UNSAT	20	uploaded	VERIFIED	i-01f0d952483d8f066	0f7ee337cfe48127710f8e986b43aabc377a61089e78be43fe2e2ec2651bdcce
d839cb79bd18c825	2026-09-06T13:24:39Z	1	3016	UNSAT	20	uploaded	VERIFIED	i-01f0d952483d8f066	dcd3f269550f5427abba41dfa1d877cf7d048f01f954dbf21e069fa1d232d97d
d8b904b976742575	2026-09-07T11:37:24Z	2	1351	UNSAT	20	uploaded	VERIFIED	i-01f0d952483d8f066	012de8c6a311668a8cb80917b38c69502707e56eb51fad3ffc56ae4c5f216f46
d8cea5c8726b891f	2026-09-07T00:42:41Z	2	1352	UNSAT	20	uploaded	VERIFIED	i-01f0d952483d8f066	919ec04187c54f6e891efc6d9257daad0291a38ac86a49a92f4dd6bde5a0000e
d8d97e0f7685d1cd	2026-09-06T16:52:38Z	1	3030	UNSAT	20	uploaded	VERIFIED	i-01f0d952483d8f066	b490e93fc6b7364e932dea23dfb206684b5d7762bc2cfa735fc8873c66b6a301
d91b76616859abf2	2026-09-09T17:04:57Z	2	2638	UNSAT	20	uploaded	VERIFIED	i-0ccf0dc6a398156d8	4996a567e8af7508d37d2c97c97d099f7ca1f3d13c5bc5b195c74ce26c333315
da0863ac9954897f	2026-09-09T22:26:01Z	2	2647	UNSAT	20	uploaded	VERIFIED	i-0ccf0dc6a398156d8	a177a57a2366e18b17ff749e0ad20d739d8e95dc7690d4e0675878db1a04d93c
da8640ab030e793b	2026-09-07T18:59:19Z	0	514	UNKNOWN	0	-	-	i-0ccf0dc6a398156d8	-
dad2e9a3c802b294	2026-09-06T19:39:44Z	4	465	UNSAT	20	uploaded	VERIFIED	i-0ccf0dc6a398156d8	71382fa227739692ca3625fad04c7ac392b0899dd93bd9bebc3766fcea075081
db5ba2b1448fc24c	2026-09-09T11:36:07Z	1	3064	UNSAT	20	uploaded	VERIFIED	i-0ccf0dc6a398156d8	6a7056ea087c7f25a41789e7f40cf4c60a1162ed3995d8836b16695711cdc06c
db80733a44f7d34f	2026-09-07T02:10:12Z	2	1372	UNSAT	20	uploaded	VERIFIED	i-0ccf0dc6a398156d8	9f353b9aad08484efdcede51c3e844964307594716adc439016ce5019c12fee1
dba5f307894e764f	2026-09-10T04:51:56Z	2	1376	UNSAT	20	uploaded	VERIFIED	i-0ccf0dc6a398156d8	e1db90b88efdb474f1c17b94442161427933f1980cfe640583220410573d86cc
dbcebc59a0ac3c83	2026-09-06T13:08:33Z	1	3070	UNSAT	20	uploaded	VERIFIED	i-01f0d952483d8f066	c40dadc17e9c0a1a9170d67cd43293eb272403a8224234f6fe64c3b2c0817f18
dbf37f13dd0d2785	2026-09-08T00:32:26Z	0	767	UNSAT	20	uploaded	VERIFIED	i-0ccf0dc6a398156d8	fb27bb6e79f86829c7e114746d8e413dc2ed22e7f0e3a6aa24ccbde3189407f1
dc08e600ebd7e0f0	2026-09-06T21:10:28Z	3	2309	UNSAT	20	uploaded	VERIFIED	i-0ccf0dc6a398156d8	c2cc6a3ef136a7fe947f8bc7ce38d0eb7cfa950f161b1796c99d6647b79d6317
dc2a1cc411a29ba9	2026-09-08T04:09:45Z	3	2313	UNSAT	20	uploaded	VERIFIED	i-0ccf0dc6a398156d8	d1b9cc5259c73dbb6341ad4b397bbe21ddcf29a13d8c40e93ca62169b0af6c04
dd1a718c30bce857	2026-09-07T10:45:30Z	3	2327	UNSAT	20	uploaded	VERIFIED	i-0ccf0dc6a398156d8	d12354b04c4311ce4a764cf7d8ccf34acf9a4d51dd916fd257ac718ff38706c7
dd2ca578e9451350	2026-09-07T20:12:51Z	2	1384	UNSAT	20	uploaded	VERIFIED	i-0ccf0dc6a398156d8	5f091a3ef10cd3f878094b9811ee2e23e8f076523a92780ea82fed711a599c6f
dd77a6fd04e360ba	2026-09-08T07:48:41Z	1	3097	UNSAT	20	uploaded	VERIFIED	i-01f0d952483d8f066	43725c05dd13b32f4a00d238949d9af5990b4cb8b8878df2d526f3093794d378
de07a7c9b5315443	2026-09-07T12:28:25Z	2	1387	UNSAT	20	uploaded	VERIFIED	i-0ccf0dc6a398156d8	df95c3b825c957a1e28f389ba6d776d6855755b5bbfeea8bac50ff647a6f29cc
de17710229b78026	2026-09-06T19:53:53Z	1	3104	UNSAT	20	uploaded	VERIFIED	i-0ccf0dc6a398156d8	5a3fe47590106c64c2e159a482ccbcbcda6f01d1941251c2c2f656627fe3c19b
de4e95e146c217d6	2026-09-09T22:42:33Z	2	2692	UNSAT	20	uploaded	VERIFIED	i-0ccf0dc6a398156d8	29374ebf3e4421b3d0f886ace1137853c5cfc2f1be75015a9ae6637654081b6c
debfc7c8c9fcab16	2026-09-08T01:15:16Z	3	2339	UNSAT	20	uploaded	VERIFIED	i-0ccf0dc6a398156d8	fee79f96df7fac14bcc8b34627943b6cadc31c93fd852d9f6b1f6e36470d46c1
decdfcd2f83169af	2026-09-07T04:44:17Z	2	2703	UNSAT	20	uploaded	VERIFIED	i-0ccf0dc6a398156d8	ba54faf3f6e39ec4f2d588640441dab31582af9be0e76374c244b0f21d0a7c98
df50e0f2e53e0e8b	2026-09-08T23:07:49Z	2	1393	UNSAT	20	uploaded	VERIFIED	i-01f0d952483d8f066	dba76a829e7a87fc8ca35c15af66ae53332481743c75069ee164213ffe15bcfe
e0060c3fc8081b64	2026-09-07T02:20:03Z	3	2355	UNSAT	20	uploaded	VERIFIED	i-0ccf0dc6a398156d8	ef63f13357b6f62cd1e6224f7eb96ad623683d45f9e0cf0ceb4a1fadda18ba0a
e1abc0573bbb2acb	2026-09-06T22:28:29Z	3	2374	UNSAT	20	uploaded	VERIFIED	i-01f0d952483d8f066	d1793b1622446198014ea66b0c6d804c2241317e302b9c8d25ee1fbdd03f9b96
e22f65e8bdc68b7b	2026-09-07T00:57:48Z	3	2380	UNSAT	20	uploaded	VERIFIED	i-01f0d952483d8f066	1cd30d71dc0338dd4f886e2cbc182d02f81fa743ba1f4d0f4cee2f595d689670
e2859083fefb136a	2026-09-07T08:32:56Z	0	786	UNSAT	20	uploaded	VERIFIED	i-01f0d952483d8f066	7122720f53d22346fc9ee439bf37e9a711e91901a0dd8b35247f535460e68b69
e3f817d751c4c0c7	2026-09-09T02:42:36Z	3	2396	UNSAT	20	uploaded	VERIFIED	i-0ccf0dc6a398156d8	e10fc0743cb47aa926b851756d7d1f6226c268358ed19ee7ed61450bd945603e
e4261984fdd3be9d	2026-09-06T21:25:35Z	2	1418	UNSAT	20	uploaded	VERIFIED	i-0ccf0dc6a398156d8	56dbca8574554b955d6901968d35416f9418a62730d9c445835b73670ed5cdb1
e4d098db504f2647	2026-09-07T09:33:08Z	1	3201	UNSAT	20	uploaded	VERIFIED	i-01f0d952483d8f066	791eb55b689fe5b4a08fcd198c9142278f5835b9198bb9c0a680b54713bcb5f9
e4f43f36470f5f1c	2026-09-08T18:21:57Z	2	2773	UNSAT	20	uploaded	VERIFIED	i-0ccf0dc6a398156d8	844c6e3eb00a0111152ee9f58c7ae4b1da3a6ed10affa32340f90e2a7709894c
e50f62a0c99445c0	2026-09-09T09:39:57Z	3	2409	UNSAT	20	uploaded	VERIFIED	i-0ccf0dc6a398156d8	20afeae487ec6b61c95e671b045c2edeeb7355a8cf3b621b83842848a9ae64f5
e553612f63e41c64	2026-09-07T15:54:23Z	2	2776	UNSAT	20	uploaded	VERIFIED	i-0ccf0dc6a398156d8	ad3d3a40136d0a6c90f38f32ed0564c7f0da5afc5809e54f1a1d1325b4b35d80
e55ccf56422053cb	2026-09-06T23:32:17Z	1	3207	UNSAT	20	uploaded	VERIFIED	i-0ccf0dc6a398156d8	d8121ba542a89f8172f392d515dba9d1c7265fb2a7aaab89014741aa17cc5b85
e581742ad4a760b0	2026-09-07T01:59:32Z	3	2416	UNSAT	20	uploaded	VERIFIED	i-0ccf0dc6a398156d8	bdf70cf5519d9d7d59b85e6f8c264115969ca944c293cd41c4e82e52ede138d6
e5a6711be9ae180e	2026-09-06T20:19:33Z	2	2779	UNSAT	20	uploaded	VERIFIED	i-0ccf0dc6a398156d8	717a59ba0b6b383453da8c41a5d1ca8bd01bcef5933e9877a5441627222a9c08
e623f588aaf72934	2026-09-09T23:21:01Z	2	1430	UNSAT	20	uploaded	VERIFIED	i-0ccf0dc6a398156d8	8c386ee04aae8e7040bf5678bf23e5a0dbe001bf73d6578f3cc0b7b8cad0efd0
e63e05d5e0951e21	2026-09-07T07:36:34Z	1	3231	UNSAT	20	uploaded	VERIFIED	i-0ccf0dc6a398156d8	aa398d42ff6958e098d2824c0f28c3b35371c3c24a0ac95e5ca1c1f3be310f88
e6770614d0eb607b	2026-09-07T15:59:01Z	2	2792	UNSAT	20	uploaded	VERIFIED	i-01f0d952483d8f066	ece19ad9209ec332f0db8c43ca40137f36f29bcd6d61d854a2add9210dbb4300
e699ca8bc5c28ad5	2026-09-06T12:49:06Z	2	2795	UNSAT	20	uploaded	VERIFIED	i-01f0d952483d8f066	d5e8c2d32a27fea8a1a9e42e15b82354efcc0ec71ef0827ec3519c4fa2b73ca0
e71f7d1083f1770b	2026-09-08T07:41:07Z	2	1432	UNKNOWN	0	-	-	i-01f0d952483d8f066	-
e76a3bad0b487c68	2026-09-06T14:09:29Z	2	1436	UNSAT	20	uploaded	VERIFIED	i-01f0d952483d8f066	cb813d9180c22c71552181f669561240a008ffea483f1f163e1efeb07f209602
e800003becea9c7d	2026-09-10T01:06:40Z	2	1441	UNSAT	20	uploaded	VERIFIED	i-0ccf0dc6a398156d8	0fdb2904178539f72dc4602c31b9777a7a6087ae47676aad2c6ec61913f30474
e861c977fa74301b	2026-09-09T22:02:59Z	2	1442	UNSAT	20	uploaded	VERIFIED	i-0ccf0dc6a398156d8	08fea9c72fed533055e5f546d5ce7a8f706539354c875ea029031a6d0e63d30b
e8640988d0bcd1a6	2026-09-08T15:14:30Z	2	2822	UNSAT	20	uploaded	VERIFIED	i-01f0d952483d8f066	98f374645c3ef1be3f9299d897c7de61fe7d9a51c98453864e1dee3d9e0eaedb
e91dc83edcb1283a	2026-09-09T05:40:09Z	0	544	UNSAT	20	uploaded	VERIFIED	i-0ccf0dc6a398156d8	4dc77f79f9b62123f801e10c7bd3775ec68280e811fd997be71d2b3a9c9847c4
ea1e12f1752a6841	2026-09-09T05:05:25Z	2	2846	UNSAT	20	uploaded	VERIFIED	i-0ccf0dc6a398156d8	4d69b08287f52fbb9d82a9e8769c9cb6492e6f43497942f9569869b15e3d662d
ea436a198a895d33	2026-09-08T17:47:50Z	0	804	UNSAT	20	uploaded	VERIFIED	i-01f0d952483d8f066	d4a51375c1f681190f34c6a7459caaf1b18aa2aba91475d4d4b713e6232376b6
ea8a7427f6245964	2026-09-07T22:21:32Z	3	2454	UNSAT	20	uploaded	VERIFIED	i-0ccf0dc6a398156d8	e2175fd0f51af0b9eb6819af4f17915f6d35a105acacd1f36c9471e145837e4c
eb761cb9f3fb5d38	2026-09-07T12:14:25Z	0	809	UNSAT	20	uploaded	VERIFIED	i-0ccf0dc6a398156d8	b7ac2b5cc51c02c536599fcd314820920285966483f5e0a95f5d1a39ffe67926
eba132979230f83c	2026-09-07T13:42:17Z	1	3295	UNSAT	20	uploaded	VERIFIED	i-0ccf0dc6a398156d8	cf9a83e059ea6119f36918fd9a3dd7165efd74e99f365df2b7a91793bd881c49
ebc022c7a67e5924	2026-09-07T04:28:54Z	2	2866	UNSAT	20	uploaded	VERIFIED	i-01f0d952483d8f066	f2b320481d90b8f079d6db7bbff14cd0cd5a80535027fd6cf8aaf981d3b27b83
ec1b716b4e151494	2026-09-07T22:26:05Z	1	3307	UNSAT	20	uploaded	VERIFIED	i-0ccf0dc6a398156d8	7e3c99c5346cd6fad9e84c26e3a48a642286a13b995f85c0977315a6a1c82b47
ec20868dd15b83e1	2026-09-07T15:37:49Z	2	1455	UNSAT	20	uploaded	VERIFIED	i-01f0d952483d8f066	17f8a4d617b32d9e8a6bfd2f23c707ab7717b4989d3c6d6e3cf590f6c633d5bd
ececf7983b674799	2026-09-06T21:16:14Z	1	3317	UNSAT	20	uploaded	VERIFIED	i-0ccf0dc6a398156d8	7774cb54423f332c51c4c7240b272601ce39a23311a80f8d5d609d157c67e9e5
ed7fb86c262b8b64	2026-09-07T20:28:52Z	3	2482	UNSAT	20	uploaded	VERIFIED	i-01f0d952483d8f066	afa6629b31403f3b0fa0f727023829c0316d81b02f5c904f0c073897e7d17f79
ed91bc231055d497	2026-09-07T18:04:13Z	2	2887	UNSAT	20	uploaded	VERIFIED	i-0ccf0dc6a398156d8	3e36e8b717293b9aff9d2e583c377c19b78c2eaddf79cfcb033306e2a2715e65
edbf1bd69ddb9fbc	2026-09-08T07:09:36Z	0	817	UNSAT	20	uploaded	VERIFIED	i-01f0d952483d8f066	bf2a0391a71827a685a507000ba4b29e063fa73794be4dfa2b1658b55cbbf296
ef8849aa355b69eb	2026-09-06T21:30:50Z	3	2499	UNSAT	20	uploaded	VERIFIED	i-0ccf0dc6a398156d8	c1700ed402eb808405456fc7a8812d8a8ee261de49ee53d0d86532deeb54f709
efb449b3d51ba110	2026-09-07T18:58:36Z	3	2500	UNSAT	20	uploaded	VERIFIED	i-01f0d952483d8f066	f9e67da47add1c6ee03b355c0b55443e98b9344363388cc84690d42a753e86b2
efd5544dcb7e937f	2026-09-08T09:41:14Z	1	3351	UNSAT	20	uploaded	VERIFIED	i-0ccf0dc6a398156d8	c41c9c8cd99ea00eae086f30bee05c97018695b7aca03e96cc4d0d7daae510eb
f0172305fb30c1f6	2026-09-08T04:17:17Z	1	3353	UNSAT	20	uploaded	VERIFIED	i-0ccf0dc6a398156d8	9fea6bceaad83047e5dfb46ac96e575dec7c7fb5f074c914cfde69ead38ae5a2
f04894f6e042318c	2026-09-06T16:39:33Z	1	3357	UNSAT	20	uploaded	VERIFIED	i-01f0d952483d8f066	1a8c1dcd0c2285314029b223780545a4ce38769c5f88ec42f36ea489e573682d
f098ab1a874c2151	2026-09-07T02:12:16Z	0	564	UNSAT	20	uploaded	VERIFIED	i-0ccf0dc6a398156d8	046ecd33bcdd119662c3ef0e524173a68b2aae9a29fced9221bb3a2d0ab8afdb
f0b02fece86d0509	2026-09-10T00:48:48Z	1	3364	UNSAT	20	uploaded	VERIFIED	i-0ccf0dc6a398156d8	8ed41124995d980def9a786e841cc6d301946b5b0db3faa498714b0cf836414d
f22addc4cb392476	2026-09-07T01:30:55Z	0	570	UNSAT	20	uploaded	VERIFIED	i-0ccf0dc6a398156d8	d9b62a78056b8c895754af2c690582c391a3b08f18fe82f255c9bc8b445ef082
f2c3602b72d33a7d	2026-09-10T02:07:32Z	0	837	UNSAT	20	uploaded	VERIFIED	i-0ccf0dc6a398156d8	085c0652cad40f1c3800c9075cfd40dfda717fb4dfad09c8550adefd98b54ac7
f36a40347fe500d4	2026-09-07T11:09:10Z	2	2959	UNSAT	20	uploaded	VERIFIED	i-0ccf0dc6a398156d8	2978ead3720e88d1b87bd3e024daecdc64032205c91cfaca32f741dd73d438ba
f4ebb9551dee5bbf	2026-09-06T13:07:58Z	2	2970	UNSAT	20	uploaded	VERIFIED	i-01f0d952483d8f066	bea64d42632d62d5114c72dbd84123349af8b302b21d8770fb3eb5392cec5a22
f524e6e70ed92468	2026-09-08T12:30:10Z	4	277	UNSAT	20	uploaded	VERIFIED	i-01f0d952483d8f066	b1b579dba767558583a9dd0f2adce969924f98d9bfc42beb28d60eb8c281b9d8
f639613195cca237	2026-09-07T13:35:04Z	2	1519	UNKNOWN	0	-	-	i-0ccf0dc6a398156d8	-
f7676cc68ae1dbfb	2026-09-08T11:34:08Z	1	3457	UNSAT	20	uploaded	VERIFIED	i-0ccf0dc6a398156d8	d3d3eb9828c11e3ee76ac8be31c7b859803d1b645705ce39569eb893ac291366
f7f72cece0a44678	2026-09-06T21:16:37Z	2	1529	UNSAT	20	uploaded	VERIFIED	i-01f0d952483d8f066	3b1e970d21e830871bab8ad73a48e99374b15c9ab3e6f7a427b75b425bf503d7
f8de38415a9e06b3	2026-09-07T18:53:08Z	2	1532	UNSAT	20	uploaded	VERIFIED	i-0ccf0dc6a398156d8	6dd8b4e26528fd97e4279f59065a4bfd9ea8aa497c8fca507b0c3ab4723bc83a
f9882566e8c2390f	2026-09-09T11:59:37Z	0	854	UNSAT	20	uploaded	VERIFIED	i-0ccf0dc6a398156d8	fd7299eb0cc2e7e2ed870854c5cb25a92df9c809188f72c06a19b73330e1b7c3
f991d1e1dd52a092	2026-09-08T14:33:41Z	2	3031	UNSAT	20	uploaded	VERIFIED	i-0ccf0dc6a398156d8	f3316f7e147168c1d036eb1ce5b50a88b0c66146fc29c92c5fec07663cc6ed38
f9a68dc98ad2c8b6	2026-09-08T01:26:58Z	4	535	UNSAT	20	uploaded	VERIFIED	i-01f0d952483d8f066	83680507d191213e8cdba8ba6a841a68ccde404c75b91933abd88ab9b0ceb58f
f9e118bd526a31aa	2026-09-07T22:18:00Z	2	3035	UNSAT	20	uploaded	VERIFIED	i-0ccf0dc6a398156d8	365a06816651e54cd002d129078c8a9295c94f4e1283bf2c8e6e0306ead3c355
fa46e1cf05933643	2026-09-07T19:12:48Z	2	1543	UNSAT	20	uploaded	VERIFIED	i-0ccf0dc6a398156d8	77d49c0b2f427a5ac78bf849a7cbad9df09a80cb328dc0daa106605ed1395fad
fa50825a300812a8	2026-09-07T03:21:12Z	3	2617	UNSAT	20	uploaded	VERIFIED	i-0ccf0dc6a398156d8	92956f4744f41fafd1ae36578a1bfbf3cc135ad9490e4bd7430959b2b726c661
fa50c5e69485f53a	2026-09-09T08:06:31Z	1	3509	UNSAT	20	uploaded	VERIFIED	i-0ccf0dc6a398156d8	6daa73e237cc38ab026dea7ea2ad068f5b9156cf7076056cdef749e636dc2250
fa6f05635329b360	2026-09-07T21:45:52Z	2	3040	UNSAT	20	uploaded	VERIFIED	i-0ccf0dc6a398156d8	24c0b86b33df297b130bd67800793f41ad3523d17651cbebf42f31a5d1939351
fa986a50974886aa	2026-09-08T02:53:11Z	2	1547	UNSAT	20	uploaded	VERIFIED	i-01f0d952483d8f066	34f262456570fec00944a7ba9c09b251f8c7086f5422d85b51223d162713d5b5
faab4c3f406a399f	2026-09-09T18:37:21Z	1	3518	UNSAT	20	uploaded	VERIFIED	i-0ccf0dc6a398156d8	db69ebc11bd38421e14259e15d0662e0d238abc20ac6d2ca0789531f6b57b7d3
fb3cadc36aa00391	2026-09-07T03:27:12Z	2	3057	UNSAT	20	uploaded	VERIFIED	i-01f0d952483d8f066	6a9189d779e5889834bec8fb43128572c345861f2c54b2b2babd4330b8d786d2
fb5c15698d2683ab	2026-09-07T19:51:14Z	3	2628	UNSAT	20	uploaded	VERIFIED	i-01f0d952483d8f066	9acb8ae55e12b0709a0b3c030d8d2cc1d39ad1a387d1ca43059776a156e4480d
fba0465219acadac	2026-09-06T14:21:09Z	2	3062	UNSAT	20	uploaded	VERIFIED	i-01f0d952483d8f066	f5122b872fe89e24dfbcb744ad6cac918ac680bdcb83c44b5a40a455f2de6eb2
fbac00b55fb61e45	2026-09-08T00:20:19Z	1	3529	UNSAT	20	uploaded	VERIFIED	i-0ccf0dc6a398156d8	6bae8c3258d8c1ef25c433055c23048a6c289f484fbc171afcd157310f93ce04
fbe02c2b02765734	2026-09-09T16:03:36Z	1	3534	UNSAT	20	uploaded	VERIFIED	i-0ccf0dc6a398156d8	ba8b7e5752fbf5d494e48cf5cd729e815998d54fbcebb51e6805c73c00b2d877
fbe7afe2f8b91e9b	2026-09-08T23:36:59Z	1	3535	UNSAT	20	uploaded	VERIFIED	i-01f0d952483d8f066	ae4379add0d4e8c822312aba2839cc9ee1808cd56e0c2cd65e96918389021d23
fc1b805b6a778786	2026-09-09T00:47:18Z	4	543	UNSAT	20	uploaded	VERIFIED	i-0ccf0dc6a398156d8	e5619f69c2d625e5c921aea454e0ffac0e8d5418445d7612b137c49bc97168f3
fcd44ee7ff2f1347	2026-09-06T17:22:37Z	2	3085	UNSAT	20	uploaded	VERIFIED	i-01f0d952483d8f066	5af6e4248abd2d5d875bcad27846f70099e254a931046d5a98113183514ebaae
fd0b4c5087c98999	2026-09-10T01:50:27Z	0	605	UNSAT	20	uploaded	VERIFIED	i-0ccf0dc6a398156d8	bc84d09736de413641abad808d41738a5589f28bcd42ac2f3f1cd2539fce8e98
fd0c9075056d21e1	2026-09-09T05:01:53Z	1	3556	UNSAT	20	uploaded	VERIFIED	i-0ccf0dc6a398156d8	a2112d05edc964b1ddf374372d9a4750afacf0336db8f529c186a68433dc68d7
fd5a977a5ffaa1ea	2026-09-07T18:03:06Z	2	3091	UNSAT	20	uploaded	VERIFIED	i-01f0d952483d8f066	7cb21c127183b3a7f4459ec7c7f4d7add8141c5e2dcfbbc58b2b5e84089a079d
fec9cf176aa91ad1	2026-09-09T19:15:52Z	0	871	UNSAT	20	uploaded	VERIFIED	i-0ccf0dc6a398156d8	c879cb5141f0747695234e7c426d2405155983e1b146ee9c6ccd5a31b35407f3
fecaa82e582d13d7	2026-09-08T23:25:21Z	0	872	UNSAT	20	uploaded	VERIFIED	i-0ccf0dc6a398156d8	a61840555f08fdd7cc57d2618a10d24d28f818be3cb5ac6a8af1c1c450f7454a
ff08fec9fe3eafb0	2026-09-06T23:19:10Z	1	3584	UNSAT	20	uploaded	VERIFIED	i-0ccf0dc6a398156d8	fddecfea512caf978f24105f647988b26e42351abd2f3f3e543652e39bc14435
ff4571c41ae67297	2026-09-08T06:18:46Z	2	1579	UNSAT	20	uploaded	VERIFIED	i-0ccf0dc6a398156d8	943de2aa6b8a2174f163b57baffcb1e11be06e8ffa69d0f7b4b2c3d49bd1efa7
ff74835aa020a586	2026-09-06T13:48:34Z	0	874	UNSAT	20	uploaded	VERIFIED	i-01f0d952483d8f066	3f793f3f6cff8f2ec09d562b6b901f70198de501bfc162cfcada3ecc2ccf8061
ffe6968061adf976	2026-09-08T23:40:40Z	1	3596	UNSAT	20	uploaded	VERIFIED	i-01f0d952483d8f066	36eea7a0c024f9dd1d99830739ec2bb620454826d3e9340a28221aca27bdd443
